/*
SQLyog Community v13.2.0 (64 bit)
MySQL - 10.11.9-MariaDB-log : Database - facilitoy_novo
*********************************************************************
*/

/*!40101 SET NAMES utf8 */;

/*!40101 SET SQL_MODE=''*/;

/*!40014 SET @OLD_UNIQUE_CHECKS=@@UNIQUE_CHECKS, UNIQUE_CHECKS=0 */;
/*!40014 SET @OLD_FOREIGN_KEY_CHECKS=@@FOREIGN_KEY_CHECKS, FOREIGN_KEY_CHECKS=0 */;
/*!40101 SET @OLD_SQL_MODE=@@SQL_MODE, SQL_MODE='NO_AUTO_VALUE_ON_ZERO' */;
/*!40111 SET @OLD_SQL_NOTES=@@SQL_NOTES, SQL_NOTES=0 */;
CREATE DATABASE /*!32312 IF NOT EXISTS*/`facilitoy_novo` /*!40100 DEFAULT CHARACTER SET latin1 COLLATE latin1_swedish_ci */;

USE `facilitoy_novo`;

/*Table structure for table `avaliacoes` */

DROP TABLE IF EXISTS `avaliacoes`;

CREATE TABLE `avaliacoes` (
  `id` bigint(20) unsigned NOT NULL AUTO_INCREMENT,
  `id_pedido` int(11) NOT NULL,
  `id_produto` int(11) NOT NULL,
  `id_cliente` int(11) NOT NULL,
  `id_franqueado` int(11) NOT NULL,
  `classificacao` int(11) DEFAULT NULL,
  `descricao` longtext NOT NULL,
  `created_at` timestamp NULL DEFAULT NULL,
  `updated_at` timestamp NULL DEFAULT NULL,
  `deleted_at` timestamp NULL DEFAULT NULL,
  PRIMARY KEY (`id`)
) ENGINE=InnoDB AUTO_INCREMENT=5 DEFAULT CHARSET=utf8mb4 COLLATE=utf8mb4_unicode_ci;

/*Data for the table `avaliacoes` */

insert  into `avaliacoes`(`id`,`id_pedido`,`id_produto`,`id_cliente`,`id_franqueado`,`classificacao`,`descricao`,`created_at`,`updated_at`,`deleted_at`) values 
(4,57,63,17,1,5,'Nossa Gostei muito','2024-08-22 14:01:48','2024-08-22 14:01:48',NULL);

/*Table structure for table `banners` */

DROP TABLE IF EXISTS `banners`;

CREATE TABLE `banners` (
  `id` bigint(20) unsigned NOT NULL AUTO_INCREMENT,
  `titulo` varchar(255) NOT NULL,
  `ordem` int(11) DEFAULT NULL,
  `id_media_desktop` int(11) DEFAULT NULL,
  `id_media_mobile` int(11) DEFAULT NULL,
  `url` varchar(255) NOT NULL,
  `new_window` enum('sim','nao') NOT NULL DEFAULT 'nao',
  `tipo` enum('banner','pop-up') DEFAULT NULL,
  `status` enum('ativo','inativo') NOT NULL DEFAULT 'inativo',
  `created_at` timestamp NULL DEFAULT NULL,
  `updated_at` timestamp NULL DEFAULT NULL,
  `deleted_at` timestamp NULL DEFAULT NULL,
  PRIMARY KEY (`id`)
) ENGINE=InnoDB AUTO_INCREMENT=5 DEFAULT CHARSET=utf8mb4 COLLATE=utf8mb4_unicode_ci;

/*Data for the table `banners` */

insert  into `banners`(`id`,`titulo`,`ordem`,`id_media_desktop`,`id_media_mobile`,`url`,`new_window`,`tipo`,`status`,`created_at`,`updated_at`,`deleted_at`) values 
(2,'01',1,296,285,'https://facilitrip.dvelopers.com.br','nao','banner','ativo','2024-06-18 14:23:41','2024-09-04 15:45:01',NULL),
(3,'02',2,301,302,'https://facilitrip.dvelopers.com.br/','nao','banner','ativo','2024-07-22 20:26:08','2024-09-26 15:03:41',NULL),
(4,'03',3,305,304,'https://facilitrip.dvelopers.com.br','nao','banner','ativo','2024-09-26 14:57:05','2024-09-26 15:03:52',NULL);

/*Table structure for table `base_conhecimento_categorias` */

DROP TABLE IF EXISTS `base_conhecimento_categorias`;

CREATE TABLE `base_conhecimento_categorias` (
  `id` bigint(20) unsigned NOT NULL AUTO_INCREMENT,
  `titulo` varchar(255) DEFAULT NULL,
  `tipo` enum('toy','trip') NOT NULL DEFAULT 'trip',
  `status` enum('ativo','inativo') NOT NULL,
  `created_at` timestamp NULL DEFAULT NULL,
  `updated_at` timestamp NULL DEFAULT NULL,
  `deleted_at` timestamp NULL DEFAULT NULL,
  PRIMARY KEY (`id`)
) ENGINE=InnoDB DEFAULT CHARSET=utf8mb4 COLLATE=utf8mb4_unicode_ci;

/*Data for the table `base_conhecimento_categorias` */

/*Table structure for table `base_conhecimentos` */

DROP TABLE IF EXISTS `base_conhecimentos`;

CREATE TABLE `base_conhecimentos` (
  `id` bigint(20) unsigned NOT NULL AUTO_INCREMENT,
  `id_categoria` int(11) NOT NULL,
  `titulo` varchar(255) DEFAULT NULL,
  `descricao` longtext DEFAULT NULL,
  `tipo` enum('toy','trip') NOT NULL,
  `status` enum('ativo','inativo') NOT NULL DEFAULT 'ativo',
  `created_at` timestamp NULL DEFAULT NULL,
  `updated_at` timestamp NULL DEFAULT NULL,
  `deleted_at` timestamp NULL DEFAULT NULL,
  PRIMARY KEY (`id`)
) ENGINE=InnoDB DEFAULT CHARSET=utf8mb4 COLLATE=utf8mb4_unicode_ci;

/*Data for the table `base_conhecimentos` */

/*Table structure for table `base_status_pedidos` */

DROP TABLE IF EXISTS `base_status_pedidos`;

CREATE TABLE `base_status_pedidos` (
  `id` bigint(20) unsigned NOT NULL AUTO_INCREMENT,
  `nome` varchar(255) NOT NULL,
  `descricao` varchar(255) DEFAULT NULL,
  `status` enum('ativo','inativo') NOT NULL,
  `created_at` timestamp NULL DEFAULT NULL,
  `updated_at` timestamp NULL DEFAULT NULL,
  `deleted_at` timestamp NULL DEFAULT NULL,
  PRIMARY KEY (`id`)
) ENGINE=InnoDB AUTO_INCREMENT=11 DEFAULT CHARSET=utf8mb4 COLLATE=utf8mb4_unicode_ci;

/*Data for the table `base_status_pedidos` */

insert  into `base_status_pedidos`(`id`,`nome`,`descricao`,`status`,`created_at`,`updated_at`,`deleted_at`) values 
(1,'Em Andamento',NULL,'ativo',NULL,NULL,NULL),
(2,'Aguardando Pagamento',NULL,'ativo',NULL,NULL,NULL),
(3,'Pago',NULL,'ativo',NULL,NULL,NULL),
(4,'Transportadora',NULL,'ativo',NULL,NULL,NULL),
(5,'Transito',NULL,'ativo',NULL,NULL,NULL),
(6,'Entregue',NULL,'ativo',NULL,NULL,NULL),
(7,'Devolvido',NULL,'ativo',NULL,NULL,NULL),
(8,'Avaliado',NULL,'ativo',NULL,NULL,NULL),
(9,'Concluído',NULL,'ativo',NULL,NULL,NULL),
(10,'Cancelado',NULL,'ativo',NULL,NULL,NULL);

/*Table structure for table `carrinhos` */

DROP TABLE IF EXISTS `carrinhos`;

CREATE TABLE `carrinhos` (
  `id` bigint(20) unsigned NOT NULL AUTO_INCREMENT,
  `session_id` varchar(255) NOT NULL,
  `id_cliente` int(11) DEFAULT NULL,
  `id_produto` int(11) DEFAULT NULL,
  `id_franquia` bigint(20) DEFAULT NULL,
  `valor_unitario` decimal(10,2) DEFAULT NULL,
  `qtd` int(11) DEFAULT NULL,
  `valor_total` decimal(10,2) DEFAULT NULL,
  `data_entrega` date DEFAULT NULL,
  `data_devolucao` date DEFAULT NULL,
  `status` varchar(255) NOT NULL,
  `created_at` timestamp NULL DEFAULT NULL,
  `updated_at` timestamp NULL DEFAULT NULL,
  `deleted_at` timestamp NULL DEFAULT NULL,
  PRIMARY KEY (`id`)
) ENGINE=InnoDB AUTO_INCREMENT=339 DEFAULT CHARSET=utf8mb4 COLLATE=utf8mb4_unicode_ci;

/*Data for the table `carrinhos` */

insert  into `carrinhos`(`id`,`session_id`,`id_cliente`,`id_produto`,`id_franquia`,`valor_unitario`,`qtd`,`valor_total`,`data_entrega`,`data_devolucao`,`status`,`created_at`,`updated_at`,`deleted_at`) values 
(296,'Y63RVKN9rTJAN28L6erKDp7zrIQpjHH2iCtr0Zu1',10,12,NULL,100.00,1,100.00,'2024-06-20','2024-06-27','ativo','2024-06-19 14:09:16','2024-06-19 14:11:50',NULL),
(297,'eU2Wda1FnVxYRhUWOFyyvMfDF2LpXNAWtLXAG3Oq',NULL,12,NULL,100.00,1,100.00,'2024-06-19','2024-06-26','ativo','2024-06-19 14:30:50','2024-06-19 14:30:50',NULL),
(298,'5Zbbg06DskeC1BKyVdOTyERKEZcOY5xIGkyQI3w1',1,12,NULL,100.00,1,100.00,'2024-06-19','2024-06-26','ativo','2024-06-19 16:54:35','2024-06-19 16:55:26','2024-06-19 16:55:26'),
(299,'5Zbbg06DskeC1BKyVdOTyERKEZcOY5xIGkyQI3w1',1,12,NULL,100.00,1,100.00,'2024-06-19','2024-06-26','ativo','2024-06-19 16:55:50','2024-06-19 16:55:50',NULL),
(300,'juLGqtsiyFbPpflCEvrE7u3EoMGbCAvBRxi86PpF',10,12,NULL,100.00,1,100.00,'2024-06-19','2024-06-26','ativo','2024-06-19 16:58:18','2024-06-19 17:01:16',NULL),
(301,'eoeZBYeVOhP9e62h8p8Mma8pxRK8gUuptuzu5htU',11,12,NULL,100.00,1,100.00,'2024-06-19','2024-06-26','ativo','2024-06-19 18:45:06','2024-06-19 18:45:06',NULL),
(302,'QORmvj1buA1rMoY3fVooDIZgMsMbnRm1ATUYQQ9d',11,14,NULL,1050.00,5,5250.00,'2024-06-19','2024-06-26','ativo','2024-06-19 19:57:48','2024-06-19 19:57:48',NULL),
(303,'XvcrGsE5yP2GLQhBIc9cAdBF1jcI51t6eOJ77XIk',11,12,NULL,100.00,1,100.00,'2024-06-20','2024-06-27','ativo','2024-06-20 14:49:41','2024-06-20 14:50:09',NULL),
(304,'5wg7WpQyOkczrP6S1anymcFV7gY0qdTG1E3xlBgx',NULL,12,NULL,100.00,1,100.00,'2024-06-21','2024-06-28','ativo','2024-06-21 13:25:17','2024-06-21 13:25:17',NULL),
(305,'5wg7WpQyOkczrP6S1anymcFV7gY0qdTG1E3xlBgx',NULL,12,NULL,700.00,1,700.00,'2024-06-22','2024-06-29','ativo','2024-06-21 13:36:21','2024-06-21 13:36:21',NULL),
(306,'IsYtUIGFJdLqROnLogPHQ7lQKCowHvrHPxxAhLRH',NULL,20,NULL,700.00,1,700.00,'2024-07-03','2024-07-10','ativo','2024-07-01 17:49:05','2024-07-01 17:49:05',NULL),
(307,'BA3RiUGXjactKQyEN2Ltu5tk2lNNDpBjpu5uF0A2',1,14,NULL,1400.00,1,1400.00,'2024-07-11','2024-07-25','ativo','2024-07-03 20:40:46','2024-07-03 20:40:46',NULL),
(308,'n3Mqr0qC8qXdrp4KFc6tB55BPJQp9uV2Si4793Om',NULL,14,NULL,600.00,1,600.00,'2024-07-17','2024-07-23','ativo','2024-07-12 15:27:07','2024-07-12 15:27:07',NULL),
(309,'xcvRHOr31SPgfvuYU1dDhCztJB84KrzHrV66GiB2',NULL,51,NULL,0.00,1,0.00,'2024-07-16','2024-07-16','ativo','2024-07-16 20:36:31','2024-07-16 20:36:31',NULL),
(310,'us44omfw2BBdMcXQc0L8EWy0F2ZTjCfHUu5w2yNj',NULL,51,NULL,0.00,1,0.00,'2024-07-17','2024-07-17','ativo','2024-07-17 11:53:56','2024-07-17 12:22:10','2024-07-17 12:22:10'),
(311,'us44omfw2BBdMcXQc0L8EWy0F2ZTjCfHUu5w2yNj',NULL,41,NULL,700.00,1,700.00,'2024-07-17','2024-07-24','ativo','2024-07-17 12:21:56','2024-07-17 12:21:56',NULL),
(312,'5KIHB2f6XcAbmawVSwRqV9TZo3uiYaaKInuYs092',15,56,NULL,105.00,1,105.00,'2024-07-26','2024-07-29','ativo','2024-07-26 18:27:27','2024-07-26 18:27:51','2024-07-26 18:27:51'),
(313,'5KIHB2f6XcAbmawVSwRqV9TZo3uiYaaKInuYs092',15,56,NULL,105.00,1,105.00,'2024-07-26','2024-07-29','ativo','2024-07-26 18:27:45','2024-07-26 18:28:38','2024-07-26 18:28:38'),
(314,'5KIHB2f6XcAbmawVSwRqV9TZo3uiYaaKInuYs092',15,56,NULL,105.00,1,105.00,'2024-07-26','2024-07-29','ativo','2024-07-26 18:28:30','2024-07-26 18:28:30',NULL),
(315,'CHIgXGS6DtOAX69E2019Hlg23TzcdpuBf0WlnF2H',NULL,61,NULL,87.00,1,87.00,'2024-07-30','2024-07-30','ativo','2024-07-30 12:53:55','2024-07-30 12:53:55',NULL),
(316,'Y9nF29yxBt083RsORKKfA76syfNEeYMmTcRoDkd6',NULL,56,NULL,105.00,1,105.00,'2024-07-30','2024-07-30','ativo','2024-07-30 19:32:15','2024-07-30 19:32:15',NULL),
(317,'evost43y0RCdHzyzpWFvzNCNOaYG35JehG69mR9f',17,63,1,203.00,1,203.00,'2024-08-22','2024-08-29','ativo','2024-08-22 13:57:10','2024-08-22 13:58:19',NULL),
(318,'85pWA8DjBnRrsnxPetnnCuV5gFT7YqQ32PwVzazy',15,56,2,105.00,1,105.00,'2024-08-28','2024-08-28','ativo','2024-08-28 14:31:40','2024-08-28 14:31:52','2024-08-28 14:31:52'),
(319,'vRtBhTHfCWklo76vtllXgR0BLWktM9UQSqs7ARHd',13,56,2,294.00,1,294.00,'2024-08-31','2024-09-12','ativo','2024-08-30 19:24:24','2024-08-30 19:24:24',NULL),
(320,'emhVfgTCxZBwGGJZfHaCPlSUTjDbpqJR1nTH79ZP',NULL,66,2,70.00,1,70.00,'2024-09-16','2024-09-26','ativo','2024-09-16 19:34:39','2024-09-16 19:34:39',NULL),
(321,'LNofAnQSspbYSQevNUfzqbljoK5VuU9TOL7IX2Gz',18,62,2,225.00,1,225.00,'2024-09-17','2024-09-26','ativo','2024-09-16 19:34:44','2024-09-16 19:50:35','2024-09-16 19:50:35'),
(322,'lVpvEP8M6D0xseWc6jEucPsjvxghghV34WUeVNOp',19,75,2,171.50,1,171.50,'2024-09-16','2024-09-23','ativo','2024-09-16 19:38:23','2024-09-17 15:46:13','2024-09-17 15:46:13'),
(323,'nFvRVwlTnjUJjgmF55ZgcAgYF7y7zNgtRVUHWpZ2',NULL,56,2,980.00,1,980.00,'2024-09-18','2024-10-16','ativo','2024-09-16 19:48:15','2024-09-16 19:48:15',NULL),
(324,'emhVfgTCxZBwGGJZfHaCPlSUTjDbpqJR1nTH79ZP',NULL,69,2,864.00,1,864.00,'2024-09-16','2024-10-22','ativo','2024-09-16 19:49:32','2024-09-16 19:49:32',NULL),
(325,'LNofAnQSspbYSQevNUfzqbljoK5VuU9TOL7IX2Gz',18,56,2,350.00,1,350.00,'2024-09-16','2024-09-26','ativo','2024-09-16 19:55:02','2024-09-16 19:55:02',NULL),
(326,'blJHkujb6tfLtBEkqw3hjMaAMBPo8kCUcRy0Es2A',15,56,2,280.00,1,280.00,'2024-09-17','2024-09-25','ativo','2024-09-17 17:33:40','2024-09-17 18:15:32','2024-09-17 18:15:32'),
(327,'fi5sBvJ1tbSkhGhpuYF0W4RL9zNHezBXWeX3HYDj',19,56,2,280.00,1,280.00,'2024-09-17','2024-09-25','ativo','2024-09-17 18:29:25','2024-09-17 19:48:31','2024-09-17 19:48:31'),
(328,'uM1CAnVJieL2gv7u9WKdRlrjn577fMZKGN6jtS5O',19,56,2,280.00,1,280.00,'2024-09-19','2024-09-27','ativo','2024-09-19 12:52:01','2024-09-19 12:55:48',NULL),
(329,'MnFT6wj6jf4apF2Dd5aQ1avhx50URh1DdfbayumJ',NULL,56,2,350.00,1,350.00,'2024-09-20','2024-09-30','ativo','2024-09-20 14:56:10','2024-09-20 14:56:10',NULL),
(330,'CwtrMgiIKbjK0FDOqPS3Lhrw1d3SLSCRdzUOiwnr',NULL,61,2,142.10,1,142.10,'2024-09-26','2024-10-03','ativo','2024-09-25 15:26:15','2024-09-25 15:26:15',NULL),
(331,'CwtrMgiIKbjK0FDOqPS3Lhrw1d3SLSCRdzUOiwnr',NULL,70,2,24.50,1,24.50,'2024-09-26','2024-10-03','ativo','2024-09-25 15:26:15','2024-09-25 15:26:15',NULL),
(332,'tE1ipHS1KrXP6ZQfm4PrO4E75ZaTewZ710pw6bXH',NULL,66,2,50.00,1,50.00,'2024-09-25','2024-09-30','ativo','2024-09-25 23:07:43','2024-09-25 23:07:43',NULL),
(333,'Hh9cmxIs5OFjxKspJ1yXMQ5RucyY1wK87B1HOzkF',15,56,2,140.00,1,140.00,'2024-09-26','2024-09-30','ativo','2024-09-26 12:09:36','2024-09-26 12:25:56','2024-09-26 12:25:56'),
(334,'KBDV0i6WJyclFIRxE6oZpQ2sSzMwBP4AjabnLnhi',NULL,56,2,105.00,1,105.00,'2024-10-11','2024-10-14','ativo','2024-10-10 18:26:34','2024-10-10 18:26:34',NULL),
(335,'KBDV0i6WJyclFIRxE6oZpQ2sSzMwBP4AjabnLnhi',NULL,56,2,105.00,1,105.00,'2024-10-11','2024-10-12','ativo','2024-10-10 18:32:03','2024-10-10 18:32:10','2024-10-10 18:32:10'),
(336,'hoUtY2zvUKBoBgmB2Utt7qZgif1Axkq0VqgJjCea',23,56,2,105.00,1,105.00,'2024-10-11','2024-10-14','ativo','2024-10-10 19:38:10','2024-10-10 19:51:39','2024-10-10 19:51:39'),
(337,'v9pPkAVkHVHLquUHltXRBrJAMdmCYDxB017oZWxl',NULL,67,2,30.00,1,30.00,'2024-10-11','2024-10-14','ativo','2024-10-10 20:29:21','2024-10-10 20:29:21',NULL),
(338,'lPABJ7ljAsxeYqr9Nw3RKQQQ6YUMTi4XzAOewqTE',24,61,2,87.00,1,87.00,'2024-10-14','2024-10-15','ativo','2024-10-14 12:59:17','2024-10-14 13:00:00',NULL);

/*Table structure for table `cep_bloqueados` */

DROP TABLE IF EXISTS `cep_bloqueados`;

CREATE TABLE `cep_bloqueados` (
  `id` bigint(20) NOT NULL AUTO_INCREMENT,
  `id_franquia` bigint(20) NOT NULL,
  `cep` varchar(255) DEFAULT NULL,
  `endereco` varchar(255) DEFAULT NULL,
  `bairro` varchar(255) DEFAULT NULL,
  `cidade` varchar(255) DEFAULT NULL,
  `estado` varchar(255) DEFAULT NULL,
  `pais` varchar(255) DEFAULT NULL,
  `status` enum('ativo','inativo') DEFAULT NULL,
  `created_at` timestamp NOT NULL DEFAULT current_timestamp() ON UPDATE current_timestamp(),
  `updated_at` timestamp NULL DEFAULT NULL,
  PRIMARY KEY (`id`)
) ENGINE=InnoDB AUTO_INCREMENT=3 DEFAULT CHARSET=latin1 COLLATE=latin1_swedish_ci;

/*Data for the table `cep_bloqueados` */

/*Table structure for table `configuracoes` */

DROP TABLE IF EXISTS `configuracoes`;

CREATE TABLE `configuracoes` (
  `id` bigint(20) unsigned NOT NULL AUTO_INCREMENT,
  `id_franqueado` int(11) DEFAULT NULL,
  `titulo` varchar(255) DEFAULT NULL,
  `tipo_franqueado` enum('trip','toy') DEFAULT NULL,
  `value` varchar(255) DEFAULT NULL,
  `param` varchar(255) DEFAULT NULL,
  `created_at` timestamp NULL DEFAULT NULL,
  `updated_at` timestamp NULL DEFAULT NULL,
  `deleted_at` timestamp NULL DEFAULT NULL,
  PRIMARY KEY (`id`)
) ENGINE=InnoDB AUTO_INCREMENT=8 DEFAULT CHARSET=utf8mb4 COLLATE=utf8mb4_unicode_ci;

/*Data for the table `configuracoes` */

insert  into `configuracoes`(`id`,`id_franqueado`,`titulo`,`tipo_franqueado`,`value`,`param`,`created_at`,`updated_at`,`deleted_at`) values 
(1,1,'Mínimo de Dias para Aluguel','trip','3','dias_minimo','2024-07-05 20:12:42','2024-07-05 20:12:42',NULL),
(2,NULL,'Instagram','trip','facili.trip','instagram','2024-07-22 17:13:22','2024-09-18 12:01:33',NULL),
(3,NULL,'Endereço Matriz','trip','Rua: Artur de Almeida, 88 - Vila Mariana - São Paulo - SP','endereco-matriz','2024-07-22 17:14:12','2024-09-30 17:10:22',NULL),
(4,NULL,'WhatsApp','trip','11 91602-1020','whatsapp','2024-07-25 18:01:06','2024-09-18 12:01:45',NULL),
(5,1,'mensagem retirar loja','trip','Olá eu selecionei a opção de retirada em loja gostaria de conversar para escolher a unidade de entrega e devolução','mensagem-retirar-loja','2024-07-25 18:52:30','2024-08-22 13:50:34','2024-08-22 13:50:34'),
(6,NULL,'Tik Tok','trip','@facilitrip','tik-tok','2024-09-04 20:12:15','2024-09-18 12:02:48',NULL),
(7,NULL,'YouTube','trip','@facilitripAluguel','youtube','2024-09-04 20:12:56','2024-09-18 12:03:07',NULL);

/*Table structure for table `cupons` */

DROP TABLE IF EXISTS `cupons`;

CREATE TABLE `cupons` (
  `id` bigint(20) unsigned NOT NULL AUTO_INCREMENT,
  `codigo` varchar(255) NOT NULL,
  `tipo` enum('porcentagem','real') NOT NULL,
  `modalidade` enum('frete','produtos') NOT NULL,
  `qtd` int(11) NOT NULL,
  `valor` decimal(10,2) NOT NULL,
  `valor_minimo` decimal(10,2) NOT NULL,
  `status` enum('ativo','inativo') NOT NULL DEFAULT 'inativo',
  `created_at` timestamp NULL DEFAULT NULL,
  `updated_at` timestamp NULL DEFAULT NULL,
  `deleted_at` timestamp NULL DEFAULT NULL,
  PRIMARY KEY (`id`)
) ENGINE=InnoDB AUTO_INCREMENT=2 DEFAULT CHARSET=utf8mb4 COLLATE=utf8mb4_unicode_ci;

/*Data for the table `cupons` */

/*Table structure for table `dados_clientes` */

DROP TABLE IF EXISTS `dados_clientes`;

CREATE TABLE `dados_clientes` (
  `id` bigint(20) unsigned NOT NULL AUTO_INCREMENT,
  `id_user` bigint(20) unsigned NOT NULL,
  `cpf` varchar(255) DEFAULT NULL,
  `cnpj` varchar(255) DEFAULT NULL,
  `data_nascimento` date DEFAULT NULL,
  `celular` varchar(255) DEFAULT NULL,
  `telefone` varchar(255) DEFAULT NULL,
  `cep` varchar(255) DEFAULT NULL,
  `endereco` varchar(255) DEFAULT NULL,
  `numero` int(11) DEFAULT NULL,
  `complemento` varchar(255) DEFAULT NULL,
  `bairro` varchar(255) DEFAULT NULL,
  `cidade` varchar(255) DEFAULT NULL,
  `estado` varchar(255) DEFAULT NULL,
  `pais` varchar(255) DEFAULT NULL,
  `status` enum('ativo','inativo','removido') NOT NULL DEFAULT 'ativo',
  `id_gateway` varchar(255) DEFAULT NULL,
  `created_at` timestamp NULL DEFAULT NULL,
  `updated_at` timestamp NULL DEFAULT NULL,
  `deleted_at` timestamp NULL DEFAULT NULL,
  PRIMARY KEY (`id`),
  KEY `dados_clientes_id_user_foreign` (`id_user`),
  CONSTRAINT `dados_clientes_id_user_foreign` FOREIGN KEY (`id_user`) REFERENCES `users` (`id`) ON DELETE CASCADE
) ENGINE=InnoDB AUTO_INCREMENT=22 DEFAULT CHARSET=utf8mb4 COLLATE=utf8mb4_unicode_ci;

/*Data for the table `dados_clientes` */

insert  into `dados_clientes`(`id`,`id_user`,`cpf`,`cnpj`,`data_nascimento`,`celular`,`telefone`,`cep`,`endereco`,`numero`,`complemento`,`bairro`,`cidade`,`estado`,`pais`,`status`,`id_gateway`,`created_at`,`updated_at`,`deleted_at`) values 
(8,10,'936.128.704-40',NULL,'1982-01-04','(71) 98285-4874',NULL,NULL,NULL,NULL,NULL,NULL,NULL,NULL,NULL,'ativo','cus_gd0N00UJaFgON9XW','2024-06-19 14:11:50','2024-06-19 14:11:50',NULL),
(9,11,'230.204.958-65',NULL,'2002-11-14','(12) 99605-9443',NULL,NULL,NULL,NULL,NULL,NULL,NULL,NULL,NULL,'ativo',NULL,'2024-06-19 18:42:50','2024-06-19 18:42:50',NULL),
(10,13,'111.111.111-11',NULL,'2004-07-08','(12) 22222-2222','(12) 22222-2222',NULL,NULL,NULL,NULL,NULL,NULL,NULL,NULL,'ativo',NULL,'2024-07-03 20:45:28','2024-07-03 20:45:28',NULL),
(11,17,'501.174.948-79',NULL,'2004-07-08','(12) 98877-4303','(12) 98877-4303',NULL,NULL,NULL,NULL,NULL,NULL,NULL,NULL,'ativo',NULL,'2024-08-22 13:58:19','2024-08-22 13:58:19',NULL),
(12,18,'279.365.658-50',NULL,'1980-02-15','(11) 99555-3995',NULL,NULL,NULL,NULL,NULL,NULL,NULL,NULL,NULL,'ativo',NULL,'2024-09-16 19:39:03','2024-09-16 19:39:03',NULL),
(13,19,'144.425.337-92',NULL,'1991-01-17','(22) 99835-7013',NULL,NULL,NULL,NULL,NULL,NULL,NULL,NULL,NULL,'ativo',NULL,'2024-09-16 19:46:45','2024-09-16 19:46:45',NULL),
(14,20,'307.172.620-14',NULL,NULL,'(12) 2222-2222',NULL,NULL,NULL,NULL,NULL,NULL,NULL,NULL,NULL,'ativo',NULL,'2024-09-17 20:00:45','2024-09-17 20:01:35',NULL),
(15,15,'',NULL,'0000-00-00','',NULL,NULL,NULL,NULL,NULL,NULL,NULL,NULL,NULL,'ativo','','2024-06-19 14:11:50','2024-06-19 14:11:50',NULL),
(17,12,'',NULL,'0000-00-00','',NULL,NULL,NULL,NULL,NULL,NULL,NULL,NULL,NULL,'ativo','','2024-06-19 14:11:50','2024-06-19 14:11:50',NULL),
(18,21,NULL,NULL,NULL,NULL,NULL,NULL,NULL,NULL,NULL,NULL,NULL,NULL,NULL,'ativo',NULL,'2024-09-17 20:33:30','2024-09-17 20:33:30',NULL),
(19,22,NULL,NULL,NULL,NULL,NULL,NULL,NULL,NULL,NULL,NULL,NULL,NULL,NULL,'ativo',NULL,'2024-09-30 17:02:11','2024-09-30 17:02:11',NULL),
(20,23,'145.363.477-04',NULL,'1996-04-30','(21) 99527-0594',NULL,NULL,NULL,NULL,NULL,NULL,NULL,NULL,NULL,'ativo','cus_M9PnqYetpOt2nwGL','2024-10-10 19:36:20','2024-10-10 19:50:39',NULL),
(21,24,'405.873.508-22',NULL,'1999-06-14','(12) 98853-0318',NULL,NULL,NULL,NULL,NULL,NULL,NULL,NULL,NULL,'ativo','cus_PGQl5jEhLheM9z8e','2024-10-14 13:00:00','2024-10-14 13:01:13',NULL);

/*Table structure for table `depoimentos` */

DROP TABLE IF EXISTS `depoimentos`;

CREATE TABLE `depoimentos` (
  `id` bigint(20) unsigned NOT NULL AUTO_INCREMENT,
  `id_foto` int(11) DEFAULT NULL,
  `texto` longtext NOT NULL,
  `tipo_franqueado` enum('toy','trip') NOT NULL DEFAULT 'trip',
  `status` enum('ativo','inativo') NOT NULL DEFAULT 'inativo',
  `created_at` timestamp NULL DEFAULT NULL,
  `updated_at` timestamp NULL DEFAULT NULL,
  `deleted_at` timestamp NULL DEFAULT NULL,
  PRIMARY KEY (`id`)
) ENGINE=InnoDB AUTO_INCREMENT=9 DEFAULT CHARSET=utf8mb4 COLLATE=utf8mb4_unicode_ci;

/*Data for the table `depoimentos` */

insert  into `depoimentos`(`id`,`id_foto`,`texto`,`tipo_franqueado`,`status`,`created_at`,`updated_at`,`deleted_at`) values 
(1,306,'<p>\"O carrinho que alugamos na Facilitrip facilitou muito nosso dia a dia, principalmente nas saídas com o bebê, pois o que eu tinha além de ser bem mais bruto, ocupava muito espaço no carro para transportar. Já o da Facilitrip, conseguimos guardar com facilidade, e fica bem mais compacto, otimizando lugar na nossa mala. Além, de ter um designer super bonito também. Amamos!!\"</p><p><b>- Ana Menezes</b></p>','trip','ativo','2024-06-14 17:06:31','2024-09-26 15:08:46',NULL),
(2,307,'<p>\"Alugamos a cadeirinha de alimentação e o berço para levar para nossa viagem em família e foi incrível! A cadeira facilitou na hora das refeições pois um sempre tinha que comer depois pra poder segurar a Nick e o bercinho, sem palavras, estava preocupada dela cair da cama durante as noites no hotel, e com bercinho não tivemos problema.&nbsp; Sou apaixonada na Facilitrip!\"</p><p><b>- Karine Costa</b><br><br></p>','trip','ativo','2024-06-14 17:12:08','2024-09-26 15:11:02',NULL),
(3,NULL,'<p>\"Foi a primeira vez que aluguei brinquedos para uma viagem, e foi uma escolha incrível.\"</p><p><b>- Sandra B</b></p>','toy','ativo','2024-06-14 17:13:21','2024-09-13 20:42:45','2024-09-13 20:42:45'),
(4,NULL,'<p>\"Super recomendo a Facilitrip, alugamos um carrinho de bebê e uma cadeirinha de carro para nossa viagem e ficamos muito satisfeitos com a qualidade e o atendimento. Excelente serviço!\"</p><p><b>- Beatriz K.</b></p>','trip','ativo','2024-06-14 17:14:21','2024-09-26 15:08:53','2024-09-26 15:08:53'),
(5,NULL,'<p>\"Aluguei brinquedos para meus filhos e eles se divertiram o tempo todo, e isso tornou nossa viagem muito mais agradável.\"</p><p><b>- Mariana S.</b></p>','toy','ativo','2024-06-14 17:15:57','2024-09-13 20:42:55','2024-09-13 20:42:55'),
(6,308,'<p>\"Há alguns dias, aluguei um carrinho de passeio para levar na viagem com meu pequeno e não poderia estar mais grata por ter conhecido a Facilitrip! Imagina se eu tivesse que carregar ele no colo durante todo o percurso? ? Gostei muito!\"<br><br><b>- Alana C.</b><br></p>','trip','ativo','2024-09-26 17:49:21','2024-09-26 19:00:01',NULL),
(7,309,'<p>\"Aluguei um bercinho com a Facilitrip e ajudou muito as nossas noites durante a viagem em família. Foi sensacional. Recebi tudo higienizado e foi muito fácil de montar! Adorei.\"<br><br><b>- Taiane F.</b><br></p>','trip','ativo','2024-09-26 18:23:26','2024-09-26 18:24:08',NULL),
(8,311,'<p>\"Aluguei o Carrinho para facilitar nossos passeios e foi incrível! Chegou bem higienizado e embalado. Melhor empresa de locação de acessórios para bebês, super indico.\"</p><p><b>- Carol M.</b></p>','trip','ativo','2024-09-26 19:07:56','2024-09-26 19:08:29',NULL);

/*Table structure for table `duvidas_frequentes` */

DROP TABLE IF EXISTS `duvidas_frequentes`;

CREATE TABLE `duvidas_frequentes` (
  `id` bigint(20) unsigned NOT NULL AUTO_INCREMENT,
  `pergunta` varchar(255) NOT NULL,
  `resposta` longtext NOT NULL,
  `tipo_franqueado` enum('toy','trip') NOT NULL DEFAULT 'trip',
  `status` enum('ativo','inativo') NOT NULL DEFAULT 'inativo',
  `created_at` timestamp NULL DEFAULT NULL,
  `updated_at` timestamp NULL DEFAULT NULL,
  `deleted_at` timestamp NULL DEFAULT NULL,
  PRIMARY KEY (`id`)
) ENGINE=InnoDB AUTO_INCREMENT=8 DEFAULT CHARSET=utf8mb4 COLLATE=utf8mb4_unicode_ci;

/*Data for the table `duvidas_frequentes` */

insert  into `duvidas_frequentes`(`id`,`pergunta`,`resposta`,`tipo_franqueado`,`status`,`created_at`,`updated_at`,`deleted_at`) values 
(3,'Vocês fazem entrega e retirada?','<p><span class=\"OYPEnA font-feature-liga-off font-feature-clig-off font-feature-calt-off text-decoration-none text-strikethrough-none\" style=\"font-kerning: none;\">Fazemos sim! Entre em contato conosco para verificar se atendemos sua região.</span><br></p>','trip','ativo','2024-06-14 17:19:25','2024-09-18 19:38:17',NULL),
(4,'Vocês possuem loja física?','<p><span class=\"OYPEnA font-feature-liga-off font-feature-clig-off font-feature-calt-off text-decoration-none text-strikethrough-none\" style=\"font-kerning: none;\">Sim, temos uma loja física em São Paulo e diversos pontos de distribuição espalhados pelo país.</span><br></p>','trip','ativo','2024-06-14 17:22:05','2024-09-18 19:39:54',NULL),
(5,'O que acontece se algum item quebrar?','<span class=\"OYPEnA font-feature-liga-off font-feature-clig-off font-feature-calt-off text-decoration-none text-strikethrough-none\" style=\"font-kerning: none;\">Selecionamos as melhores marcas, que oferecem assistência técnica para garantir a durabilidade e a melhor experiência. Entretanto, imprevistos podem ocorrer, e na maioria das vezes, conseguimos solucionar com pequenos reparos.</span>','trip','ativo','2024-06-14 17:27:06','2024-09-18 19:39:09',NULL),
(6,'Posso alugar somente por um dia?','<p><span class=\"OYPEnA font-feature-liga-off font-feature-clig-off font-feature-calt-off text-decoration-none text-strikethrough-none\" style=\"font-kerning: none;\">Sim, é possível alugar por apenas um dia, mas cobramos o valor mínimo de 3 diárias para cobrir os custos de manutenção e higienização.</span><br></p>','trip','ativo','2024-06-14 17:27:30','2024-09-18 19:40:18',NULL),
(7,'E como funciona a entrega?','<p><span class=\"OYPEnA font-feature-liga-off font-feature-clig-off font-feature-calt-off text-decoration-none text-strikethrough-none\" style=\"font-kerning: none;\">A cobrança da entrega é feita conforme sua localização. Para saber os valores e prazos, entre em contato conosco agora!</span><br></p>','trip','ativo','2024-06-14 17:28:59','2024-09-18 19:39:32',NULL);

/*Table structure for table `enderecos` */

DROP TABLE IF EXISTS `enderecos`;

CREATE TABLE `enderecos` (
  `id` bigint(20) unsigned NOT NULL AUTO_INCREMENT,
  `id_user` bigint(20) DEFAULT NULL,
  `session_id` varchar(255) DEFAULT NULL,
  `apelido` varchar(255) DEFAULT NULL,
  `cep` varchar(255) DEFAULT NULL,
  `endereco` varchar(255) DEFAULT NULL,
  `numero` int(11) DEFAULT NULL,
  `complemento` varchar(255) DEFAULT NULL,
  `bairro` varchar(255) DEFAULT NULL,
  `cidade` varchar(255) DEFAULT NULL,
  `estado` varchar(255) DEFAULT NULL,
  `pais` varchar(255) DEFAULT NULL,
  `status` enum('ativo','inativo') NOT NULL DEFAULT 'ativo',
  `tipo` enum('temporario','fixo') DEFAULT NULL,
  `created_at` timestamp NULL DEFAULT NULL,
  `updated_at` timestamp NULL DEFAULT NULL,
  `deleted_at` timestamp NULL DEFAULT NULL,
  PRIMARY KEY (`id`)
) ENGINE=InnoDB AUTO_INCREMENT=31 DEFAULT CHARSET=utf8mb4 COLLATE=utf8mb4_unicode_ci;

/*Data for the table `enderecos` */

insert  into `enderecos`(`id`,`id_user`,`session_id`,`apelido`,`cep`,`endereco`,`numero`,`complemento`,`bairro`,`cidade`,`estado`,`pais`,`status`,`tipo`,`created_at`,`updated_at`,`deleted_at`) values 
(9,1,'BA3RiUGXjactKQyEN2Ltu5tk2lNNDpBjpu5uF0A2','trabalho','12227-853','Rua Paulo Liberato Cursino',44,NULL,'Residencial São Francisco','São José dos Campos','SP','BR','ativo','temporario','2024-07-03 20:42:29','2024-07-03 20:42:59',NULL),
(10,13,NULL,'Casa','12227-853','Rua Paulo Liberato Cursino',44,NULL,'Residencial São Francisco','São José dos Campos','SP','BR','ativo',NULL,'2024-07-03 20:45:41','2024-07-03 20:45:41',NULL),
(11,NULL,'xcvRHOr31SPgfvuYU1dDhCztJB84KrzHrV66GiB2',NULL,'01002-020','Viaduto do Chá',NULL,NULL,'Centro','São Paulo','SP','BR','ativo','temporario','2024-07-16 20:36:44','2024-07-16 20:36:44',NULL),
(12,1,NULL,'casa','12227-853','Rua Paulo Liberato Cursino',198,NULL,'Residencial São Francisco','São José dos Campos','SP','BR','ativo',NULL,'2024-08-22 13:32:09','2024-08-22 13:32:09',NULL),
(13,1,NULL,'casa','12227-853','Rua Paulo Liberato Cursino',198,NULL,'Residencial São Francisco','São José dos Campos','SP','BR','ativo',NULL,'2024-08-22 13:32:58','2024-08-22 13:32:58',NULL),
(14,10,NULL,'casa','12227-853','Rua Paulo Liberato Cursino',198,NULL,'Residencial São Francisco','São José dos Campos','SP','BR','ativo',NULL,'2024-08-22 13:33:32','2024-08-22 13:33:32',NULL),
(15,17,'evost43y0RCdHzyzpWFvzNCNOaYG35JehG69mR9f',NULL,'12227-853','Rua Paulo Liberato Cursino',NULL,NULL,'Residencial São Francisco','São José dos Campos','SP','BR','ativo','temporario','2024-08-22 13:57:43','2024-08-22 13:58:19',NULL),
(16,NULL,'emhVfgTCxZBwGGJZfHaCPlSUTjDbpqJR1nTH79ZP',NULL,'04016-032','Rua França Pinto',NULL,NULL,'Vila Mariana','São Paulo','SP','BR','ativo','temporario','2024-09-16 19:37:01','2024-09-16 19:37:01',NULL),
(17,18,'LNofAnQSspbYSQevNUfzqbljoK5VuU9TOL7IX2Gz','Casa','01552-000','Avenida Dom Pedro I',773,'Bloco 03 apto 03','Vila Monumento','São Paulo','SP','BR','ativo','temporario','2024-09-16 19:37:19','2024-09-16 19:55:24','2024-09-16 19:55:24'),
(18,19,'lVpvEP8M6D0xseWc6jEucPsjvxghghV34WUeVNOp','Tata','04016-003','Rua França Pinto',4,NULL,'Vila Mariana','São Paulo','SP','BR','ativo','temporario','2024-09-16 19:45:56','2024-09-17 18:29:50','2024-09-17 18:29:50'),
(19,18,'LNofAnQSspbYSQevNUfzqbljoK5VuU9TOL7IX2Gz','Casa','01552-000','Avenida Dom Pedro I',773,'Bloco','Vila Monumento','São Paulo','SP','BR','ativo','temporario','2024-09-16 19:55:24','2024-09-16 19:56:24',NULL),
(20,15,'blJHkujb6tfLtBEkqw3hjMaAMBPo8kCUcRy0Es2A',NULL,'04016-003','Rua França Pinto',NULL,NULL,'Vila Mariana','São Paulo','SP','BR','ativo','temporario','2024-09-17 17:58:23','2024-09-17 18:13:58','2024-09-17 18:13:58'),
(21,15,'fi5sBvJ1tbSkhGhpuYF0W4RL9zNHezBXWeX3HYDj',NULL,'04016-003','Rua França Pinto',NULL,NULL,'Vila Mariana','São Paulo','SP','BR','ativo','temporario','2024-09-17 18:14:54','2024-09-26 12:11:10','2024-09-26 12:11:10'),
(22,19,'fi5sBvJ1tbSkhGhpuYF0W4RL9zNHezBXWeX3HYDj',NULL,'04016-003','Rua França Pinto',NULL,NULL,'Vila Mariana','São Paulo','SP','BR','ativo','temporario','2024-09-17 18:29:50','2024-09-17 19:01:41','2024-09-17 19:01:41'),
(23,19,'fi5sBvJ1tbSkhGhpuYF0W4RL9zNHezBXWeX3HYDj',NULL,'04016-003','Rua França Pinto',NULL,NULL,'Vila Mariana','São Paulo','SP','BR','ativo','temporario','2024-09-17 19:04:37','2024-09-17 19:04:37',NULL),
(24,19,'uM1CAnVJieL2gv7u9WKdRlrjn577fMZKGN6jtS5O',NULL,'04016-032','Rua França Pinto',NULL,NULL,'Vila Mariana','São Paulo','SP','BR','ativo','temporario','2024-09-19 12:52:35','2024-09-19 12:55:48',NULL),
(25,15,'Hh9cmxIs5OFjxKspJ1yXMQ5RucyY1wK87B1HOzkF',NULL,'04011-080','Rua Artur de Almeida',NULL,NULL,'Vila Mariana','São Paulo','SP','BR','ativo','temporario','2024-09-26 12:11:10','2024-09-26 12:11:10',NULL),
(26,NULL,'KBDV0i6WJyclFIRxE6oZpQ2sSzMwBP4AjabnLnhi',NULL,'03081-003','Rua Tuiuti',NULL,NULL,'Tatuapé','São Paulo','SP','BR','ativo','temporario','2024-10-10 18:27:39','2024-10-10 18:27:39',NULL),
(27,NULL,'KBDV0i6WJyclFIRxE6oZpQ2sSzMwBP4AjabnLnhi',NULL,'03081-003','Rua Tuiuti',NULL,NULL,'Tatuapé','São Paulo','SP','BR','ativo','temporario','2024-10-10 18:32:56','2024-10-10 18:32:56',NULL),
(28,NULL,'KBDV0i6WJyclFIRxE6oZpQ2sSzMwBP4AjabnLnhi',NULL,'03081-003','Rua Tuiuti',NULL,NULL,'Tatuapé','São Paulo','SP','BR','ativo','temporario','2024-10-10 18:34:10','2024-10-10 18:34:10',NULL),
(29,23,'hoUtY2zvUKBoBgmB2Utt7qZgif1Axkq0VqgJjCea','Casa','03081-003','Rua Tuiuti',22,NULL,'Tatuapé','São Paulo','SP','BR','ativo','temporario','2024-10-10 19:38:47','2024-10-10 19:39:19',NULL),
(30,24,NULL,'Casa','12233-593','Avenida Salinas',2445,NULL,'Bosque dos Eucaliptos','São José dos Campos','SP','BR','ativo',NULL,'2024-10-14 13:00:30','2024-10-14 13:00:30',NULL);

/*Table structure for table `entrega_pedido` */

DROP TABLE IF EXISTS `entrega_pedido`;

CREATE TABLE `entrega_pedido` (
  `id` bigint(20) unsigned NOT NULL AUTO_INCREMENT,
  `id_pedido` bigint(20) unsigned NOT NULL,
  `id_itens_pedido` bigint(20) unsigned NOT NULL,
  `id_item_estoque` bigint(20) DEFAULT NULL,
  `data_entrega` date NOT NULL,
  `data_devolucao` date NOT NULL,
  `hora_entrega_de` time DEFAULT NULL,
  `hora_entrega_ate` time DEFAULT NULL,
  `hora_devolucao_de` time DEFAULT NULL,
  `hora_devolucao_ate` time DEFAULT NULL,
  `status` enum('ativo','inativo') NOT NULL DEFAULT 'ativo',
  `created_at` timestamp NULL DEFAULT NULL,
  `updated_at` timestamp NULL DEFAULT NULL,
  `deleted_at` timestamp NULL DEFAULT NULL,
  PRIMARY KEY (`id`),
  KEY `entrega_pedido_id_pedido_foreign` (`id_pedido`),
  KEY `entrega_pedido_id_itens_pedido_foreign` (`id_itens_pedido`),
  CONSTRAINT `entrega_pedido_id_itens_pedido_foreign` FOREIGN KEY (`id_itens_pedido`) REFERENCES `itens_pedido` (`id`) ON DELETE CASCADE ON UPDATE CASCADE,
  CONSTRAINT `entrega_pedido_id_pedido_foreign` FOREIGN KEY (`id_pedido`) REFERENCES `pedidos` (`id`) ON DELETE CASCADE ON UPDATE CASCADE
) ENGINE=InnoDB AUTO_INCREMENT=77 DEFAULT CHARSET=utf8mb4 COLLATE=utf8mb4_unicode_ci;

/*Data for the table `entrega_pedido` */

insert  into `entrega_pedido`(`id`,`id_pedido`,`id_itens_pedido`,`id_item_estoque`,`data_entrega`,`data_devolucao`,`hora_entrega_de`,`hora_entrega_ate`,`hora_devolucao_de`,`hora_devolucao_ate`,`status`,`created_at`,`updated_at`,`deleted_at`) values 
(59,59,59,NULL,'2024-09-16','2024-09-26',NULL,NULL,NULL,NULL,'ativo','2024-09-16 19:37:01','2024-09-16 19:37:01',NULL),
(60,60,60,NULL,'2024-09-17','2024-09-26',NULL,NULL,NULL,NULL,'ativo','2024-09-16 19:37:19','2024-09-16 19:37:19',NULL),
(61,61,61,NULL,'2024-09-16','2024-09-23',NULL,NULL,NULL,NULL,'ativo','2024-09-16 19:45:56','2024-09-16 19:45:56',NULL),
(62,62,62,NULL,'2024-09-16','2024-09-26',NULL,NULL,NULL,NULL,'ativo','2024-09-16 19:55:24','2024-09-16 19:55:24',NULL),
(63,63,63,NULL,'2024-09-17','2024-09-25',NULL,NULL,NULL,NULL,'ativo','2024-09-17 17:58:23','2024-09-17 17:58:23',NULL),
(64,64,64,NULL,'2024-09-17','2024-09-25',NULL,NULL,NULL,NULL,'ativo','2024-09-17 18:14:33','2024-09-17 18:14:33',NULL),
(65,65,65,NULL,'2024-09-17','2024-09-25',NULL,NULL,NULL,NULL,'ativo','2024-09-17 18:14:54','2024-09-17 18:14:54',NULL),
(66,66,66,NULL,'2024-09-17','2024-09-25',NULL,NULL,NULL,NULL,'ativo','2024-09-17 18:29:50','2024-09-17 18:29:50',NULL),
(67,67,67,NULL,'2024-09-17','2024-09-25',NULL,NULL,NULL,NULL,'ativo','2024-09-17 19:04:37','2024-09-17 19:04:37',NULL),
(68,68,68,NULL,'2024-09-19','2024-09-27',NULL,NULL,NULL,NULL,'ativo','2024-09-19 12:52:35','2024-09-19 12:52:35',NULL),
(69,69,69,NULL,'2024-09-25','2024-09-30',NULL,NULL,NULL,NULL,'ativo','2024-09-25 23:08:05','2024-09-25 23:08:05',NULL),
(70,70,70,NULL,'2024-09-26','2024-09-30',NULL,NULL,NULL,NULL,'ativo','2024-09-26 12:11:10','2024-09-26 12:11:10',NULL),
(71,71,71,NULL,'2024-09-30','2024-10-07',NULL,NULL,NULL,NULL,'ativo','2024-09-30 16:23:27','2024-09-30 16:23:27',NULL),
(72,72,72,NULL,'2024-10-11','2024-10-14',NULL,NULL,NULL,NULL,'ativo','2024-10-10 18:27:39','2024-10-10 18:27:39',NULL),
(73,73,73,NULL,'2024-10-11','2024-10-14',NULL,NULL,NULL,NULL,'ativo','2024-10-10 18:32:56','2024-10-10 18:32:56',NULL),
(74,74,74,NULL,'2024-10-11','2024-10-14',NULL,NULL,NULL,NULL,'ativo','2024-10-10 18:34:10','2024-10-10 18:34:10',NULL),
(75,75,75,NULL,'2024-10-11','2024-10-14',NULL,NULL,NULL,NULL,'ativo','2024-10-10 19:38:47','2024-10-10 19:38:47',NULL),
(76,76,76,NULL,'2024-10-14','2024-10-15',NULL,NULL,NULL,NULL,'ativo','2024-10-14 12:59:21','2024-10-14 12:59:21',NULL);

/*Table structure for table `estoques` */

DROP TABLE IF EXISTS `estoques`;

CREATE TABLE `estoques` (
  `id` bigint(20) unsigned NOT NULL AUTO_INCREMENT,
  `id_produto` int(11) NOT NULL,
  `id_franqueado` varchar(255) NOT NULL,
  `qtd` int(11) DEFAULT NULL,
  `codigo` varchar(255) DEFAULT NULL,
  `status` enum('Indisponível','Disponível','Manutenção') DEFAULT NULL,
  `created_at` timestamp NULL DEFAULT NULL,
  `updated_at` timestamp NULL DEFAULT NULL,
  `deleted_at` timestamp NULL DEFAULT NULL,
  PRIMARY KEY (`id`)
) ENGINE=InnoDB AUTO_INCREMENT=77 DEFAULT CHARSET=utf8mb4 COLLATE=utf8mb4_unicode_ci;

/*Data for the table `estoques` */

insert  into `estoques`(`id`,`id_produto`,`id_franqueado`,`qtd`,`codigo`,`status`,`created_at`,`updated_at`,`deleted_at`) values 
(7,14,'1',NULL,'CBL_001','Disponível',NULL,'2024-06-26 19:32:46','2024-06-26 19:32:46'),
(8,12,'1',NULL,'CBL_002','Disponível',NULL,'2024-06-26 19:32:49','2024-06-26 19:32:49'),
(9,13,'1',NULL,'ABC_001','Disponível',NULL,'2024-06-26 19:32:52','2024-06-26 19:32:52'),
(10,13,'1',NULL,'ABC_002','Disponível',NULL,'2024-06-26 19:32:54','2024-06-26 19:32:54'),
(11,13,'1',NULL,'ABC_003','Disponível',NULL,'2024-06-26 19:32:56','2024-06-26 19:32:56'),
(12,13,'1',NULL,'ABC_004','Disponível',NULL,'2024-06-26 19:32:59','2024-06-26 19:32:59'),
(13,13,'1',NULL,'ABC_005','Disponível',NULL,'2024-06-26 19:33:02','2024-06-26 19:33:02'),
(14,14,'1',NULL,'ABC_006_001','Disponível',NULL,'2024-06-19 19:51:35','2024-06-19 19:51:35'),
(15,14,'1',NULL,'ABC_006_002','Disponível',NULL,'2024-06-19 19:51:39','2024-06-19 19:51:39'),
(16,14,'1',NULL,'ABC_006_003','Disponível',NULL,'2024-06-19 19:51:42','2024-06-19 19:51:42'),
(17,14,'1',NULL,'ABC_006_004','Disponível',NULL,'2024-06-19 19:51:46','2024-06-19 19:51:46'),
(18,14,'1',NULL,'ABC_006_005','Disponível',NULL,'2024-06-19 19:51:49','2024-06-19 19:51:49'),
(19,14,'1',NULL,'AAA_001','Disponível',NULL,'2024-06-21 19:19:36','2024-06-21 19:19:36'),
(20,14,'1',NULL,'AAA_002','Disponível',NULL,'2024-06-21 19:19:39','2024-06-21 19:19:39'),
(21,14,'1',NULL,'AAA_003','Disponível',NULL,'2024-06-21 19:19:43','2024-06-21 19:19:43'),
(22,14,'1',NULL,'BAN_001','Disponível',NULL,'2024-07-19 18:28:22','2024-07-19 18:28:22'),
(23,14,'1',NULL,'BAN_002','Disponível',NULL,'2024-07-19 18:28:43','2024-07-19 18:28:43'),
(24,14,'1',NULL,'BAN_003','Disponível',NULL,'2024-07-19 18:28:48','2024-07-19 18:28:48'),
(25,15,'1',NULL,'BAN2_001','Disponível',NULL,'2024-07-19 18:28:51','2024-07-19 18:28:51'),
(26,19,'1',NULL,'BAN3_001','Disponível',NULL,'2024-07-19 18:28:55','2024-07-19 18:28:55'),
(27,20,'1',NULL,'SAF_001','Disponível',NULL,'2024-07-19 18:28:59','2024-07-19 18:28:59'),
(28,21,'1',NULL,'CONEC_001','Disponível',NULL,'2024-07-19 18:29:03','2024-07-19 18:29:03'),
(29,22,'1',NULL,'STR_001','Disponível',NULL,'2024-07-19 18:29:06','2024-07-19 18:29:06'),
(30,25,'1',NULL,'CB_001','Disponível',NULL,'2024-07-19 18:29:20','2024-07-19 18:29:20'),
(31,26,'1',NULL,'CNP_001','Disponível',NULL,'2024-07-19 18:29:24','2024-07-19 18:29:24'),
(32,27,'1',NULL,'CTS_001','Disponível',NULL,'2024-07-19 18:29:27','2024-07-19 18:29:27'),
(33,28,'1',NULL,'CBG_001','Disponível',NULL,'2024-07-19 18:29:30','2024-07-19 18:29:30'),
(34,29,'1',NULL,'IMA_001','Disponível',NULL,'2024-07-19 18:29:34','2024-07-19 18:29:34'),
(35,32,'1',NULL,'CAB_001','Disponível',NULL,'2024-07-19 18:29:37','2024-07-19 18:29:37'),
(36,33,'1',NULL,'CAS_001','Disponível',NULL,'2024-07-19 18:29:40','2024-07-19 18:29:40'),
(37,34,'1',NULL,'CAT_001','Disponível',NULL,'2024-07-19 18:29:43','2024-07-19 18:29:43'),
(38,35,'1',NULL,'BCC_001','Disponível',NULL,'2024-07-19 18:29:47','2024-07-19 18:29:47'),
(39,36,'1',NULL,'CAV_001','Disponível',NULL,'2024-07-19 18:31:08','2024-07-19 18:31:08'),
(40,37,'1',NULL,'BCG_001','Disponível',NULL,'2024-07-19 18:31:12','2024-07-19 18:31:12'),
(41,38,'1',NULL,'BCI_001','Disponível',NULL,'2024-07-19 18:31:15','2024-07-19 18:31:15'),
(42,39,'1',NULL,'CTC_001','Disponível',NULL,'2024-07-19 18:31:20','2024-07-19 18:31:20'),
(43,40,'1',NULL,'CAI_001','Disponível',NULL,'2024-07-19 18:31:24','2024-07-19 18:31:24'),
(44,41,'1',NULL,'BPC_001','Disponível',NULL,'2024-07-19 18:31:27','2024-07-19 18:31:27'),
(45,42,'1',NULL,'CPI_001','Disponível',NULL,'2024-07-19 18:31:31','2024-07-19 18:31:31'),
(46,43,'1',NULL,'CSB_001','Disponível',NULL,'2024-07-19 18:31:35','2024-07-19 18:31:35'),
(47,44,'1',NULL,'BPM_001','Disponível',NULL,'2024-07-19 18:31:42','2024-07-19 18:31:42'),
(48,45,'1',NULL,'BPV_001','Disponível',NULL,'2024-07-19 18:31:45','2024-07-19 18:31:45'),
(49,46,'1',NULL,'BPB_001','Disponível',NULL,'2024-07-19 18:31:49','2024-07-19 18:31:49'),
(50,47,'1',NULL,'MBP_001','Disponível',NULL,'2024-07-19 18:31:53','2024-07-19 18:31:53'),
(51,48,'1',NULL,'BTP_001','Disponível',NULL,'2024-07-19 18:31:57','2024-07-19 18:31:57'),
(52,50,'1',NULL,'CBE_001','Disponível',NULL,'2024-07-19 18:32:00','2024-07-19 18:32:00'),
(53,51,'2',NULL,'001_001','Disponível',NULL,'2024-07-19 18:32:04','2024-07-19 18:32:04'),
(54,51,'1',NULL,'0001_001','Disponível',NULL,'2024-07-19 18:32:07','2024-07-19 18:32:07'),
(55,56,'2',NULL,'SP.CP.01','Disponível',NULL,'2024-07-24 13:14:33','2024-07-24 13:14:33'),
(56,61,'2',NULL,'SP.CP.02','Disponível',NULL,'2024-07-24 13:14:39','2024-07-24 13:14:39'),
(57,62,'2',NULL,'SP.CP.03','Disponível',NULL,'2024-07-24 13:14:45','2024-07-24 13:14:45'),
(58,56,'2',NULL,'SP.CP.01_001','Disponível',NULL,NULL,NULL),
(59,61,'2',NULL,'SP.CP.02_001','Disponível',NULL,NULL,NULL),
(60,62,'2',NULL,'SP.CA.03_001','Disponível',NULL,'2024-07-24 13:21:18','2024-07-24 13:21:18'),
(61,63,'2',NULL,'SP.CA.04_001','Disponível',NULL,'2024-07-24 13:21:14','2024-07-24 13:21:14'),
(62,64,'2',NULL,'SP.CA.05_001','Disponível',NULL,'2024-07-24 13:21:11','2024-07-24 13:21:11'),
(63,65,'2',NULL,'SP.CP.06_001','Disponível',NULL,'2024-07-24 13:21:05','2024-07-24 13:21:05'),
(64,65,'2',NULL,'SP.CP.03_001','Disponível',NULL,NULL,NULL),
(65,75,'2',NULL,'SP.CP.04_001','Disponível',NULL,NULL,NULL),
(66,62,'2',NULL,'SP.CA.05_001','Disponível',NULL,NULL,NULL),
(67,63,'2',NULL,'SP.CA.06_001','Disponível',NULL,NULL,NULL),
(68,64,'2',NULL,'SP.CA.07_001','Disponível',NULL,NULL,NULL),
(69,66,'2',NULL,'SP.BD.08_001','Disponível',NULL,NULL,NULL),
(70,68,'2',NULL,'SP.B.09_001','Disponível',NULL,NULL,NULL),
(71,69,'2',NULL,'SP.B.10_001','Disponível',NULL,NULL,NULL),
(72,67,'2',NULL,'SP.AB.11_001','Disponível',NULL,NULL,NULL),
(73,70,'2',NULL,'SP.AD.12_001','Disponível',NULL,NULL,NULL),
(74,72,'2',NULL,'SP.AD.13_001','Disponível',NULL,NULL,NULL),
(75,74,'2',NULL,'SP.AD.14_001','Disponível',NULL,NULL,NULL),
(76,76,'2',NULL,'SP.AD.15_001','Disponível',NULL,NULL,NULL);

/*Table structure for table `extrato_splits` */

DROP TABLE IF EXISTS `extrato_splits`;

CREATE TABLE `extrato_splits` (
  `id` int(11) NOT NULL AUTO_INCREMENT,
  `id_ordem` int(11) NOT NULL,
  `id_franquia` int(11) NOT NULL,
  `valor_split` decimal(10,2) NOT NULL,
  `percentual_split` decimal(5,2) NOT NULL,
  `created_at` timestamp NULL DEFAULT current_timestamp(),
  `updated_at` timestamp NULL DEFAULT current_timestamp() ON UPDATE current_timestamp(),
  PRIMARY KEY (`id`)
) ENGINE=InnoDB AUTO_INCREMENT=10 DEFAULT CHARSET=latin1 COLLATE=latin1_swedish_ci;

/*Data for the table `extrato_splits` */

insert  into `extrato_splits`(`id`,`id_ordem`,`id_franquia`,`valor_split`,`percentual_split`,`created_at`,`updated_at`) values 
(1,67,2,24960.00,80.00,'2024-09-17 19:42:05','2024-09-17 19:42:05'),
(2,67,2,24960.00,80.00,'2024-09-17 19:45:14','2024-09-17 19:45:14'),
(3,68,2,24960.00,80.00,'2024-09-19 12:56:19','2024-09-19 12:56:19'),
(4,75,2,12546.00,82.00,'2024-10-10 19:50:39','2024-10-10 19:50:39'),
(5,76,2,7134.00,82.00,'2024-10-14 13:01:13','2024-10-14 13:01:13'),
(6,76,2,7134.00,82.00,'2024-10-14 13:01:17','2024-10-14 13:01:17'),
(7,76,2,7134.00,82.00,'2024-10-14 13:01:39','2024-10-14 13:01:39'),
(8,76,2,7134.00,82.00,'2024-10-14 13:06:03','2024-10-14 13:06:03'),
(9,76,2,7134.00,82.00,'2024-10-14 13:06:13','2024-10-14 13:06:13');

/*Table structure for table `failed_jobs` */

DROP TABLE IF EXISTS `failed_jobs`;

CREATE TABLE `failed_jobs` (
  `id` bigint(20) unsigned NOT NULL AUTO_INCREMENT,
  `uuid` varchar(255) NOT NULL,
  `connection` text NOT NULL,
  `queue` text NOT NULL,
  `payload` longtext NOT NULL,
  `exception` longtext NOT NULL,
  `failed_at` timestamp NOT NULL DEFAULT current_timestamp(),
  PRIMARY KEY (`id`),
  UNIQUE KEY `failed_jobs_uuid_unique` (`uuid`)
) ENGINE=InnoDB DEFAULT CHARSET=utf8mb4 COLLATE=utf8mb4_unicode_ci;

/*Data for the table `failed_jobs` */

/*Table structure for table `favoritos` */

DROP TABLE IF EXISTS `favoritos`;

CREATE TABLE `favoritos` (
  `id` bigint(20) unsigned NOT NULL AUTO_INCREMENT,
  `id_user` int(11) NOT NULL,
  `id_produto` int(11) NOT NULL,
  `created_at` timestamp NULL DEFAULT NULL,
  `updated_at` timestamp NULL DEFAULT NULL,
  `deleted_at` timestamp NULL DEFAULT NULL,
  PRIMARY KEY (`id`)
) ENGINE=InnoDB AUTO_INCREMENT=57 DEFAULT CHARSET=utf8mb4 COLLATE=utf8mb4_unicode_ci;

/*Data for the table `favoritos` */

insert  into `favoritos`(`id`,`id_user`,`id_produto`,`created_at`,`updated_at`,`deleted_at`) values 
(52,11,12,'2024-06-19 18:43:03','2024-06-19 18:59:40','2024-06-19 18:59:40'),
(53,1,56,'2024-08-22 13:53:41','2024-08-22 13:53:41',NULL),
(54,1,61,'2024-08-22 13:53:44','2024-08-22 13:53:44',NULL),
(55,17,56,'2024-08-22 14:05:03','2024-08-22 14:05:03',NULL),
(56,13,56,'2024-08-30 19:27:52','2024-08-30 19:27:52',NULL);

/*Table structure for table `feed_logs` */

DROP TABLE IF EXISTS `feed_logs`;

CREATE TABLE `feed_logs` (
  `id` bigint(20) unsigned NOT NULL AUTO_INCREMENT,
  `qtd_produtos` int(11) NOT NULL,
  `hora_inicio` timestamp NOT NULL,
  `hora_fim` timestamp NOT NULL,
  `sucesso` tinyint(1) NOT NULL,
  `created_at` timestamp NULL DEFAULT NULL,
  `updated_at` timestamp NULL DEFAULT NULL,
  PRIMARY KEY (`id`)
) ENGINE=InnoDB AUTO_INCREMENT=22 DEFAULT CHARSET=utf8mb4 COLLATE=utf8mb4_unicode_ci;

/*Data for the table `feed_logs` */

insert  into `feed_logs`(`id`,`qtd_produtos`,`hora_inicio`,`hora_fim`,`sucesso`,`created_at`,`updated_at`) values 
(1,15,'2024-09-10 16:46:16','2024-09-10 16:46:16',1,'2024-09-10 16:46:16','2024-09-10 16:46:16'),
(2,15,'2024-09-10 17:03:03','2024-09-10 17:03:03',1,'2024-09-10 17:03:03','2024-09-10 17:03:03'),
(3,15,'2024-09-10 18:06:28','2024-09-10 18:06:28',1,'2024-09-10 18:06:28','2024-09-10 18:06:28'),
(4,15,'2024-09-10 19:25:54','2024-09-10 19:25:54',1,'2024-09-10 19:25:54','2024-09-10 19:25:54'),
(5,15,'2024-09-11 11:11:49','2024-09-11 11:11:49',1,'2024-09-11 11:11:49','2024-09-11 11:11:49'),
(6,54,'2024-09-12 10:19:03','2024-09-12 10:19:03',1,'2024-09-12 10:19:03','2024-09-12 10:19:03'),
(7,49,'2024-09-13 12:03:58','2024-09-13 12:03:58',1,'2024-09-13 12:03:58','2024-09-13 12:03:58'),
(8,47,'2024-09-13 13:42:34','2024-09-13 13:42:34',1,'2024-09-13 13:42:34','2024-09-13 13:42:34'),
(9,47,'2024-09-13 13:48:17','2024-09-13 13:48:17',1,'2024-09-13 13:48:17','2024-09-13 13:48:17'),
(10,15,'2024-09-13 18:58:00','2024-09-13 18:58:02',1,'2024-09-13 18:58:02','2024-09-13 18:58:02'),
(11,15,'2024-09-13 19:03:36','2024-09-13 19:03:38',1,'2024-09-13 19:03:38','2024-09-13 19:03:38'),
(12,10,'2024-09-13 19:06:11','2024-09-13 19:06:12',1,'2024-09-13 19:06:12','2024-09-13 19:06:12'),
(13,10,'2024-09-13 19:06:56','2024-09-13 19:06:57',1,'2024-09-13 19:06:57','2024-09-13 19:06:57'),
(14,10,'2024-09-13 19:13:45','2024-09-13 19:13:45',1,'2024-09-13 19:13:45','2024-09-13 19:13:45'),
(15,10,'2024-09-14 09:37:20','2024-09-14 09:37:20',1,'2024-09-14 09:37:20','2024-09-14 09:37:20'),
(16,10,'2024-09-17 11:03:55','2024-09-17 11:03:56',1,'2024-09-17 11:03:56','2024-09-17 11:03:56'),
(17,10,'2024-09-30 15:12:16','2024-09-30 15:12:16',1,'2024-09-30 15:12:16','2024-09-30 15:12:16'),
(18,10,'2024-10-01 08:47:40','2024-10-01 08:47:40',1,'2024-10-01 08:47:40','2024-10-01 08:47:40'),
(19,10,'2024-10-01 08:53:04','2024-10-01 08:53:04',1,'2024-10-01 08:53:04','2024-10-01 08:53:04'),
(20,10,'2024-10-03 08:30:17','2024-10-03 08:30:17',1,'2024-10-03 08:30:17','2024-10-03 08:30:17'),
(21,10,'2024-10-07 14:25:11','2024-10-07 14:25:11',1,'2024-10-07 14:25:11','2024-10-07 14:25:11');

/*Table structure for table `forma_pagamento` */

DROP TABLE IF EXISTS `forma_pagamento`;

CREATE TABLE `forma_pagamento` (
  `id` bigint(20) unsigned NOT NULL AUTO_INCREMENT,
  `nome` varchar(255) NOT NULL,
  `status` enum('ativo','inativo') NOT NULL,
  `created_at` timestamp NULL DEFAULT NULL,
  `updated_at` timestamp NULL DEFAULT NULL,
  `deleted_at` timestamp NULL DEFAULT NULL,
  PRIMARY KEY (`id`)
) ENGINE=InnoDB AUTO_INCREMENT=6 DEFAULT CHARSET=utf8mb4 COLLATE=utf8mb4_unicode_ci;

/*Data for the table `forma_pagamento` */

insert  into `forma_pagamento`(`id`,`nome`,`status`,`created_at`,`updated_at`,`deleted_at`) values 
(1,'PIX','ativo',NULL,NULL,NULL),
(2,'Cartão de Crédito','ativo',NULL,NULL,NULL);

/*Table structure for table `formulario_franquias` */

DROP TABLE IF EXISTS `formulario_franquias`;

CREATE TABLE `formulario_franquias` (
  `id` bigint(20) unsigned NOT NULL AUTO_INCREMENT,
  `nome` varchar(255) NOT NULL,
  `email` varchar(255) NOT NULL,
  `telefone` varchar(255) NOT NULL,
  `cidade` varchar(255) NOT NULL,
  `estado` varchar(255) NOT NULL,
  `capital` enum('nao','parte','sim') NOT NULL DEFAULT 'nao',
  `created_at` timestamp NULL DEFAULT NULL,
  `updated_at` timestamp NULL DEFAULT NULL,
  PRIMARY KEY (`id`),
  UNIQUE KEY `formulario_franquias_email_unique` (`email`)
) ENGINE=InnoDB AUTO_INCREMENT=16 DEFAULT CHARSET=utf8mb4 COLLATE=utf8mb4_unicode_ci;

/*Data for the table `formulario_franquias` */

/*Table structure for table `franquias` */

DROP TABLE IF EXISTS `franquias`;

CREATE TABLE `franquias` (
  `id` bigint(20) unsigned NOT NULL AUTO_INCREMENT,
  `nome_responsavel` varchar(255) NOT NULL,
  `nome_franquia` varchar(255) NOT NULL,
  `prefix` varchar(255) DEFAULT NULL,
  `cpf` varchar(255) DEFAULT NULL,
  `cnpj` varchar(255) DEFAULT NULL,
  `celular` varchar(255) DEFAULT NULL,
  `telefone` varchar(255) DEFAULT NULL,
  `cep` varchar(255) DEFAULT NULL,
  `endereco` varchar(255) DEFAULT NULL,
  `numero` int(11) DEFAULT NULL,
  `complemento` varchar(255) DEFAULT NULL,
  `bairro` varchar(255) DEFAULT NULL,
  `cidade` varchar(255) DEFAULT NULL,
  `estado` varchar(255) DEFAULT NULL,
  `pais` varchar(255) DEFAULT NULL,
  `tipo_franqueado` enum('toy','trip') DEFAULT 'trip',
  `status` enum('ativo','inativo') NOT NULL DEFAULT 'ativo',
  `retirada_balcao` enum('sim','nao') DEFAULT NULL,
  `frete_economico` enum('sim','nao') DEFAULT NULL,
  `frete_expresso` enum('sim','nao') DEFAULT NULL,
  `percentual_manual_franqueado` decimal(10,2) DEFAULT NULL,
  `percentual_automatico_franqueado` decimal(10,2) DEFAULT NULL,
  `cod_franqueado` varchar(255) DEFAULT NULL,
  `created_at` timestamp NULL DEFAULT NULL,
  `updated_at` timestamp NULL DEFAULT NULL,
  `deleted_at` timestamp NULL DEFAULT NULL,
  PRIMARY KEY (`id`)
) ENGINE=InnoDB AUTO_INCREMENT=4 DEFAULT CHARSET=utf8mb4 COLLATE=utf8mb4_unicode_ci;

/*Data for the table `franquias` */

insert  into `franquias`(`id`,`nome_responsavel`,`nome_franquia`,`prefix`,`cpf`,`cnpj`,`celular`,`telefone`,`cep`,`endereco`,`numero`,`complemento`,`bairro`,`cidade`,`estado`,`pais`,`tipo_franqueado`,`status`,`retirada_balcao`,`frete_economico`,`frete_expresso`,`percentual_manual_franqueado`,`percentual_automatico_franqueado`,`cod_franqueado`,`created_at`,`updated_at`,`deleted_at`) values 
(1,'teste','teste','tes','14544444','444444444',NULL,NULL,NULL,NULL,NULL,NULL,NULL,NULL,NULL,NULL,'trip','ativo','sim','sim','sim',NULL,NULL,NULL,NULL,'2024-09-06 18:43:08','2024-09-06 18:43:08'),
(2,'SELMA SANTOS  ROCHA','TRIP & TOYS LOCACAO DE BRINQUEDOS E ITENS PARA VIAGEM','55','279.365.658-50','30.936.531/0001-51','(11) 91602-1020',NULL,'04016-032','Rua França Pinto',619,NULL,'Vila Mariana','São Paulo','SP','Brasil','trip','ativo','sim','sim','sim',95.00,82.00,'re_cm0r1won9f0xa0l9tgxfrfd5n','2024-07-12 19:31:07','2024-09-30 18:37:55',NULL),
(3,'andressa','aaaaa','aaaaa','307.172.620-14','44.444.444/4444-44','(12) 2222-2222','(11) 11111-1111','12227-853','Rua Paulo Liberato Cursino',44,'sdfgnmhgfd','Residencial São Francisco','São José dos Campos','SP','Brasil','trip','ativo','sim','sim','sim',1111.00,11111.00,'1111','2024-09-24 13:54:45','2024-09-24 13:54:59','2024-09-24 13:54:59');

/*Table structure for table `itens_pedido` */

DROP TABLE IF EXISTS `itens_pedido`;

CREATE TABLE `itens_pedido` (
  `id` bigint(20) unsigned NOT NULL AUTO_INCREMENT,
  `id_pedido` bigint(20) unsigned NOT NULL,
  `id_produto` bigint(20) unsigned NOT NULL,
  `id_item_estoque` bigint(20) DEFAULT NULL,
  `qtd` int(11) NOT NULL,
  `valor_unitario` decimal(10,2) NOT NULL,
  `valor_total` decimal(10,2) NOT NULL,
  `id_entrega_pedido` bigint(20) DEFAULT NULL,
  `status` enum('entregue','devolvido') DEFAULT NULL,
  `created_at` timestamp NULL DEFAULT NULL,
  `updated_at` timestamp NULL DEFAULT NULL,
  `deleted_at` timestamp NULL DEFAULT NULL,
  PRIMARY KEY (`id`),
  KEY `itens_pedido_id_pedido_foreign` (`id_pedido`),
  KEY `itens_pedido_id_produto_foreign` (`id_produto`),
  CONSTRAINT `itens_pedido_id_pedido_foreign` FOREIGN KEY (`id_pedido`) REFERENCES `pedidos` (`id`) ON DELETE CASCADE ON UPDATE CASCADE,
  CONSTRAINT `itens_pedido_id_produto_foreign` FOREIGN KEY (`id_produto`) REFERENCES `produtos` (`id`) ON DELETE CASCADE ON UPDATE CASCADE
) ENGINE=InnoDB AUTO_INCREMENT=77 DEFAULT CHARSET=utf8mb4 COLLATE=utf8mb4_unicode_ci;

/*Data for the table `itens_pedido` */

insert  into `itens_pedido`(`id`,`id_pedido`,`id_produto`,`id_item_estoque`,`qtd`,`valor_unitario`,`valor_total`,`id_entrega_pedido`,`status`,`created_at`,`updated_at`,`deleted_at`) values 
(59,59,66,NULL,1,70.00,70.00,59,NULL,'2024-09-16 19:37:01','2024-09-16 19:37:01',NULL),
(60,60,62,NULL,1,225.00,225.00,60,NULL,'2024-09-16 19:37:19','2024-09-16 19:37:19',NULL),
(61,61,75,NULL,1,171.50,171.50,61,NULL,'2024-09-16 19:45:56','2024-09-16 19:45:56',NULL),
(62,62,56,NULL,1,350.00,350.00,62,NULL,'2024-09-16 19:55:24','2024-09-16 19:55:24',NULL),
(63,63,56,NULL,1,280.00,280.00,63,NULL,'2024-09-17 17:58:23','2024-09-17 17:58:23',NULL),
(64,64,56,NULL,1,280.00,280.00,64,NULL,'2024-09-17 18:14:33','2024-09-17 18:14:33',NULL),
(65,65,56,NULL,1,280.00,280.00,65,NULL,'2024-09-17 18:14:54','2024-09-17 18:14:54',NULL),
(66,66,56,NULL,1,280.00,280.00,66,NULL,'2024-09-17 18:29:50','2024-09-17 18:29:50',NULL),
(67,67,56,NULL,1,280.00,280.00,67,NULL,'2024-09-17 19:04:37','2024-09-17 19:04:37',NULL),
(68,68,56,NULL,1,280.00,280.00,68,NULL,'2024-09-19 12:52:35','2024-09-19 12:52:35',NULL),
(69,69,66,NULL,1,50.00,50.00,69,NULL,'2024-09-25 23:08:05','2024-09-25 23:08:05',NULL),
(70,70,56,NULL,1,140.00,140.00,70,NULL,'2024-09-26 12:11:10','2024-09-26 12:11:10',NULL),
(71,71,56,NULL,1,171.50,171.50,71,NULL,'2024-09-30 16:23:27','2024-09-30 16:23:27',NULL),
(72,72,56,NULL,1,105.00,105.00,72,NULL,'2024-10-10 18:27:39','2024-10-10 18:27:39',NULL),
(73,73,56,NULL,1,105.00,105.00,73,NULL,'2024-10-10 18:32:56','2024-10-10 18:32:56',NULL),
(74,74,56,NULL,1,105.00,105.00,74,NULL,'2024-10-10 18:34:10','2024-10-10 18:34:10',NULL),
(75,75,56,NULL,1,105.00,105.00,75,NULL,'2024-10-10 19:38:47','2024-10-10 19:38:47',NULL),
(76,76,61,NULL,1,87.00,87.00,76,NULL,'2024-10-14 12:59:21','2024-10-14 12:59:21',NULL);

/*Table structure for table `localizacao` */

DROP TABLE IF EXISTS `localizacao`;

CREATE TABLE `localizacao` (
  `id` bigint(20) unsigned NOT NULL AUTO_INCREMENT,
  `session_id` varchar(255) NOT NULL,
  `franquia_id` int(11) DEFAULT NULL,
  `cep` varchar(255) DEFAULT NULL,
  `bairro` varchar(255) DEFAULT NULL,
  `cidade` varchar(255) DEFAULT NULL,
  `estado` varchar(255) DEFAULT NULL,
  `regiao_atendida` enum('sim','nao') DEFAULT NULL,
  `data_inicio` timestamp NULL DEFAULT NULL,
  `data_fim` timestamp NULL DEFAULT NULL,
  `created_at` timestamp NULL DEFAULT NULL,
  `updated_at` timestamp NULL DEFAULT NULL,
  `deleted_at` timestamp NULL DEFAULT NULL,
  PRIMARY KEY (`id`)
) ENGINE=InnoDB AUTO_INCREMENT=1099 DEFAULT CHARSET=utf8mb4 COLLATE=utf8mb4_unicode_ci;

/*Data for the table `localizacao` */

insert  into `localizacao`(`id`,`session_id`,`franquia_id`,`cep`,`bairro`,`cidade`,`estado`,`regiao_atendida`,`data_inicio`,`data_fim`,`created_at`,`updated_at`,`deleted_at`) values 
(81,'8sHfXOS4hw5PCr5l1sUE8dDvzyAXKsHIf7iZ13UW',NULL,NULL,NULL,NULL,NULL,NULL,NULL,NULL,'2024-06-14 15:08:37','2024-06-14 15:08:37',NULL),
(82,'Lylyzf87P0qBXKWMxlAKVBsQwO4Ev0mMuSxBNfH4',NULL,NULL,NULL,NULL,NULL,NULL,NULL,NULL,'2024-06-14 15:10:16','2024-06-14 15:10:16',NULL),
(83,'o1eGM0IlcvBWu2XVOVG1yPpEkL8jZbksOsWycR8Z',NULL,NULL,NULL,NULL,NULL,NULL,NULL,NULL,'2024-06-14 16:36:37','2024-06-14 16:36:37',NULL),
(84,'Yf3bix9QeiXwobJYeySirGaOkkaBAo6nG9JiutkN',NULL,NULL,NULL,NULL,NULL,NULL,NULL,NULL,'2024-06-14 16:56:00','2024-06-14 16:56:00',NULL),
(85,'-',NULL,'12235-750','Parque Industrial','São José dos Campos','São Paulo','nao',NULL,NULL,'2024-06-14 17:20:29','2024-06-14 17:21:52',NULL),
(86,'-',NULL,'12235-750','Parque Industrial','São José dos Campos','São Paulo','nao',NULL,NULL,'2024-06-14 17:23:01','2024-06-14 17:23:05',NULL),
(87,'R3yEb4ahAAG7EHeGHboZuJBxrxPnVyhPE15Cse7m',1,NULL,'Residencial Sao Francisco',NULL,' SP',NULL,NULL,NULL,'2024-06-14 17:23:09','2024-06-14 17:23:09',NULL),
(88,'UMD3qXeMyY9YPkHQttHtF8H9YDJxtlVHQ48ROAct',NULL,NULL,NULL,NULL,NULL,NULL,NULL,NULL,'2024-06-14 17:39:49','2024-06-14 17:39:49',NULL),
(89,'-',NULL,'12237-876','Conjunto Residencial Trinta e Um de Marco','São José dos Campos','São Paulo','nao',NULL,NULL,'2024-06-17 21:01:39','2024-06-17 21:01:48',NULL),
(90,'kHbQ4VRCuD5RW7c9Q7YO9KcpgrDp5XirXI2aejYS',1,NULL,'Centro',NULL,' SP',NULL,NULL,NULL,'2024-06-17 21:01:55','2024-06-17 21:01:55',NULL),
(91,'JR9ufTISaKjZnF5JzDsoNTVwNfjPR5HxRVm1ntKw',NULL,NULL,NULL,NULL,NULL,NULL,NULL,NULL,'2024-06-18 13:58:45','2024-06-18 13:58:45',NULL),
(92,'7ZdPgEboFQDwXsionwSCwWGU0rmXaRyptZDp7BY3',NULL,NULL,NULL,NULL,NULL,NULL,NULL,NULL,'2024-06-18 14:22:09','2024-06-18 14:22:09',NULL),
(93,'-',NULL,'12237-875','Residencial de Ville','São José dos Campos','São Paulo','nao',NULL,NULL,'2024-06-18 14:23:57','2024-06-18 14:24:35',NULL),
(94,'-',NULL,'12237-876','Parque Industrial','São José dos Campos','São Paulo','nao',NULL,NULL,'2024-06-18 14:25:25','2024-06-18 14:25:33',NULL),
(95,'-',NULL,'12237-876','Parque Industrial','São José dos Campos','São Paulo','nao',NULL,NULL,'2024-06-18 14:25:50','2024-06-18 14:26:21',NULL),
(96,'Rh3g0WbTvcdtwF1ymbiaZNadjXDYeMb3EBS0agFr',1,NULL,'Residencial Sao Francisco',NULL,' SP',NULL,NULL,NULL,'2024-06-18 14:26:24','2024-06-18 14:26:24',NULL),
(97,'-',NULL,'Brasil','Rua Icatu','Residencial de Ville','São José dos Campos','nao',NULL,NULL,'2024-06-19 13:15:54','2024-06-19 13:16:01',NULL),
(98,'AOLNhR1EOCvozSlP01kEpJCagVQiMylWzvMSJhhd',1,NULL,'Residencial Sao Francisco',NULL,' SP',NULL,NULL,NULL,'2024-06-19 13:16:10','2024-06-19 13:16:10',NULL),
(99,'-',NULL,'12235-750','Parque Industrial','São José dos Campos','São Paulo','nao',NULL,NULL,'2024-06-19 13:59:42','2024-06-19 13:59:44',NULL),
(100,'ctVMdhMT04B6L9Ggm4pKrmcoEKVZjLEGAYvyaVw7',1,NULL,'Residencial Sao Francisco',NULL,' SP',NULL,NULL,NULL,'2024-06-19 13:59:47','2024-06-19 13:59:47',NULL),
(101,'-',NULL,'12235-750','Parque Industrial','São José dos Campos','São Paulo','nao',NULL,NULL,'2024-06-19 14:00:10','2024-06-19 14:00:16',NULL),
(102,'Y63RVKN9rTJAN28L6erKDp7zrIQpjHH2iCtr0Zu1',1,NULL,'Residencial Sao Francisco',NULL,' SP',NULL,'2024-06-19 00:00:00','2024-06-27 00:00:00','2024-06-19 14:00:19','2024-06-19 14:11:50',NULL),
(103,'-',NULL,'12237-876','Conjunto Residencial Trinta e Um de Marco','São José dos Campos','São Paulo','nao',NULL,NULL,'2024-06-19 14:17:54','2024-06-19 14:21:20',NULL),
(104,'-',NULL,'12237-876','Conjunto Residencial Trinta e Um de Marco','São José dos Campos','São Paulo','nao',NULL,NULL,'2024-06-19 14:21:22','2024-06-19 14:21:24',NULL),
(105,'eU2Wda1FnVxYRhUWOFyyvMfDF2LpXNAWtLXAG3Oq',1,NULL,'Residencial Sao Francisco',NULL,' SP',NULL,'2024-06-19 00:00:00','2024-06-26 00:00:00','2024-06-19 14:21:48','2024-06-19 14:27:24',NULL),
(106,'-',NULL,'12237-876','Parque Industrial','São José dos Campos','São Paulo','nao',NULL,NULL,'2024-06-19 14:35:16','2024-06-19 14:35:40',NULL),
(107,'L4JPwoqgyaVryNxh1Y7933EIbe45t4XOelzu86nK',1,NULL,'Residencial Sao Francisco',NULL,' SP',NULL,'2024-06-19 00:00:00','2024-06-26 00:00:00','2024-06-19 14:35:43','2024-06-19 14:47:39',NULL),
(108,'zCO3MuipIAs3skghXld0LPeZ7uGH04GMPnmZuWbC',NULL,NULL,NULL,NULL,NULL,NULL,NULL,NULL,'2024-06-19 14:40:37','2024-06-19 14:40:37',NULL),
(109,'-',NULL,'08592-460','Parque Recanto Monica','Itaquaquecetuba','São Paulo','nao',NULL,NULL,'2024-06-19 14:40:58','2024-06-19 14:41:05',NULL),
(110,'3timoIfARu2ktLB7VWUmt7btJfamZl5Oz9Ea5yaq',1,NULL,'Centro',NULL,' SP',NULL,'2024-06-19 00:00:00','2024-06-26 00:00:00','2024-06-19 14:41:09','2024-06-19 14:41:47',NULL),
(111,'HtIWNP2rEQVohw26ePheHY834ulNM8UiHt0XHWz4',NULL,NULL,NULL,NULL,NULL,NULL,NULL,NULL,'2024-06-19 14:42:41','2024-06-19 14:42:41',NULL),
(112,'-',NULL,'27923-215','Cavaleiros','Macaé','Rio de Janeiro','nao',NULL,NULL,'2024-06-19 14:45:30','2024-06-19 14:45:35',NULL),
(113,'Q5vqbjY3DHwXCyQVB52HEETsUQIBHnV7Orl8eyAo',1,NULL,'Centro',NULL,' RJ',NULL,'2024-06-19 00:00:00','2024-06-26 00:00:00','2024-06-19 14:45:52','2024-06-19 14:54:35',NULL),
(114,'-',NULL,'12233-593','Bosque dos Eucaliptos','São José dos Campos','SP','nao',NULL,NULL,'2024-06-19 15:19:33','2024-06-19 16:47:31',NULL),
(115,'Xo4dg9ixwOukZ6A5Svl8dth9t6V6Fn4RH7yPT8P2',1,NULL,'Residencial Sao Francisco',NULL,' SP',NULL,NULL,NULL,'2024-06-19 16:47:38','2024-06-19 16:47:43',NULL),
(116,'-',NULL,'12237-876','Parque Industrial','São José dos Campos','São Paulo','nao',NULL,NULL,'2024-06-19 16:53:20','2024-06-19 16:53:30',NULL),
(117,'5Zbbg06DskeC1BKyVdOTyERKEZcOY5xIGkyQI3w1',1,NULL,'Residencial Sao Francisco',NULL,' SP',NULL,'2024-06-19 00:00:00','2024-06-26 00:00:00','2024-06-19 16:53:35','2024-06-19 16:55:46',NULL),
(118,'-',NULL,'12237-876','Parque Industrial','São José dos Campos','São Paulo','nao',NULL,NULL,'2024-06-19 16:56:51','2024-06-19 16:57:04',NULL),
(119,'dL5NVcjZAWPMPkso96SbUxQbWYvNq4nshmteXA6R',1,NULL,'Residencial Sao Francisco',NULL,' SP',NULL,NULL,NULL,'2024-06-19 16:57:07','2024-06-19 16:57:07',NULL),
(120,'-',NULL,'12237-876','Parque Industrial','São José dos Campos','São Paulo','nao',NULL,NULL,'2024-06-19 16:57:59','2024-06-19 16:58:04',NULL),
(121,'juLGqtsiyFbPpflCEvrE7u3EoMGbCAvBRxi86PpF',1,NULL,'Residencial Sao Francisco',NULL,' SP',NULL,'2024-06-19 00:00:00','2024-06-26 00:00:00','2024-06-19 16:58:07','2024-06-19 17:01:16',NULL),
(122,'hAEt7nsXLj5UE0MoiFyzNR5WXCAIWeX2k6c7APnD',NULL,NULL,NULL,NULL,NULL,NULL,NULL,NULL,'2024-06-19 17:25:30','2024-06-19 17:25:30',NULL),
(123,'-',NULL,'12227-853','Residencial São Francisco','São José dos Campos','SP','nao',NULL,NULL,'2024-06-19 18:34:06','2024-06-19 18:34:55',NULL),
(124,'eoeZBYeVOhP9e62h8p8Mma8pxRK8gUuptuzu5htU',1,NULL,'Residencial Sao Francisco',NULL,' SP',NULL,'2024-06-19 00:00:00','2024-06-26 00:00:00','2024-06-19 18:35:04','2024-06-19 18:45:04',NULL),
(125,'TBzArUXsXTmQh01T0r0UbkjIKa2S3xiB6c2l5sDb',NULL,NULL,NULL,NULL,NULL,NULL,NULL,NULL,'2024-06-19 18:55:14','2024-06-19 18:55:14',NULL),
(126,'-',NULL,'12235-750','Parque Industrial','São José dos Campos','São Paulo','nao',NULL,NULL,'2024-06-19 19:14:33','2024-06-19 19:14:38',NULL),
(127,'QORmvj1buA1rMoY3fVooDIZgMsMbnRm1ATUYQQ9d',1,NULL,'Residencial Sao Francisco',NULL,' SP',NULL,'2024-06-19 00:00:00','2024-06-26 00:00:00','2024-06-19 19:14:48','2024-06-19 20:02:01',NULL),
(128,'-',NULL,'12227-853','Residencial Sao Francisco','São José dos Campos','São Paulo','nao',NULL,NULL,'2024-06-20 14:48:31','2024-06-20 14:49:19',NULL),
(129,'XvcrGsE5yP2GLQhBIc9cAdBF1jcI51t6eOJ77XIk',1,NULL,'Residencial Sao Francisco',NULL,' SP',NULL,'2024-06-20 00:00:00','2024-06-27 00:00:00','2024-06-20 14:49:26','2024-06-20 14:50:09',NULL),
(130,'d9mtslRuLljgijGdYvNRucszEnpTGND2ec4zypeX',NULL,NULL,NULL,NULL,NULL,NULL,NULL,NULL,'2024-06-21 11:56:57','2024-06-21 11:56:57',NULL),
(131,'-',NULL,'27964-041','Jardim Carioca','Macaé','Rio de Janeiro','nao',NULL,NULL,'2024-06-21 11:57:13','2024-06-21 11:57:17',NULL),
(132,'jzE8dmrEeD6epoiXUGMzEsuxkxyzck7ufG6aHiGz',1,NULL,'Centro',NULL,' RJ',NULL,NULL,NULL,'2024-06-21 11:57:25','2024-06-21 11:57:25',NULL),
(133,'-',NULL,'12237-875','Residencial de Ville','São José dos Campos','SP','nao',NULL,NULL,'2024-06-21 12:07:22','2024-06-21 12:07:41',NULL),
(134,'teJzXlcP3UTDq2TWk3wHmegnXV2WAcsa1wq6UUpX',1,NULL,'Residencial Sao Francisco',NULL,' SP',NULL,NULL,NULL,'2024-06-21 12:07:45','2024-06-21 12:07:45',NULL),
(135,'lWwGq3373vUMN5BTRIWHAOjKKvUQqNnVwjau9r2X',NULL,NULL,NULL,NULL,NULL,NULL,NULL,NULL,'2024-06-21 12:08:04','2024-06-21 12:08:04',NULL),
(136,'rmYkNfaM1IiMWlKfrWln6uPmageO0t65BEATFDAW',NULL,NULL,NULL,NULL,NULL,NULL,NULL,NULL,'2024-06-21 12:21:42','2024-06-21 12:21:42',NULL),
(137,'-',NULL,'12237-876','Conjunto Residencial Trinta e Um de Marco','São José dos Campos','São Paulo','nao',NULL,NULL,'2024-06-21 13:19:10','2024-06-21 13:19:14',NULL),
(138,'xqwo4aIlchlcnn7Gh9IXtiR4m2KyCDlEfVugytU9',1,NULL,'Residencial Sao Francisco',NULL,' SP',NULL,NULL,NULL,'2024-06-21 13:19:19','2024-06-21 13:19:19',NULL),
(139,'-',NULL,'12237-020','Conjunto Residencial Trinta e Um de Marco','São José dos Campos','São Paulo','nao',NULL,NULL,'2024-06-21 13:24:32','2024-06-21 13:24:34',NULL),
(140,'5wg7WpQyOkczrP6S1anymcFV7gY0qdTG1E3xlBgx',1,NULL,'Residencial Sao Francisco',NULL,' SP',NULL,'2024-06-21 00:00:00','2024-06-29 00:00:00','2024-06-21 13:24:37','2024-06-21 13:36:19',NULL),
(141,'-',NULL,NULL,NULL,NULL,NULL,'nao',NULL,NULL,'2024-06-21 18:45:54','2024-06-21 19:18:30',NULL),
(142,'-',NULL,'12237-020','Conjunto Residencial Trinta e Um de Marco','São José dos Campos','São Paulo','nao',NULL,NULL,'2024-06-21 18:49:40','2024-06-21 19:00:02',NULL),
(143,'4gJaTjjy1YZ8RsfC4wxnImX8orQdXpALagmbV84s',1,NULL,'Residencial Sao Francisco',NULL,' SP',NULL,NULL,NULL,'2024-06-21 19:00:05','2024-06-21 19:00:05',NULL),
(144,'FJpWGS8wtOK3eBRV04cf1uDGXgl4lhgZaZNmmEJi',1,NULL,'Residencial Sao Francisco',NULL,' SP',NULL,'2024-06-21 00:00:00','2024-07-04 00:00:00','2024-06-21 19:18:33','2024-06-21 19:22:37',NULL),
(145,'-',NULL,'12237-020','Conjunto Residencial Trinta e Um de Marco','São José dos Campos','São Paulo','nao','2024-06-21 00:00:00','2024-06-21 00:00:00','2024-06-21 19:18:43','2024-06-21 19:18:47',NULL),
(146,'8Xa2bkD0tj4VeaxNVYfGXUAgJrpH1NO3RPJBmqv3',1,NULL,'Residencial Sao Francisco',NULL,' SP',NULL,'2024-06-21 00:00:00','2024-06-21 00:00:00','2024-06-21 19:18:51','2024-06-21 19:19:54',NULL),
(147,'-',NULL,'12237-876','Conjunto Residencial Trinta e Um de Marco','São José dos Campos','São Paulo','nao',NULL,NULL,'2024-06-26 13:25:23','2024-06-26 13:25:28',NULL),
(148,'czthcBOllc9Zv7fbleHaj70OG30ZJwVp5FTedIRP',1,NULL,'Residencial Sao Francisco',NULL,' SP',NULL,'2024-06-26 00:00:00','2024-06-26 00:00:00','2024-06-26 13:25:30','2024-06-26 13:25:39',NULL),
(149,'dh0uyOehuVUWlnTerXaPTNgHCYLtwGeikXfpcKxj',NULL,NULL,NULL,NULL,NULL,NULL,NULL,NULL,'2024-06-26 16:54:20','2024-06-26 16:54:20',NULL),
(150,'mav9c3VGbBZf00uEkUKT4FODI1vsNZMCxhjKWf5t',NULL,NULL,NULL,NULL,NULL,NULL,NULL,NULL,'2024-06-26 18:09:35','2024-06-26 18:09:35',NULL),
(151,'-',NULL,'12237-875','Residencial de Ville','São José dos Campos','SP','nao',NULL,NULL,'2024-06-26 19:30:29','2024-06-26 19:31:46',NULL),
(152,'KmDt9vb6V0BcX47Q069Pp2XWHSVQWAMylbiBWFHb',1,NULL,'Residencial Sao Francisco',NULL,' SP',NULL,'2024-06-26 00:00:00','2024-06-26 00:00:00','2024-06-26 19:31:48','2024-06-26 19:32:15',NULL),
(153,'-',NULL,'12237-876','Conjunto Residencial Trinta e Um de Marco','São José dos Campos','São Paulo','nao',NULL,NULL,'2024-06-26 19:34:17','2024-06-26 19:34:30',NULL),
(154,'H1o3xbyOmxJ1blagofk2L38kJDoENFswq3qbnYWA',1,NULL,'Residencial Sao Francisco',NULL,' SP',NULL,'2024-06-26 00:00:00','2024-07-25 00:00:00','2024-06-26 19:34:32','2024-06-26 19:39:04',NULL),
(155,'rNtT8dUwz3QU7nWeO7QA8I2e1pPjqo6fuujvDflV',NULL,NULL,NULL,NULL,NULL,NULL,NULL,NULL,'2024-06-27 15:56:00','2024-06-27 15:56:00',NULL),
(156,'ZkAJWVmbUW5HfnYYL0umD8wRQMjZP7NpS8dVsCxK',NULL,NULL,NULL,NULL,NULL,NULL,NULL,NULL,'2024-06-28 12:43:54','2024-06-28 12:43:54',NULL),
(157,'-',NULL,'12237-821','Parque Industrial','São José dos Campos','São Paulo','nao',NULL,NULL,'2024-06-28 14:19:45','2024-06-28 14:21:55',NULL),
(158,'P66DEpmniQfw57NDWmw0eadyW6ln4fXhKTH3tTHw',1,NULL,'Residencial Sao Francisco',NULL,' SP',NULL,'2024-06-28 00:00:00','2024-06-28 00:00:00','2024-06-28 14:21:59','2024-06-28 19:18:41',NULL),
(159,'reP3xxsQ06CdfxTDXPH46VXh3iKFx7QCB7E2NvsN',NULL,NULL,NULL,NULL,NULL,NULL,NULL,NULL,'2024-07-01 16:22:03','2024-07-01 16:22:03',NULL),
(160,'-',NULL,NULL,NULL,NULL,NULL,'nao',NULL,NULL,'2024-07-01 17:08:44','2024-07-01 17:09:29',NULL),
(161,'IsYtUIGFJdLqROnLogPHQ7lQKCowHvrHPxxAhLRH',1,NULL,'Centro',NULL,' SP',NULL,'2024-07-01 00:00:00','2024-07-10 00:00:00','2024-07-01 17:09:36','2024-07-01 17:49:04',NULL),
(162,'KeZCBc6echArnwCjjjGjG5N74njMO4HgPAEjlVkq',NULL,NULL,NULL,NULL,NULL,NULL,NULL,NULL,'2024-07-03 18:56:59','2024-07-03 18:56:59',NULL),
(163,'-',NULL,NULL,NULL,NULL,NULL,'nao',NULL,NULL,'2024-07-03 20:31:56','2024-07-03 20:40:26',NULL),
(164,'BA3RiUGXjactKQyEN2Ltu5tk2lNNDpBjpu5uF0A2',1,NULL,'Residencial Sao Francisco',NULL,' SP',NULL,'2024-07-03 00:00:00','2024-07-25 00:00:00','2024-07-03 20:40:29','2024-07-03 20:40:44',NULL),
(165,'-',NULL,NULL,NULL,NULL,NULL,'nao',NULL,NULL,'2024-07-03 20:44:37','2024-07-03 20:44:54',NULL),
(166,'SUrFNKhmjaE4owJUTlcmCE1SZIPVK2mLvQCiVk7L',1,NULL,'Residencial Sao Francisco',NULL,' SP',NULL,NULL,NULL,'2024-07-03 20:44:57','2024-07-03 20:45:28',NULL),
(167,'ONCNzoCYLTefOhwvpZ2Udh6qGBButAZWUWoYtHxF',NULL,NULL,NULL,NULL,NULL,NULL,NULL,NULL,'2024-07-03 20:46:11','2024-07-03 20:46:11',NULL),
(168,'ypsoZZgza1MiAee01cv7WJ4Gp6cWo3Izz75A14EP',NULL,NULL,NULL,NULL,NULL,NULL,NULL,NULL,'2024-07-03 21:15:23','2024-07-03 21:15:23',NULL),
(169,'-',NULL,'04048-060','Mirandópolis','São Paulo','São Paulo','nao',NULL,NULL,'2024-07-04 19:46:54','2024-07-04 19:47:23',NULL),
(170,'Z0aOyuKDoqLNSv0wc0Fm3BUGqlYZF0tbu2ii7h7b',1,NULL,'Residencial Sao Francisco',NULL,' SP',NULL,NULL,NULL,'2024-07-04 19:47:26','2024-07-04 19:47:26',NULL),
(171,'-',NULL,'12311-140','Parque California','Jacareí','São Paulo','nao','2024-07-11 00:00:00','2024-07-11 00:00:00','2024-07-11 17:06:32','2024-07-11 17:08:47',NULL),
(172,'t3f6KzJIFjcZdH9fn61yPq34TXS6N3m1k2c8JMb1',1,NULL,'Residencial Sao Francisco',NULL,' SP',NULL,'2024-07-11 00:00:00','2024-07-11 00:00:00','2024-07-11 17:08:53','2024-07-11 17:09:34',NULL),
(173,'-',NULL,'12237-876','Parque Industrial','São José dos Campos','São Paulo','nao',NULL,NULL,'2024-07-12 12:00:47','2024-07-12 12:00:59',NULL),
(174,'xru1NLsrho8uxAIUosM6TvzKz1ZRk5a0rlwEjJhg',1,NULL,'Residencial Sao Francisco',NULL,' SP',NULL,NULL,NULL,'2024-07-12 12:01:06','2024-07-12 12:01:06',NULL),
(175,'-',NULL,'12237-876','Conjunto Residencial Trinta e Um de Marco','São José dos Campos','São Paulo','nao',NULL,NULL,'2024-07-12 12:49:20','2024-07-12 12:49:38',NULL),
(176,'MD0ieFat48ByPpWFHV566v8rW13WmxBLqrVuH3Cv',1,NULL,'Residencial Sao Francisco',NULL,' SP',NULL,'2024-07-12 00:00:00','2024-07-12 00:00:00','2024-07-12 12:53:08','2024-07-12 14:16:11',NULL),
(177,'pi6P4AkZQzBeSVvCuGVCiPBnYY6B9og3NVxgmTcu',NULL,NULL,NULL,NULL,NULL,NULL,NULL,NULL,'2024-07-12 14:16:07','2024-07-12 14:16:07',NULL),
(178,'-',NULL,'04016-032','Ipiranga','São Paulo','SP','nao',NULL,NULL,'2024-07-12 14:28:39','2024-07-12 14:33:54',NULL),
(179,'n3Mqr0qC8qXdrp4KFc6tB55BPJQp9uV2Si4793Om',1,NULL,'Centro',NULL,' SP',NULL,'2024-07-12 00:00:00','2024-07-23 00:00:00','2024-07-12 14:40:54','2024-07-12 15:21:44',NULL),
(180,'-',NULL,NULL,NULL,NULL,NULL,'nao',NULL,NULL,'2024-07-12 15:10:32','2024-07-12 15:10:38',NULL),
(181,'t2lSd4CTldNOZ8Lx5pLgkubAEr0aGvdSD411u918',NULL,NULL,NULL,NULL,NULL,NULL,NULL,NULL,'2024-07-12 17:18:25','2024-07-12 17:18:25',NULL),
(182,'-',NULL,'08594-200',NULL,NULL,NULL,'nao',NULL,NULL,'2024-07-12 17:44:55','2024-07-12 17:45:38',NULL),
(183,'avNywqvp9e2q6GFBZFionvmvouJK3QnOCHavVG4h',1,NULL,'Centro',NULL,' SP',NULL,'2024-07-12 00:00:00','2024-07-12 00:00:00','2024-07-12 17:45:55','2024-07-12 17:48:25',NULL),
(184,'uQtQ4W4Gmugfhjl1YuankiPVHLVCWlGv0AyLe14Q',NULL,NULL,NULL,NULL,NULL,NULL,NULL,NULL,'2024-07-15 13:53:55','2024-07-15 13:53:55',NULL),
(185,'2JrzWoDxvE9ZvhUQacYqv44q3I9nItLryUXtX8fY',NULL,NULL,NULL,NULL,NULL,NULL,NULL,NULL,'2024-07-15 14:14:59','2024-07-15 14:14:59',NULL),
(186,'K2SNJqWYyTkX448GSEdLwYgNNWcgv4gEm1uVwC6z',NULL,NULL,NULL,NULL,NULL,NULL,NULL,NULL,'2024-07-15 18:54:13','2024-07-15 18:54:13',NULL),
(187,'1N9n0hznRRnjC1Jlt7vmRHWu3yKMqviB8P26wTY6',NULL,NULL,NULL,NULL,NULL,NULL,NULL,NULL,'2024-07-16 19:05:58','2024-07-16 19:05:58',NULL),
(188,'-',NULL,NULL,NULL,NULL,NULL,'nao',NULL,NULL,'2024-07-16 19:06:26','2024-07-16 19:06:28',NULL),
(189,'Sh37T0cgHMNg6fpC79ExAgQxdG4oLgUIECNlrOGn',1,NULL,'Residencial Sao Francisco',NULL,' SP',NULL,NULL,NULL,'2024-07-16 19:06:31','2024-07-16 19:06:31',NULL),
(190,'X2y6OgvfUiTExbHFzqwGfSR4kOfkGDcvLsKc06IB',NULL,NULL,NULL,NULL,NULL,NULL,NULL,NULL,'2024-07-16 19:06:33','2024-07-16 19:06:33',NULL),
(191,'vwef6jzMzJpnNwJAeoa7fzgTZ1y0rtTHwVtoewUC',NULL,NULL,NULL,NULL,NULL,NULL,NULL,NULL,'2024-07-16 19:26:52','2024-07-16 19:26:52',NULL),
(192,'-',NULL,'01002-020','Centro','São Paulo','SP','nao',NULL,NULL,'2024-07-16 20:16:37','2024-07-16 20:17:13',NULL),
(193,'-',1,'01002-020','Centro','São Paulo','SP','nao','2024-07-16 00:00:00','2024-07-16 00:00:00','2024-07-16 20:17:20','2024-07-16 20:22:27',NULL),
(194,'dxN9wHww0p7qqaLEr6xHDYNc8azTi18eB4vhFJuG',1,NULL,'Águas de Lindóia',NULL,NULL,NULL,NULL,NULL,'2024-07-16 20:22:36','2024-07-16 20:22:36',NULL),
(195,'-',NULL,'01002-020','Centro','São Paulo','SP','nao',NULL,NULL,'2024-07-16 20:32:33','2024-07-16 20:32:41',NULL),
(196,'xcvRHOr31SPgfvuYU1dDhCztJB84KrzHrV66GiB2',1,NULL,'Centro',NULL,' SP',NULL,'2024-07-16 00:00:00','2024-07-16 00:00:00','2024-07-16 20:32:47','2024-07-16 20:33:10',NULL),
(197,'-',NULL,'01002-020','Centro','São Paulo','SP','nao',NULL,NULL,'2024-07-17 11:52:35','2024-07-17 11:52:47',NULL),
(198,'-',1,'01002-020','Centro','São Paulo','SP','nao','2024-07-17 00:00:00','2024-07-17 00:00:00','2024-07-17 11:52:52','2024-07-17 11:54:20',NULL),
(199,'us44omfw2BBdMcXQc0L8EWy0F2ZTjCfHUu5w2yNj',1,NULL,'Centro',NULL,' SP',NULL,'2024-07-17 00:00:00','2024-07-24 00:00:00','2024-07-17 11:54:28','2024-07-17 13:07:58',NULL),
(200,'-',NULL,'01002-020','Centro','São Paulo','SP','nao',NULL,NULL,'2024-07-17 17:21:10','2024-07-17 17:21:18',NULL),
(201,'ZJU2Xyu3n3JTGtsbuHWYYMpE1Wii3iY1stwK0MaX',1,NULL,'Centro',NULL,' SP',NULL,'2024-07-17 00:00:00','2024-07-17 00:00:00','2024-07-17 17:21:22','2024-07-17 17:21:55',NULL),
(202,'lVVErMmh5iIAK3GKUF9YvAl4aWZrCZmgoRtHT3OC',NULL,NULL,NULL,NULL,NULL,NULL,NULL,NULL,'2024-07-17 20:48:48','2024-07-17 20:48:48',NULL),
(203,'-',NULL,'12237-875','Residencial de Ville','São José dos Campos','São Paulo','nao',NULL,NULL,'2024-07-17 21:46:49','2024-07-17 21:47:00',NULL),
(204,'W3vaiwBy4SF3MLjHoNYb21JMQbZHQlC6JubEWW51',1,NULL,'Residencial Sao Francisco',NULL,' SP',NULL,'2024-07-17 00:00:00','2024-07-17 00:00:00','2024-07-17 21:47:02','2024-07-17 21:47:11',NULL),
(205,'3ektzrclxMIeMhLUuhl1RjJJl41ALTx55mnSFUCJ',NULL,NULL,NULL,NULL,NULL,NULL,NULL,NULL,'2024-07-18 16:53:10','2024-07-18 16:53:10',NULL),
(206,'-',NULL,'12237-876','Conjunto Residencial Trinta e Um de Marco','São José dos Campos','São Paulo','nao',NULL,NULL,'2024-07-18 16:54:27','2024-07-18 16:57:25',NULL),
(207,'-',1,'12237-876','Conjunto Residencial Trinta e Um de Marco','São José dos Campos','São Paulo','nao',NULL,NULL,'2024-07-18 16:57:28','2024-07-18 18:06:49',NULL),
(208,'KdmbyhvKLDbi9oA2GCOUSYajLli5U3yskXfbxyFj',NULL,NULL,NULL,NULL,NULL,NULL,NULL,NULL,'2024-07-18 18:55:30','2024-07-18 18:55:30',NULL),
(209,'-',NULL,'08594-200','Parque Residencial Marengo','Itaquaquecetuba','SP','nao',NULL,NULL,'2024-07-19 12:47:41','2024-07-19 12:47:54',NULL),
(210,'sslDFsZ1Iijd7yhuZfo5KYH59vNAYYJtVo7iTAwi',1,NULL,'Centro',NULL,' SP',NULL,'2024-07-19 00:00:00','2024-07-19 00:00:00','2024-07-19 12:47:59','2024-07-19 12:49:19',NULL),
(211,'a43FRYsGAyj1MtYbMiLMKOv6pmJ1K2wPCd0VxrZa',NULL,NULL,NULL,NULL,NULL,NULL,NULL,NULL,'2024-07-19 18:53:45','2024-07-19 18:53:45',NULL),
(212,'YLFNo2mJYQo0lgfDEWsc93m7ymyNMyQuIukhSV8d',NULL,NULL,NULL,NULL,NULL,NULL,NULL,NULL,'2024-07-19 19:21:47','2024-07-19 19:21:47',NULL),
(213,'YscRRnjnSYKuiwOu26LyDOHdE9f3RJ4l9HIQ1d2z',NULL,NULL,NULL,NULL,NULL,NULL,NULL,NULL,'2024-07-19 19:26:59','2024-07-19 19:26:59',NULL),
(214,'YOrS59BmVc9n8KKkImIQDLaAEGowiFAi573nZPeE',NULL,NULL,NULL,NULL,NULL,NULL,NULL,NULL,'2024-07-22 13:58:52','2024-07-22 13:58:52',NULL),
(215,'-',NULL,'12237-872','Conjunto Residencial Trinta e Um de Marco','São José dos Campos','São Paulo','nao',NULL,NULL,'2024-07-22 14:06:25','2024-07-22 14:32:20',NULL),
(216,'-',NULL,'12237-872','Conjunto Residencial Trinta e Um de Marco','São José dos Campos','São Paulo','nao',NULL,NULL,'2024-07-22 14:38:02','2024-07-22 14:38:04',NULL),
(217,'WI3fFpUZVQkczv3Y0CZrhAM7MAaoQp7zfcCWBeu0',NULL,NULL,NULL,NULL,NULL,NULL,NULL,NULL,'2024-07-22 17:53:31','2024-07-22 17:53:31',NULL),
(218,'0aUU5EBoEkEF24vYPboSRuoqvr6s0e52L6442i9s',NULL,NULL,NULL,NULL,NULL,NULL,'2024-07-22 00:00:00','2024-07-22 00:00:00','2024-07-22 19:22:44','2024-07-22 20:33:56',NULL),
(219,'6YOf3zdesp2enDj2MbgYEDelOSvgAsFqPkccxdrf',NULL,NULL,NULL,NULL,NULL,NULL,NULL,NULL,'2024-07-23 18:03:24','2024-07-23 18:03:24',NULL),
(220,'2nheF6kSzSQO2tFa3BPixGwvCgqSm6uDR7uFT60A',NULL,NULL,NULL,NULL,NULL,NULL,NULL,NULL,'2024-07-23 18:29:28','2024-07-23 18:29:28',NULL),
(221,'2UxPQaQbAGr9cHng8J5GVCbjB2lLseM6uSP43ykh',NULL,NULL,NULL,NULL,NULL,NULL,NULL,NULL,'2024-07-23 19:26:54','2024-07-23 19:26:54',NULL),
(222,'-',NULL,'01002-020','Centro','São Paulo','SP','nao',NULL,NULL,'2024-07-24 13:04:59','2024-07-24 13:05:18',NULL),
(223,'RnCC17tlLdJzuwwuVUGrUbVAuHNzqVdWKEdNjvBB',NULL,NULL,NULL,NULL,NULL,NULL,NULL,NULL,'2024-07-24 16:02:06','2024-07-24 16:02:06',NULL),
(224,'RvNcNRrntoLCKhxq0d7Y1rHVjLByH7pzHmyEHjXI',NULL,NULL,NULL,NULL,NULL,NULL,NULL,NULL,'2024-07-24 16:02:45','2024-07-24 16:02:45',NULL),
(225,'ZiQR4CvQlak5zGPLdwpRBaHVzh6M5l9omNCsQOWu',NULL,NULL,NULL,NULL,NULL,NULL,NULL,NULL,'2024-07-24 16:04:42','2024-07-24 16:04:42',NULL),
(226,'PRWeq18NR5O21RElAzN2y23SiJ1QMDbqpWAYNSpq',NULL,NULL,NULL,NULL,NULL,NULL,NULL,NULL,'2024-07-24 19:24:57','2024-07-24 19:24:57',NULL),
(227,'6xxjxvEUXxhtO3WNrDA9kRsGen4BllNWN1U9Q97j',NULL,NULL,NULL,NULL,NULL,NULL,NULL,NULL,'2024-07-24 21:10:53','2024-07-24 21:10:53',NULL),
(228,'qujks7eFI52FfeXu9rhn2BOQar0C5erGF6ueAvg6',NULL,NULL,NULL,NULL,NULL,NULL,NULL,NULL,'2024-07-25 13:52:49','2024-07-25 13:52:49',NULL),
(229,'CyEUlMlzJDcRbX3Ufnz3AQuYpZuRrJG9B3BgrjrV',NULL,NULL,NULL,NULL,NULL,NULL,NULL,NULL,'2024-07-25 16:53:37','2024-07-25 16:53:37',NULL),
(230,'BpyrReT700SlEWjG2v6rlxeqfa6sJnfZopIo7cWL',NULL,NULL,NULL,NULL,NULL,NULL,NULL,NULL,'2024-07-25 16:53:42','2024-07-25 16:53:42',NULL),
(231,'FpZTqJiz7cspmZzTejhUoshnHs6osmRtPwJvIH9a',NULL,NULL,NULL,NULL,NULL,NULL,NULL,NULL,'2024-07-25 17:22:56','2024-07-25 17:22:56',NULL),
(232,'VKAQljVcc53Qwup0NnUSMGGg9dxpgNsHq4n9kHZ4',NULL,NULL,NULL,NULL,NULL,NULL,NULL,NULL,'2024-07-25 17:23:58','2024-07-25 17:23:58',NULL),
(233,'nfjOn1Ddv5us2B6jjs1thwDxSXPm1w8stzfWVZTE',NULL,NULL,NULL,NULL,NULL,NULL,NULL,NULL,'2024-07-25 17:23:58','2024-07-25 17:23:58',NULL),
(234,'-',NULL,'27963-012','Parque Aeroporto','Macaé','Rio de Janeiro','nao',NULL,NULL,'2024-07-26 18:25:49','2024-07-26 18:25:58',NULL),
(235,'5KIHB2f6XcAbmawVSwRqV9TZo3uiYaaKInuYs092',2,NULL,'Bela Vista',NULL,' SP',NULL,'2024-07-26 00:00:00','2024-07-29 00:00:00','2024-07-26 18:26:16','2024-07-26 18:27:15',NULL),
(236,'-',NULL,'12237-876','Conjunto Residencial Trinta e Um de Marco','São José dos Campos','São Paulo','nao',NULL,NULL,'2024-07-29 16:49:14','2024-07-29 16:49:42',NULL),
(237,'-',1,'12237-876','Conjunto Residencial Trinta e Um de Marco','São José dos Campos','São Paulo','nao','2024-07-29 00:00:00','2024-07-29 00:00:00','2024-07-29 16:49:49','2024-07-29 16:50:12',NULL),
(238,'EqZMBw1X6C7xGIUWcDT04aLFDB8L2ygzO5CUhUPT',2,NULL,'Centro',NULL,' SP',NULL,'2024-07-29 00:00:00','2024-07-29 00:00:00','2024-07-29 16:50:27','2024-07-29 16:52:14',NULL),
(239,'-',NULL,'04013-003','Vila Mariana','São Paulo','São Paulo','nao',NULL,NULL,'2024-07-29 20:20:14','2024-07-29 20:22:08',NULL),
(240,'ffleCmsAwb5rZKAa6KFkBdCqih5pTQWAvMethmFo',2,NULL,'Vila Mariana',NULL,' SP',NULL,'2024-07-29 00:00:00','2024-07-29 00:00:00','2024-07-29 20:22:16','2024-07-29 20:28:40',NULL),
(241,'-',NULL,'05734-150','Vila Andrade','São Paulo','SP','nao',NULL,NULL,'2024-07-30 11:19:37','2024-07-30 11:19:59',NULL),
(242,'-',1,'02910-025','Águas de Lindóia',NULL,NULL,'nao','2024-07-30 00:00:00','2024-07-30 00:00:00','2024-07-30 11:20:16','2024-07-30 11:25:21',NULL),
(243,'-',NULL,'08594-200',NULL,NULL,NULL,'nao',NULL,NULL,'2024-07-30 12:40:06','2024-07-30 12:50:06',NULL),
(244,'CHIgXGS6DtOAX69E2019Hlg23TzcdpuBf0WlnF2H',2,NULL,'Butantã',NULL,' SP',NULL,'2024-07-30 00:00:00','2024-07-30 00:00:00','2024-07-30 12:50:20','2024-07-30 14:16:04',NULL),
(245,'-',NULL,'02910-025',NULL,NULL,NULL,'nao',NULL,NULL,'2024-07-30 16:25:55','2024-07-30 16:26:17',NULL),
(246,'aLkxB6dFDat4mpSpEScn6ROiy3R1IoY1I1FxNjkd',2,NULL,'Parque Jaçatuba',NULL,' SP',NULL,NULL,NULL,'2024-07-30 16:26:35','2024-07-30 16:26:35',NULL),
(247,'Y8WtG82QMjuYmlkN7J8wCQlBj0M0A6QD3TgItzgG',NULL,NULL,NULL,NULL,NULL,NULL,NULL,NULL,'2024-07-30 19:11:33','2024-07-30 19:11:33',NULL),
(248,'-',NULL,'59022-230','Lagoa Seca','Natal','Rio Grande do Norte','nao',NULL,NULL,'2024-07-30 19:12:15','2024-07-30 19:12:18',NULL),
(249,'Y9nF29yxBt083RsORKKfA76syfNEeYMmTcRoDkd6',2,NULL,'Vila Mariana',NULL,' SP',NULL,'2024-07-30 00:00:00','2024-07-30 00:00:00','2024-07-30 19:12:33','2024-07-30 19:16:19',NULL),
(250,'Iy6RdUQWEWdwMAqh5v2M5jOyVGLSp2gnZrTyOYmj',NULL,NULL,NULL,NULL,NULL,NULL,NULL,NULL,'2024-07-30 19:44:30','2024-07-30 19:44:30',NULL),
(251,'FQH7jw1Ym1naF5Xpa91nBCdzanCBczGEnLPVjHJH',NULL,NULL,NULL,NULL,NULL,NULL,NULL,NULL,'2024-07-31 11:37:52','2024-07-31 11:37:52',NULL),
(252,'N5phEGRo47VAYu3qNgPls3mHVPgX0THyDW8GiLmd',NULL,NULL,NULL,NULL,NULL,NULL,NULL,NULL,'2024-07-31 11:57:16','2024-07-31 11:57:16',NULL),
(253,'hYMQUTRZLTSMXQ8NJcplevCMIi306Cz2DQ9rkXIU',NULL,NULL,NULL,NULL,NULL,NULL,NULL,NULL,'2024-07-31 14:23:23','2024-07-31 14:23:23',NULL),
(254,'42xirOUuWRLtCi3143mhnJM0WfDKpAOFmiPhcD0R',NULL,NULL,NULL,NULL,NULL,NULL,NULL,NULL,'2024-07-31 17:33:15','2024-07-31 17:33:15',NULL),
(255,'wiuKwBYBB4R8ySNq0bfIQyn2sHPvSwzIvxeoWTLx',NULL,NULL,NULL,NULL,NULL,NULL,NULL,NULL,'2024-07-31 17:41:22','2024-07-31 17:41:22',NULL),
(256,'-',NULL,'12210-110','Centro','São José dos Campos','São Paulo','nao',NULL,NULL,'2024-07-31 18:28:30','2024-07-31 18:28:44',NULL),
(257,'SZGXtHtC7bSwpitd4rDXDMl6QcVw3e7oVnEB1Gh9',2,NULL,'Centro',NULL,' SP',NULL,'2024-07-31 00:00:00','2024-07-31 00:00:00','2024-07-31 18:28:54','2024-07-31 18:32:09',NULL),
(258,'-',NULL,'01002-020',NULL,NULL,NULL,'nao',NULL,NULL,'2024-07-31 20:53:10','2024-07-31 20:53:26',NULL),
(259,'sZBX8rtdQIMfKgdUeIYVaNcdc32Y134JKFXebbjg',2,NULL,'Bom Retiro',NULL,' SP',NULL,'2024-07-31 00:00:00','2024-07-31 00:00:00','2024-07-31 20:53:36','2024-07-31 20:53:44',NULL),
(260,'-',NULL,'08594-200','Parque Residencial Marengo','Itaquaquecetuba','SP','nao',NULL,NULL,'2024-08-01 14:27:37','2024-08-01 14:27:40',NULL),
(261,'7ZAjGEUwoYbdGLZYuM75nHstzMPpw9EpGoCG95Wr',1,NULL,'Centro',NULL,' SP',NULL,'2024-08-01 00:00:00','2024-08-01 00:00:00','2024-08-01 14:27:46','2024-08-01 14:27:55',NULL),
(262,'-',NULL,'05734-150',NULL,NULL,NULL,'nao',NULL,NULL,'2024-08-01 16:08:28','2024-08-01 16:08:53',NULL),
(263,'UZ9FSmDiLU5Ip9mnsXOzmT120EXN2a8Eu5QMSAvB',2,NULL,'Bom Retiro',NULL,' SP',NULL,'2024-08-01 00:00:00','2024-08-01 00:00:00','2024-08-01 16:09:07','2024-08-01 16:09:22',NULL),
(264,'3qyYhN31S9UXUDF1isVAZ2eGo2E7QnBExQU9crdw',NULL,NULL,NULL,NULL,NULL,NULL,NULL,NULL,'2024-08-01 16:15:40','2024-08-01 16:15:40',NULL),
(265,'uLxrwMGBiXXR1Oc7NbC2zJnBho3I9tcJ8hVubhKp',NULL,NULL,NULL,NULL,NULL,NULL,NULL,NULL,'2024-08-01 16:33:26','2024-08-01 16:33:26',NULL),
(266,'xim14NJgushlyh3mU5wDyiiCcA53Naui77RHb5cE',NULL,NULL,NULL,NULL,NULL,NULL,NULL,NULL,'2024-08-01 17:31:50','2024-08-01 17:31:50',NULL),
(267,'mvTJXqOI598urazcmtWpLy5HzoI1ZoqlvzZMY4GF',NULL,NULL,NULL,NULL,NULL,NULL,NULL,NULL,'2024-08-04 15:37:58','2024-08-04 15:37:58',NULL),
(268,'-',NULL,'12243-360','Vila Guaianazes','São José dos Campos','São Paulo','nao',NULL,NULL,'2024-08-05 10:56:49','2024-08-05 12:23:32',NULL),
(269,'ydktzx9K4YKTBquNwasnF2LscHbNEO6k7X3Nqvke',1,NULL,'Residencial Sao Francisco',NULL,' SP',NULL,'2024-08-05 00:00:00','2024-08-05 00:00:00','2024-08-05 12:23:38','2024-08-05 12:26:12',NULL),
(270,'k9LnNUuDGWTkIrm5KIceQmlm52Yv6mPzk4uzGGsO',NULL,NULL,NULL,NULL,NULL,NULL,NULL,NULL,'2024-08-05 12:37:58','2024-08-05 12:37:58',NULL),
(271,'-',NULL,'08594-200',NULL,NULL,NULL,'nao',NULL,NULL,'2024-08-05 13:01:26','2024-08-05 13:01:31',NULL),
(272,'jhwTbxBJsPLIxvzYlPbFdpLokmbwRZw2jhErpShh',1,NULL,'Centro',NULL,' RJ',NULL,'2024-08-05 00:00:00','2024-08-05 00:00:00','2024-08-05 13:01:35','2024-08-05 13:04:33',NULL),
(273,'GlGX5uQob36xJnmFQygw3zvbGhHjCvcxCyKvvSU0',NULL,NULL,NULL,NULL,NULL,NULL,NULL,NULL,'2024-08-05 16:58:22','2024-08-05 16:58:22',NULL),
(274,'A6qBf7rNAPptkWsUMq71G9XxOF40ZpbaevCgacPb',NULL,NULL,NULL,NULL,NULL,NULL,NULL,NULL,'2024-08-05 16:58:24','2024-08-05 16:58:24',NULL),
(275,'3FEPjQCpxby6wJGCmWWXT4J5rSDbm98CLie81CTM',NULL,NULL,NULL,NULL,NULL,NULL,NULL,NULL,'2024-08-05 16:58:29','2024-08-05 16:58:29',NULL),
(276,'dIrfRWtPRsFJRY44gXBa6zJFIjn8pdS5oXxld8CQ',NULL,NULL,NULL,NULL,NULL,NULL,NULL,NULL,'2024-08-05 16:58:33','2024-08-05 16:58:33',NULL),
(277,'SIoPTO5AzbLS2hWhasVqBIw64JsSat9Pu10OLNxX',NULL,NULL,NULL,NULL,NULL,NULL,NULL,NULL,'2024-08-05 18:52:14','2024-08-05 18:52:14',NULL),
(278,'g91S546rr014smLRo4HlAQnKtEanXsS6gfs36FkX',NULL,NULL,NULL,NULL,NULL,NULL,NULL,NULL,'2024-08-07 12:21:36','2024-08-07 12:21:36',NULL),
(279,'pnomXeCZWwS0hdQRwYaLLGI5vGZKa3IRPxTRYpnu',NULL,NULL,NULL,NULL,NULL,NULL,NULL,NULL,'2024-08-07 13:37:52','2024-08-07 13:37:52',NULL),
(280,'-',NULL,'12235-750','Parque Industrial','São José dos Campos','São Paulo','nao',NULL,NULL,'2024-08-07 13:43:53','2024-08-07 13:48:58',NULL),
(281,'uacomOIdVB19a0wW5I9O6NsYJMGYiFXFxjHmse6I',1,NULL,'Centro',NULL,' SE',NULL,NULL,NULL,'2024-08-07 13:49:03','2024-08-07 13:49:03',NULL),
(282,'bYxAgR1kIfR6LTPOkamy1oV1ZhiBmG7S8kgCkiN3',NULL,NULL,NULL,NULL,NULL,NULL,NULL,NULL,'2024-08-07 13:54:01','2024-08-07 13:54:01',NULL),
(283,'EbgQlk35JMEb0Guhrub9Gcfd9PbXi7daH8RPSzyp',NULL,NULL,NULL,NULL,NULL,NULL,NULL,NULL,'2024-08-07 23:52:06','2024-08-07 23:52:06',NULL),
(284,'kcHaDIRZemxYPFUGnMw78ZSXYHwuijqsomfPtxeb',NULL,NULL,NULL,NULL,NULL,NULL,NULL,NULL,'2024-08-09 13:17:32','2024-08-09 13:17:32',NULL),
(285,'-',NULL,'12237-876','Parque Industrial','São José dos Campos','São Paulo','nao',NULL,NULL,'2024-08-09 15:22:15','2024-08-09 16:57:37',NULL),
(286,'DYnI7hrNhCv3mDx2V3Dw7MXfEeCKfdLB0Srqbd4M',1,NULL,'Residencial Sao Francisco',NULL,' SP',NULL,NULL,NULL,'2024-08-09 16:57:42','2024-08-09 16:57:42',NULL),
(287,'0VR7ydrHnbsUN7IekxHvMvyFtQCrgVOqkNezk8mU',NULL,NULL,NULL,NULL,NULL,NULL,NULL,NULL,'2024-08-11 16:33:09','2024-08-11 16:33:09',NULL),
(288,'qHF5UyX5RFNH3nOyeDBt7BQgoKiy7OYq3wS76qrD',NULL,NULL,NULL,NULL,NULL,NULL,NULL,NULL,'2024-08-12 06:46:44','2024-08-12 06:46:44',NULL),
(289,'-',NULL,'12237-000','Conjunto Residencial Trinta e Um de Março','São José dos Campos','SP','nao',NULL,NULL,'2024-08-12 12:23:52','2024-08-12 12:24:34',NULL),
(290,'-',1,'12237-876','Conjunto Residencial Trinta e Um de Marco','São José dos Campos','São Paulo','nao','2024-08-12 00:00:00','2024-08-12 00:00:00','2024-08-12 12:24:39','2024-08-12 12:25:24',NULL),
(291,'nKq1CQGtXnkD9wDGNOAmcelnsQ15ntg1QNcl3beL',2,NULL,'Centro',NULL,' SP',NULL,'2024-08-12 00:00:00','2024-08-12 00:00:00','2024-08-12 12:25:28','2024-08-12 12:28:01',NULL),
(292,'xKHtKgx6ifegCdBby03C6GBoUVzQ3Jn8pmZC0Ibd',NULL,NULL,NULL,NULL,NULL,NULL,NULL,NULL,'2024-08-13 15:02:53','2024-08-13 15:02:53',NULL),
(293,'K4uHvNwvXRK0YZDdf0Tj4oysmOwVrP42PQJ9qP6r',NULL,NULL,NULL,NULL,NULL,NULL,NULL,NULL,'2024-08-13 17:55:25','2024-08-13 17:55:25',NULL),
(294,'NIyjTx0oFC8Y71tt61k6YkHpeZwGIFSlU1Ws3jvV',NULL,NULL,NULL,NULL,NULL,NULL,NULL,NULL,'2024-08-13 18:57:20','2024-08-13 18:57:20',NULL),
(295,'KJboj5CKDaLHvsAe5xMqGCtqyklpj6tTNI4ph0Sd',NULL,NULL,NULL,NULL,NULL,NULL,NULL,NULL,'2024-08-13 20:00:52','2024-08-13 20:00:52',NULL),
(296,'33VqWFyPKrum40hRshd7SGp8K4PmfJxn03BQKSU8',NULL,NULL,NULL,NULL,NULL,NULL,NULL,NULL,'2024-08-14 00:50:24','2024-08-14 00:50:24',NULL),
(297,'-',NULL,'04011-080',NULL,NULL,NULL,'nao',NULL,NULL,'2024-08-14 01:50:25','2024-08-14 01:51:15',NULL),
(298,'d0AAvY8n3CQeR4mIBivmyEuY7UOxkCk4V1Mhfnf9',2,NULL,'Vila Mariana',NULL,' SP',NULL,'2024-08-14 00:00:00','2024-08-14 00:00:00','2024-08-14 01:51:40','2024-08-14 01:53:46',NULL),
(299,'MetVMUqBdSuHNOCFaYiwrk06VLwYBAyZhYUSxXNy',NULL,NULL,NULL,NULL,NULL,NULL,NULL,NULL,'2024-08-14 17:18:22','2024-08-14 17:18:22',NULL),
(300,'-',NULL,'06210-110','Presidente Altino','Osasco','São Paulo','nao',NULL,NULL,'2024-08-14 18:17:07','2024-08-14 18:17:10',NULL),
(301,'tWqV0Wtv7pamA7Vm0I0B0aXGKDBJzKe32axh1jv1',1,NULL,'Centro',NULL,' SP',NULL,'2024-09-24 00:00:00','2024-10-08 00:00:00','2024-08-14 18:17:19','2024-08-14 18:17:58',NULL),
(302,'-',NULL,'04217-000','Ipiranga','São Paulo','SP','nao',NULL,NULL,'2024-08-14 18:22:32','2024-08-14 18:22:55',NULL),
(303,'gsQxJuxzQIsaWAj0ZkeaIIgGpJG3M1R26tWasx3Y',2,NULL,'Cambuci',NULL,' SP',NULL,'2024-08-14 00:00:00','2024-10-09 00:00:00','2024-08-14 18:23:18','2024-08-14 18:31:26',NULL),
(304,'QMBksbDUVtV5b9unGBO0RTkFPTj9c96hqvdeAr5M',NULL,NULL,NULL,NULL,NULL,NULL,NULL,NULL,'2024-08-15 00:54:30','2024-08-15 00:54:30',NULL),
(305,'-',NULL,'01002-020',NULL,NULL,NULL,'nao',NULL,NULL,'2024-08-15 19:27:42','2024-08-15 19:27:49',NULL),
(306,'LX5zGZNLtvG3ajXOi6eeo1HfGQNXubQtd8Suic8O',2,NULL,'Centro',NULL,' SP',NULL,NULL,NULL,'2024-08-15 19:27:57','2024-08-15 19:27:57',NULL),
(307,'wbzlh927pGeI4pCbtREfP9KnL7zyhFSD7laOzij5',NULL,NULL,NULL,NULL,NULL,NULL,NULL,NULL,'2024-08-16 12:22:08','2024-08-16 12:22:08',NULL),
(308,'ht31kheaQuwKfVFPrfYMV5le6kejwF7ZGDUPxQuX',NULL,NULL,NULL,NULL,NULL,NULL,NULL,NULL,'2024-08-16 19:22:58','2024-08-16 19:22:58',NULL),
(309,'pDTJQp4W0wd7WyUWAOwC4qDaphB3SecHRHuFmSSB',NULL,NULL,NULL,NULL,NULL,NULL,NULL,NULL,'2024-08-18 17:20:02','2024-08-18 17:20:02',NULL),
(310,'-',NULL,'08594-200',NULL,NULL,NULL,'nao',NULL,NULL,'2024-08-19 14:12:16','2024-08-19 14:12:57',NULL),
(311,'PIbW8wmh0AswFJqpzKqDgzKz4lJZx6xv2knXko9w',1,NULL,'Centro',NULL,' SE',NULL,'2024-08-19 00:00:00','2024-08-22 00:00:00','2024-08-19 14:13:10','2024-08-19 14:13:25',NULL),
(312,'-',NULL,'12237-730',NULL,NULL,NULL,'nao',NULL,NULL,'2024-08-19 17:03:58','2024-08-19 17:04:13',NULL),
(313,'AipPWFEVd4QRC3nriThulDtI88CP5RoN2Pwicge5',1,NULL,'Residencial Sao Francisco',NULL,' SP',NULL,NULL,NULL,'2024-08-19 17:04:20','2024-08-19 17:04:20',NULL),
(314,'-',NULL,'12210-110','Centro','São José dos Campos','São Paulo','nao',NULL,NULL,'2024-08-19 17:11:50','2024-08-19 17:13:40',NULL),
(315,'6M5HnBuS6do8qufq7lLNVl9tEU0D8bSC2yWSuqGT',1,NULL,'Residencial Sao Francisco',NULL,' SP',NULL,'2024-08-19 00:00:00','2024-08-19 00:00:00','2024-08-19 17:13:50','2024-08-19 17:13:55',NULL),
(316,'3i267r4CUVoKwfqBH1tNixShAa4EHAfWtZFoLW5N',NULL,NULL,NULL,NULL,NULL,NULL,NULL,NULL,'2024-08-19 17:45:39','2024-08-19 17:45:39',NULL),
(317,'7W0rDInFTeuDpS7JIZnyBDWsJDMvT1QopaOowlh5',NULL,NULL,NULL,NULL,NULL,NULL,NULL,NULL,'2024-08-20 05:12:55','2024-08-20 05:12:55',NULL),
(318,'MFI0PbQ5ZtQo4fRuX9KSPjYZOS3MHjZbQWJMUKZp',NULL,NULL,NULL,NULL,NULL,NULL,NULL,NULL,'2024-08-20 07:50:05','2024-08-20 07:50:05',NULL),
(319,'3DqaLSP9i76dvZGRTKHTWU7pOGkPnE6M4RwJHR21',NULL,NULL,NULL,NULL,NULL,NULL,NULL,NULL,'2024-08-20 10:49:33','2024-08-20 10:49:33',NULL),
(320,'g1XIyxxTouUwpFevU05fKbDt0YCGKHYUvzlUpTtz',NULL,NULL,NULL,NULL,NULL,NULL,NULL,NULL,'2024-08-20 11:48:21','2024-08-20 11:48:21',NULL),
(321,'-',NULL,'12237-872','Conjunto Residencial Trinta e Um de Marco','São José dos Campos','São Paulo','nao',NULL,NULL,'2024-08-20 17:39:25','2024-08-20 17:49:10',NULL),
(322,'wSlt44UzX6UKxRS81b0NhIqk0kGvSDLJoCNa7UGP',NULL,NULL,NULL,NULL,NULL,NULL,NULL,NULL,'2024-08-20 17:39:59','2024-08-20 17:39:59',NULL),
(323,'-',NULL,NULL,NULL,NULL,NULL,'nao',NULL,NULL,'2024-08-21 12:34:29','2024-08-21 13:34:01',NULL),
(324,'UVYuYuCw7GjwCsNJF8kLK5vazxNPsJAHr3ubGsOF',1,NULL,'Residencial Sao Francisco',NULL,' SP',NULL,NULL,NULL,'2024-08-21 13:34:07','2024-08-21 13:34:07',NULL),
(325,'-',NULL,'12237-730',NULL,NULL,NULL,'nao',NULL,NULL,'2024-08-21 16:32:24','2024-08-21 16:32:50',NULL),
(326,'-',1,'12237-730','Conjunto Residencial Trinta e Um de Março','São José dos Campos','SP','nao','2024-08-21 00:00:00','2024-08-21 00:00:00','2024-08-21 16:32:55','2024-08-21 16:36:20',NULL),
(327,'-',1,'12237-730','Conjunto Residencial Trinta e Um de Março','São José dos Campos','SP','nao','2024-08-21 00:00:00','2024-09-21 00:00:00','2024-08-21 16:36:38','2024-08-21 16:37:06',NULL),
(328,'-',1,'12237-730','Conjunto Residencial Trinta e Um de Março','São José dos Campos','SP','nao','2024-08-21 00:00:00','2024-08-21 00:00:00','2024-08-21 16:53:25','2024-08-21 16:53:35',NULL),
(329,'-',2,'12237-730','Conjunto Residencial Trinta e Um de Março','São José dos Campos','SP','nao',NULL,NULL,'2024-08-21 16:53:41','2024-08-21 16:53:54',NULL),
(330,'-',1,'12237-730','Conjunto Residencial Trinta e Um de Março','São José dos Campos','SP','nao',NULL,NULL,'2024-08-21 16:53:57','2024-08-21 16:54:03',NULL),
(331,'-',2,'12237-730','Conjunto Residencial Trinta e Um de Março','São José dos Campos','SP','nao',NULL,NULL,'2024-08-21 16:54:10','2024-08-21 16:55:27',NULL),
(332,'UkTx67tJNCkqjBSj0ESa9CiqteTxVQdrfhVrdacn',2,NULL,'Centro',NULL,' SP',NULL,'2024-08-21 00:00:00','2024-08-21 00:00:00','2024-08-21 16:55:57','2024-08-21 16:56:31',NULL),
(333,'-',NULL,'12227-853','Residencial São Francisco','São José dos Campos','SP','nao',NULL,NULL,'2024-08-22 13:31:32','2024-08-22 13:31:37',NULL),
(334,'-',1,NULL,'Centro',NULL,'RJ','nao','2024-08-22 00:00:00','2024-08-22 00:00:00','2024-08-22 13:31:41','2024-08-22 13:51:43',NULL),
(335,'ycMIXiPtUyl4wN5yhvgY6GO7MyMcLHF4wFSoQj40',2,NULL,'Centro',NULL,' SP',NULL,'2024-08-22 00:00:00','2024-09-27 00:00:00','2024-08-22 13:52:44','2024-08-22 13:55:29',NULL),
(336,'-',NULL,'12227-010','Jardim da Granja','São José dos Campos','São Paulo','nao',NULL,NULL,'2024-08-22 13:55:49','2024-08-22 13:55:58',NULL),
(337,'-',1,'12227-853','Centro',NULL,'SP','nao','2024-08-22 00:00:00','2024-08-29 00:00:00','2024-08-22 13:56:06','2024-08-22 14:04:48',NULL),
(338,'evost43y0RCdHzyzpWFvzNCNOaYG35JehG69mR9f',2,NULL,'Centro',NULL,' SP',NULL,'2024-08-22 00:00:00','2024-08-22 00:00:00','2024-08-22 14:04:58','2024-08-22 14:05:01',NULL),
(339,'oIyFXmlx0wtz4REIDYsFCOWgl0rAnIKZ2Abu7how',NULL,NULL,NULL,NULL,NULL,NULL,NULL,NULL,'2024-08-22 14:05:44','2024-08-22 14:05:44',NULL),
(340,'-',NULL,'12237-730',NULL,NULL,NULL,'nao',NULL,NULL,'2024-08-22 16:37:34','2024-08-22 16:37:41',NULL),
(341,'UJG1aLTzoRkZQAtLNDGHDg0R2l6zZMklLKTyYY2T',2,NULL,'Centro',NULL,' SP',NULL,'2024-08-22 00:00:00','2024-08-29 00:00:00','2024-08-22 16:37:46','2024-08-22 17:11:22',NULL),
(342,'84D60vszO1k7j1LmEkF2UE3X7DRpu1wRHBTtTcYI',NULL,NULL,NULL,NULL,NULL,NULL,NULL,NULL,'2024-08-24 10:42:03','2024-08-24 10:42:03',NULL),
(343,'dSs0DR6eFIHVAxfAHaPOkCBOdy1CFLnzuGY8uUt2',NULL,NULL,NULL,NULL,NULL,NULL,NULL,NULL,'2024-08-24 10:42:06','2024-08-24 10:42:06',NULL),
(344,'0oUjtrFaIPKbiKWYDC54quLSrlnoDwQ2gluaLVmI',NULL,NULL,NULL,NULL,NULL,NULL,NULL,NULL,'2024-08-25 18:25:28','2024-08-25 18:25:28',NULL),
(345,'hwWjHbPBiHgqBaYgnylKxfNPEbSUJzIRWuyQ4ihc',NULL,NULL,NULL,NULL,NULL,NULL,NULL,NULL,'2024-08-28 11:14:38','2024-08-28 11:14:38',NULL),
(346,'LWArGn1zdX06m0x9HdVDPBVf39JfWLO5WCGeh9ST',NULL,NULL,NULL,NULL,NULL,NULL,NULL,NULL,'2024-08-28 11:15:53','2024-08-28 11:15:53',NULL),
(347,'XCsUG7uQ5QFxk8qffxS4xrf9FSg4OtQQR1fqzkj8',NULL,NULL,NULL,NULL,NULL,NULL,NULL,NULL,'2024-08-28 11:31:15','2024-08-28 11:31:15',NULL),
(348,'1Oec4psd47S1i1zG1VwMLEUQURXcm5VliKDb7Cdb',NULL,NULL,NULL,NULL,NULL,NULL,NULL,NULL,'2024-08-28 11:32:04','2024-08-28 11:32:04',NULL),
(349,'w8zAHa7k0IA5SK2MOA0zNj8KPRxEUJE03yJWnSWa',NULL,NULL,NULL,NULL,NULL,NULL,NULL,NULL,'2024-08-28 11:32:13','2024-08-28 11:32:13',NULL),
(350,'-',NULL,'27920-390','Praia Campista','Macaé','Rio de Janeiro','nao',NULL,NULL,'2024-08-28 11:54:12','2024-08-28 11:54:56',NULL),
(351,'-',1,'27920-390','Praia Campista','Macaé','Rio de Janeiro','nao',NULL,NULL,'2024-08-28 11:55:05','2024-08-28 11:55:21',NULL),
(352,'-',2,'Brasil','Avenida Atlântica','Praia Campista','Macaé','nao','2024-08-28 00:00:00','2024-08-28 00:00:00','2024-08-28 11:55:34','2024-08-28 13:26:21',NULL),
(353,'-',2,'Brasil','Avenida Atlântica','Praia Campista','Macaé','nao',NULL,NULL,'2024-08-28 13:26:29','2024-08-28 13:26:42',NULL),
(354,'-',1,'Brasil','Avenida Atlântica','Praia Campista','Macaé','nao',NULL,NULL,'2024-08-28 13:26:50','2024-08-28 13:27:01',NULL),
(355,'-',1,'Brasil','Avenida Atlântica','Praia Campista','Macaé','nao',NULL,NULL,'2024-08-28 13:27:07','2024-08-28 13:27:26',NULL),
(356,'-',1,'Brasil','Avenida Atlântica','Praia Campista','Macaé','nao',NULL,NULL,'2024-08-28 13:27:32','2024-08-28 13:27:49',NULL),
(357,'85pWA8DjBnRrsnxPetnnCuV5gFT7YqQ32PwVzazy',2,NULL,'Vila Madalena',NULL,' SP',NULL,'2024-08-28 00:00:00','2024-09-11 00:00:00','2024-08-28 13:28:01','2024-08-28 14:43:17',NULL),
(358,'-',NULL,'12227-853',NULL,NULL,NULL,'nao',NULL,NULL,'2024-08-28 14:43:01','2024-08-28 14:43:09',NULL),
(359,'93nDRaqIBYtQmFi7Xvpkdrkvaxo14iQf4Kkmo783',2,NULL,'Barra Funda',NULL,' SP',NULL,'2024-08-28 00:00:00','2024-08-28 00:00:00','2024-08-28 14:43:16','2024-08-28 14:43:21',NULL),
(360,'-',NULL,'08594-200','Parque Residencial Marengo','Itaquaquecetuba','SP','nao',NULL,NULL,'2024-08-28 15:46:54','2024-08-28 15:46:59',NULL),
(361,'fcW0Ft6BLTQPOuC9bDGXxHIDJZI8ousPLyZ90svg',1,NULL,'Centro',NULL,' SP',NULL,'2024-08-28 00:00:00','2024-08-28 00:00:00','2024-08-28 15:47:05','2024-08-28 15:47:22',NULL),
(362,'-',NULL,'Brasil','Avenida Atlântica','Praia Campista','Macaé','nao',NULL,NULL,'2024-08-28 17:11:27','2024-08-28 17:11:34',NULL),
(363,'jHU8RgOaFA6SrnKBqiushGrz5oTZL413it9qIMaV',2,NULL,'Centro',NULL,' SP',NULL,'2024-08-28 00:00:00','2024-08-28 00:00:00','2024-08-28 17:11:40','2024-08-28 17:37:05',NULL),
(364,'-',NULL,'12237-020','Conjunto Residencial Trinta e Um de Marco','São José dos Campos','São Paulo','nao',NULL,NULL,'2024-08-28 18:24:32','2024-08-28 18:26:28',NULL),
(365,'-',1,'12227-853','Residencial Sao Francisco',NULL,'SP','nao','2024-08-28 00:00:00','2024-08-28 00:00:00','2024-08-28 18:26:32','2024-08-28 19:50:18',NULL),
(366,'-',NULL,'27920-360','Cavaleiros','Macaé','Rio de Janeiro','nao',NULL,NULL,'2024-08-28 18:59:04','2024-08-28 18:59:10',NULL),
(367,'wxpDVFrmxL6MBCc8E2z6RL1fxVP2UujZ5HBeKueG',1,NULL,'Centro',NULL,' RJ',NULL,NULL,NULL,'2024-08-28 18:59:20','2024-08-28 18:59:20',NULL),
(368,'-',NULL,'12237-876','Conjunto Residencial Trinta e Um de Marco','São José dos Campos','São Paulo','nao',NULL,NULL,'2024-08-28 19:26:24','2024-08-28 19:26:41',NULL),
(369,'-',1,'12237-876','Conjunto Residencial Trinta e Um de Marco','São José dos Campos','São Paulo','nao','2024-08-28 00:00:00','2024-08-28 00:00:00','2024-08-28 19:26:55','2024-08-28 19:30:43',NULL),
(370,'-',NULL,'Brasil','Avenida Atlântica','Praia Campista','Macaé','nao',NULL,NULL,'2024-08-28 19:29:33','2024-08-28 19:29:41',NULL),
(371,'E2RPNf9IR4lnSpykzU7aRSM7eLE7YTCTNstU9ZEY',2,NULL,'Centro',NULL,' SP',NULL,'2024-08-28 00:00:00','2024-09-04 00:00:00','2024-08-28 19:30:01','2024-08-28 19:30:39',NULL),
(372,'-',1,'12237-000','Centro',NULL,'SP','nao','2024-08-28 00:00:00','2024-08-28 00:00:00','2024-08-28 19:30:51','2024-08-28 19:31:10',NULL),
(373,'-',2,'12237-000','Conjunto Residencial Trinta e Um de Março','São José dos Campos','SP','nao',NULL,NULL,'2024-08-28 19:31:16','2024-08-28 19:31:27',NULL),
(374,'Y9utVOKPwHFkD9T3hGt4yfYzd8ejT1rIWht8uaBn',2,NULL,'Alto de Pinheiros',NULL,' SP',NULL,'2024-08-28 00:00:00','2024-08-28 00:00:00','2024-08-28 19:31:33','2024-08-28 19:32:15',NULL),
(375,'s024eX6BnJ0VHpnfya2yvWuDTA74MHW7jjf19bEE',2,NULL,'Barra Funda',NULL,' SP',NULL,'2024-08-28 00:00:00','2024-09-12 00:00:00','2024-08-28 19:50:26','2024-08-28 20:02:32',NULL),
(376,'ppJmeY8fICSDwMIcyhWZvdobQzYVlNBRCU7aWWW6',NULL,NULL,NULL,NULL,NULL,NULL,'2024-08-28 00:00:00','2024-08-28 00:00:00','2024-08-28 20:31:33','2024-08-28 20:38:29',NULL),
(377,'8Np1vd8wuW52K5qdogJOjiEguaaJWQ5x3WkjNXOz',NULL,NULL,NULL,NULL,NULL,NULL,NULL,NULL,'2024-08-29 07:35:39','2024-08-29 07:35:39',NULL),
(378,'C7tgbtr7KPNfKCx3nl07PyfGxG0NQjSNvXYLBVzZ',NULL,NULL,NULL,NULL,NULL,NULL,NULL,NULL,'2024-08-29 10:00:01','2024-08-29 10:00:01',NULL),
(379,'-',NULL,'27936-010','Campo D\'Oeste','Macaé','Rio de Janeiro','nao',NULL,NULL,'2024-08-29 10:36:36','2024-08-29 10:36:43',NULL),
(380,'-',1,NULL,'Centro',NULL,'SP','nao',NULL,NULL,'2024-08-29 10:36:52','2024-08-29 13:22:53',NULL),
(381,'-',NULL,'Brasil','Avenida Atlântica','Praia Campista','Macaé','nao',NULL,NULL,'2024-08-29 11:56:51','2024-08-29 11:57:06',NULL),
(382,'-',1,NULL,'Centro',NULL,'SP','nao',NULL,NULL,'2024-08-29 11:57:41','2024-08-29 13:34:47',NULL),
(383,'-',NULL,'12227-853','Residencial São Francisco','São José dos Campos','SP','nao',NULL,NULL,'2024-08-29 12:07:49','2024-08-29 12:07:59',NULL),
(384,'DKPhkHjnS8wKkPGlnxtInUIYyF59tVt6RMSL5ebZ',2,NULL,'Barra Funda',NULL,' SP',NULL,'2024-08-29 00:00:00','2024-08-29 00:00:00','2024-08-29 12:08:11','2024-08-29 12:08:17',NULL),
(385,'-',NULL,'12227-853',NULL,NULL,NULL,'nao',NULL,NULL,'2024-08-29 12:19:50','2024-08-29 12:20:00',NULL),
(386,'xK194COq0cYy9WHT1N7tqDcnpdvjuOYHeUELDxoe',2,NULL,'Barra Funda',NULL,' SP',NULL,NULL,NULL,'2024-08-29 12:20:08','2024-08-29 12:20:08',NULL),
(387,'-',NULL,'12227-853','Residencial São Francisco','São José dos Campos','SP','nao',NULL,NULL,'2024-08-29 12:30:17','2024-08-29 12:36:00',NULL),
(388,'IWczxlpdxWdHqx5BAZq5kZMgZcFsSfRjtVQbAxqx',2,NULL,'Barra Funda',NULL,' SP',NULL,NULL,NULL,'2024-08-29 12:36:17','2024-08-29 12:36:17',NULL),
(389,'-',NULL,'12237-875','Residencial de Ville','São José dos Campos','São Paulo','nao',NULL,NULL,'2024-08-29 12:40:36','2024-08-29 12:40:40',NULL),
(390,'ssVFnOam7jbEJdnsaq5D1HiSDFTUMdyqjSoJVQhd',2,NULL,'Alto de Pinheiros',NULL,' SP',NULL,NULL,NULL,'2024-08-29 12:40:46','2024-08-29 12:40:46',NULL),
(391,'-',NULL,'12237-876','Conjunto Residencial Trinta e Um de Marco','São José dos Campos','São Paulo','nao',NULL,NULL,'2024-08-29 13:11:33','2024-08-29 13:11:51',NULL),
(392,'izm7j4Emaj1fGtikt093fHNaOXxX4bRPNgEvn4fg',2,NULL,'Alto de Pinheiros',NULL,' SP',NULL,NULL,NULL,'2024-08-29 13:11:57','2024-08-29 13:11:57',NULL),
(393,'-',2,NULL,'Centro',NULL,'SP','nao','2024-08-29 00:00:00','2024-08-29 00:00:00','2024-08-29 13:24:05','2024-08-29 13:26:41',NULL),
(394,'-',NULL,'12210-090','Centro','São José dos Campos','São Paulo','nao',NULL,NULL,'2024-08-29 13:25:36','2024-08-29 13:37:37',NULL),
(395,'-',2,NULL,'Centro',NULL,'SP','nao','2024-08-29 00:00:00','2024-08-29 00:00:00','2024-08-29 13:27:47','2024-08-29 13:38:57',NULL),
(396,'mGHrhusf6M7U6Ezjeli90Z0vfgJQjlXxOoP2E5y9',2,NULL,'Barra Funda',NULL,' SP',NULL,NULL,NULL,'2024-08-29 13:37:44','2024-08-29 13:37:44',NULL),
(397,'-',NULL,'Brasil','Avenida Atlântica','Praia Campista','Macaé','nao',NULL,NULL,'2024-08-29 13:40:19','2024-08-29 13:40:21',NULL),
(398,'RfvfZoUmimCDC07nBu4Xh94iw1PJHdoTEOZEmnEr',2,NULL,'Centro',NULL,' SP',NULL,NULL,NULL,'2024-08-29 13:40:35','2024-08-29 13:40:35',NULL),
(399,'-',NULL,NULL,NULL,NULL,NULL,'nao',NULL,NULL,'2024-08-29 13:49:56','2024-08-29 13:51:13',NULL),
(400,'-',2,NULL,'Campo Limpo',NULL,'SP','nao',NULL,NULL,'2024-08-29 13:51:17','2024-08-29 15:05:01',NULL),
(401,'VFG3PWPyaxmoceUHlWSBDu2avKgeWp1SCY7FDnrR',NULL,NULL,NULL,NULL,NULL,NULL,NULL,NULL,'2024-08-29 15:13:35','2024-08-29 15:13:35',NULL),
(402,'LzIHLTRxEitg9na3ZH6ie1gBjSIavdvbpwXnzjN9',NULL,NULL,NULL,NULL,NULL,NULL,NULL,NULL,'2024-08-29 15:51:54','2024-08-29 15:51:54',NULL),
(403,'EdnN7SNLrsYx5vHZ2SLu2du6S32bISOnNO2q7yXU',NULL,NULL,NULL,NULL,NULL,NULL,NULL,NULL,'2024-08-29 16:05:48','2024-08-29 16:05:48',NULL),
(404,'-',NULL,'Brasil','Avenida Atlântica','Praia Campista','Macaé','nao',NULL,NULL,'2024-08-29 18:21:31','2024-08-29 18:21:42',NULL),
(405,'-',2,NULL,'Centro',NULL,'SP','nao','2024-08-29 00:00:00','2024-09-26 00:00:00','2024-08-29 18:23:20','2024-08-29 18:46:17',NULL),
(406,'-',NULL,'27920-325','Praia Campista','Macaé','Rio de Janeiro','nao',NULL,NULL,'2024-08-29 18:25:17','2024-08-29 18:25:19',NULL),
(407,'WqF4g9ODQCJsRaPManHdlAtKuJLmkJCLs7OyFjp5',2,NULL,'Centro',NULL,' SP',NULL,NULL,NULL,'2024-08-29 18:25:24','2024-08-29 18:25:24',NULL),
(408,'-',NULL,'Brasil','Avenida Atlântica','Praia Campista','Macaé','nao',NULL,NULL,'2024-08-29 18:30:08','2024-08-29 18:30:13',NULL),
(409,'OGuJFTMssH9htnyrKFi58ZMvK7mFm2tf2eAiBbwp',2,NULL,'Socorro',NULL,'SP',NULL,NULL,NULL,'2024-08-29 18:30:27','2024-08-29 18:30:27',NULL),
(410,'-',NULL,'Brasil','Avenida Atlântica','Praia Campista','Macaé','nao',NULL,NULL,'2024-08-29 18:34:28','2024-08-29 18:34:41',NULL),
(411,'ELSBgRmKtO4nrRo52y1mkNh6EqufmRdHN50FZ1qT',2,NULL,'Bosque da Saúde',NULL,' SP',NULL,NULL,NULL,'2024-08-29 18:35:03','2024-08-29 18:35:03',NULL),
(412,'-',NULL,'27920-250','Cavaleiros','Macaé','Rio de Janeiro','nao',NULL,NULL,'2024-08-29 18:44:25','2024-08-29 18:44:32',NULL),
(413,'KmL5AsCNQsRXmr5IkjtcYvQPJWHVxWmgRuD1XviC',NULL,NULL,NULL,NULL,NULL,NULL,NULL,NULL,'2024-08-30 13:46:12','2024-08-30 13:46:12',NULL),
(414,'-',NULL,'27963-736','Parque Aeroporto','Macaé','Rio de Janeiro','nao',NULL,NULL,'2024-08-30 13:50:45','2024-08-30 13:50:55',NULL),
(415,'KCkAldRGsFYffQI9mxlPC29ettrIBabf5eef54Tt',2,NULL,'Centro',NULL,' SP',NULL,NULL,NULL,'2024-08-30 13:51:20','2024-08-30 13:51:20',NULL),
(416,'-',NULL,'27963-736','Parque Aeroporto','Macaé','Rio de Janeiro','nao',NULL,NULL,'2024-08-30 13:52:53','2024-08-30 13:52:56',NULL),
(417,'AqBwBN7yMgthX4RBzgSC5Npd4pG3ndto9AIR3X0n',2,NULL,'Centro',NULL,' SP',NULL,NULL,NULL,'2024-08-30 13:53:04','2024-08-30 13:53:04',NULL),
(418,'QGWWwhTxQtOM8tR4bFRm89zF3iEsskTpWuZhd4mL',NULL,NULL,NULL,NULL,NULL,NULL,NULL,NULL,'2024-08-30 14:16:32','2024-08-30 14:16:32',NULL),
(419,'-',NULL,'27964-041','Granja dos Cavaleiros','Macaé','Rio de Janeiro','nao',NULL,NULL,'2024-08-30 14:16:57','2024-08-30 14:17:03',NULL),
(420,'eJOWTp8SiUJt16MVHI6Ks6FQVowFT9Rls1UIb570',2,NULL,'Barra Funda',NULL,' SP',NULL,NULL,NULL,'2024-08-30 14:17:08','2024-08-30 14:17:08',NULL),
(421,'-',NULL,'12237-876','Parque Industrial','São José dos Campos','São Paulo','nao',NULL,NULL,'2024-08-30 16:38:38','2024-08-30 16:39:00',NULL),
(422,'6iKcoHcS7NIYnXLPoJVhUUe6zzuJCJrj6U5AlIE7',2,NULL,'Brás',NULL,' SP',NULL,NULL,NULL,'2024-08-30 16:39:06','2024-08-30 16:39:06',NULL),
(423,'-',NULL,'12237-872','Conjunto Residencial Trinta e Um de Marco','São José dos Campos','São Paulo','nao',NULL,NULL,'2024-08-30 16:44:44','2024-08-30 16:44:47',NULL),
(424,'o2QsazkFSSX2nHz5QzOo5uTS6yjMEbyxGkt9IJNH',2,NULL,'Butantã',NULL,' SP',NULL,NULL,NULL,'2024-08-30 16:44:54','2024-08-30 16:44:54',NULL),
(425,'-',NULL,'27963-736','Parque Aeroporto','Macaé','Rio de Janeiro','nao',NULL,NULL,'2024-08-30 16:48:25','2024-08-30 16:48:41',NULL),
(426,'6kkWLVq3rqCirWhDLX0VmMdk0KKDc9gvlcXNP4tE',2,NULL,'Centro',NULL,' SP',NULL,NULL,NULL,'2024-08-30 16:48:47','2024-08-30 16:48:47',NULL),
(427,'-',NULL,'12237-876','Parque Industrial','São José dos Campos','São Paulo','nao',NULL,NULL,'2024-08-30 17:23:30','2024-08-30 19:22:26',NULL),
(428,'vRtBhTHfCWklo76vtllXgR0BLWktM9UQSqs7ARHd',2,NULL,'Barra Funda',NULL,' SP',NULL,'2024-08-30 00:00:00','2024-09-12 00:00:00','2024-08-30 19:22:31','2024-08-30 19:27:46',NULL),
(429,'QWsMw5jZZ143kk1zmvhbXoLHbfpVC8akXFo69LOz',NULL,NULL,NULL,NULL,NULL,NULL,NULL,NULL,'2024-09-01 18:50:41','2024-09-01 18:50:41',NULL),
(430,'EY2fKJNzGcZ0WcFva9uRN7zoJBVIl9V4qNCAqXrV',NULL,NULL,NULL,NULL,NULL,NULL,NULL,NULL,'2024-09-02 03:00:45','2024-09-02 03:00:45',NULL),
(431,'-',NULL,'27920-325','Praia Campista','Macaé','Rio de Janeiro','nao',NULL,NULL,'2024-09-02 15:54:28','2024-09-02 15:54:31',NULL),
(432,'4h4IIZxocm0qoKOOHZTOd8FKxKEmf6thUqcSKJvB',2,NULL,'Centro',NULL,' SP',NULL,NULL,NULL,'2024-09-02 15:54:36','2024-09-02 15:54:36',NULL),
(433,'-',NULL,'28895-898','Jardim Mariléa','Rio das Ostras','Rio de Janeiro','nao',NULL,NULL,'2024-09-02 15:54:40','2024-09-02 17:12:17',NULL),
(434,'-',NULL,'27930-000','Novo Cavaleiros','Macaé','Rio de Janeiro','nao',NULL,NULL,'2024-09-02 15:55:05','2024-09-02 15:55:08',NULL),
(435,'uKY32OecSg4nGWKKoHhkBjKXqd0sKANZPjwzetAx',2,NULL,'Centro',NULL,' SP',NULL,NULL,NULL,'2024-09-02 15:55:14','2024-09-02 15:55:14',NULL),
(436,'9DZbhVmxiG16aXe0CjJKgPE7Hg4OjI513FWTEp8P',2,NULL,'Centro',NULL,' SP',NULL,NULL,NULL,'2024-09-02 17:12:21','2024-09-02 17:12:21',NULL),
(437,'-',NULL,'Brasil','Avenida Atlântica','Praia Campista','Macaé','nao',NULL,NULL,'2024-09-02 17:37:34','2024-09-02 17:37:40',NULL),
(438,'TUwnt9g0MdTzBuhAILcQPM5vAg7vaur5XvMBtdeI',2,NULL,'Centro',NULL,' SP',NULL,'2024-09-02 00:00:00','2024-09-02 00:00:00','2024-09-02 17:37:47','2024-09-02 18:02:25',NULL),
(439,'-',NULL,'27930-360','Parque Aeroporto','Macaé','Rio de Janeiro','nao',NULL,NULL,'2024-09-02 19:59:49','2024-09-02 19:59:52',NULL),
(440,'xIh65JjDU8Vt33D3qDGZkTR59LQqiA37wEEMgFqh',2,NULL,'Centro',NULL,' SP',NULL,NULL,NULL,'2024-09-02 19:59:55','2024-09-02 19:59:55',NULL),
(441,'-',NULL,'Brasil','Avenida Atlântica','Praia Campista','Macaé','nao',NULL,NULL,'2024-09-03 11:32:44','2024-09-03 11:32:51',NULL),
(442,'fkD5AP1jxHKQROktr0nrWZol0lt58PQDiQM07IPl',2,NULL,'Centro',NULL,' SP',NULL,NULL,NULL,'2024-09-03 11:32:57','2024-09-03 11:32:57',NULL),
(443,'-',NULL,NULL,NULL,NULL,NULL,'nao',NULL,NULL,'2024-09-03 14:53:16','2024-09-03 14:53:20',NULL),
(444,'4E79RLXCrBa5Nczwlk9SkpmM5mmce7KwvkfCauL9',2,NULL,'Centro',NULL,' SP',NULL,'2024-09-03 00:00:00','2024-09-03 00:00:00','2024-09-03 14:53:25','2024-09-03 14:54:30',NULL),
(445,'-',NULL,'Brasil','Avenida Atlântica','Praia Campista','Macaé','nao',NULL,NULL,'2024-09-03 15:27:03','2024-09-03 17:19:34',NULL),
(446,'-',NULL,'12237-730',NULL,NULL,NULL,'nao',NULL,NULL,'2024-09-03 16:05:27','2024-09-03 16:10:52',NULL),
(447,'d4U134HnLQ4nxUARv3wadOJJL1KeFGdPUaL3Bd50',2,NULL,'Centro',NULL,' SP',NULL,NULL,NULL,'2024-09-03 16:10:57','2024-09-03 16:10:57',NULL),
(448,'EqKx9kkNkQmbSctnPAoBrMM0WfNcYDUyRGgf2ULt',2,NULL,'Centro',NULL,' SP',NULL,'2024-09-03 00:00:00','2024-09-10 00:00:00','2024-09-03 17:19:40','2024-09-03 17:20:09',NULL),
(449,'-',NULL,'27936-100','Campo D\'Oeste','Macaé','Rio de Janeiro','nao',NULL,NULL,'2024-09-03 17:31:51','2024-09-03 17:31:58',NULL),
(450,'r92raUU3l7kB7KA7QFPVPtKLwapsGDELQEJ8YGyL',2,NULL,'Centro',NULL,' SP',NULL,NULL,NULL,'2024-09-03 17:32:03','2024-09-03 17:32:03',NULL),
(451,'-',NULL,'Brasil','Avenida Atlântica','Praia Campista','Macaé','nao',NULL,NULL,'2024-09-03 17:35:40','2024-09-03 17:36:23',NULL),
(452,'cwtIfyB7ApwZUaRxgxilVrg1hiRwDueV95joKHAH',2,NULL,'Brooklin',NULL,' SP',NULL,NULL,NULL,'2024-09-03 17:36:29','2024-09-03 17:36:29',NULL),
(453,'fINFlyNAUtU3qwtwUqJwuhv2L47Mo35FGYwf7Hch',NULL,NULL,NULL,NULL,NULL,NULL,NULL,NULL,'2024-09-03 18:06:47','2024-09-03 18:06:47',NULL),
(454,'-',NULL,'Brasil','Avenida Atlântica','Praia Campista','Macaé','nao',NULL,NULL,'2024-09-03 19:02:18','2024-09-03 19:02:22',NULL),
(455,'9m1ONfoeQ6MssNQ5qrkewnmJskMYgNI3mSyECe7M',2,NULL,'Centro',NULL,' SP',NULL,NULL,NULL,'2024-09-03 19:02:29','2024-09-03 19:02:29',NULL),
(456,'-',NULL,'27923-215','Praia Campista','Macaé','Rio de Janeiro','nao',NULL,NULL,'2024-09-03 19:55:58','2024-09-03 19:56:01',NULL),
(457,'rh6YR17I6h0fNlKAn1u5eeg3xHzy0zekLQf8vAVx',2,NULL,'Centro',NULL,' SP',NULL,NULL,NULL,'2024-09-03 19:56:06','2024-09-03 19:56:06',NULL),
(458,'-',NULL,'27923-215','Cavaleiros','Macaé','Rio de Janeiro','nao',NULL,NULL,'2024-09-03 19:57:26','2024-09-03 19:57:38',NULL),
(459,'lm33i0Ee05FVz1sjmpLiuGoJtwSPQbFQTQH77IcH',2,NULL,'Butantã',NULL,' SP',NULL,NULL,NULL,'2024-09-03 19:57:42','2024-09-03 19:57:42',NULL),
(460,'-',NULL,'Brasil','Avenida Atlântica','Praia Campista','Macaé','nao',NULL,NULL,'2024-09-04 15:45:05','2024-09-04 15:45:11',NULL),
(461,'Cr4CFxgvhiCf8UpjJlonZC5OmVRVVzniYfmhmxj9',2,NULL,'Centro',NULL,' SP',NULL,NULL,NULL,'2024-09-04 15:45:16','2024-09-04 15:45:16',NULL),
(462,'-',NULL,'27930-360','Parque Aeroporto','Macaé','Rio de Janeiro','nao',NULL,NULL,'2024-09-04 15:45:52','2024-09-04 15:45:54',NULL),
(463,'gHVRZSVt437XuSG1dGY3GVp9a5ugZH41YNTztkA1',2,NULL,'Centro',NULL,' SP',NULL,NULL,NULL,'2024-09-04 15:45:58','2024-09-04 15:45:58',NULL),
(464,'Q7mREPv1WwvPy0JVAhxOo8PjodkU16a1N5SF33rU',NULL,NULL,NULL,NULL,NULL,NULL,NULL,NULL,'2024-09-04 19:23:45','2024-09-04 19:23:45',NULL),
(465,'-',NULL,'12227-853',NULL,NULL,NULL,'nao',NULL,NULL,'2024-09-04 20:13:09','2024-09-04 20:13:18',NULL),
(466,'yXMwjSnljq6Pz8BhMCS0TqrzawQ53iWsa4wUPtSB',2,NULL,'Barra Funda',NULL,' SP',NULL,NULL,NULL,'2024-09-04 20:13:23','2024-09-04 20:13:23',NULL),
(467,'lrbrau6Jng1VstkP3M0fOuhoJ3mAdMNQoyct2wCY',NULL,NULL,NULL,NULL,NULL,NULL,NULL,NULL,'2024-09-04 20:24:50','2024-09-04 20:24:50',NULL),
(468,'-',NULL,NULL,NULL,NULL,NULL,'nao',NULL,NULL,'2024-09-04 21:00:46','2024-09-04 21:00:55',NULL),
(469,'6UuxWj4GZrGcYNAOWQzuWmwxXy8FITEcOTIyCmOl',2,NULL,'Campo Limpo',NULL,' SP',NULL,NULL,NULL,'2024-09-04 21:01:01','2024-09-04 21:01:01',NULL),
(470,'-',NULL,'12237-875','Residencial de Ville','São José dos Campos','São Paulo','nao',NULL,NULL,'2024-09-04 21:11:52','2024-09-04 21:12:00',NULL),
(471,'njEyYAjdiGhYnwjow9mzvUXPYMukCZgFKksfYKDj',2,NULL,'Centro',NULL,' SP',NULL,'2024-09-04 00:00:00','2024-09-04 00:00:00','2024-09-04 21:12:08','2024-09-04 21:12:50',NULL),
(472,'j0D0dglpghXaAXImCmPxEnJjuFsyz3uLBFngIr7r',NULL,NULL,NULL,NULL,NULL,NULL,NULL,NULL,'2024-09-04 21:17:08','2024-09-04 21:17:08',NULL),
(473,'kiYjDsX1aFWugn7pDXG0ZP1qil8kdM5JAbvQXXw0',NULL,NULL,NULL,NULL,NULL,NULL,NULL,NULL,'2024-09-04 21:17:09','2024-09-04 21:17:09',NULL),
(474,'dYTHXstoIH9uThsviewkTWHNXjGY79nLYOvWW5PD',NULL,NULL,NULL,NULL,NULL,NULL,NULL,NULL,'2024-09-05 10:23:28','2024-09-05 10:23:28',NULL),
(475,'HHcTHpVlUMhP8icwiFjhRXZXGlRs267yvcaVzNYF',NULL,NULL,NULL,NULL,NULL,NULL,NULL,NULL,'2024-09-05 11:07:57','2024-09-05 11:07:57',NULL),
(476,'-',NULL,NULL,NULL,NULL,NULL,'nao',NULL,NULL,'2024-09-05 11:38:11','2024-09-05 11:39:15',NULL),
(477,'55k4xS34pBittJHTRtFgGHOSQRftqIuVWb2T7ggy',2,NULL,'Butantã',NULL,' SP',NULL,NULL,NULL,'2024-09-05 11:39:20','2024-09-05 11:39:20',NULL),
(478,'-',NULL,'Brasil','Avenida Atlântica','Praia Campista','Macaé','nao',NULL,NULL,'2024-09-05 14:15:58','2024-09-05 14:16:00',NULL),
(479,'OTRNIggiIVKfBruJr4yTTnnMIPy25ZKUVmY7CwUQ',2,NULL,'Centro',NULL,' SP',NULL,NULL,NULL,'2024-09-05 14:16:05','2024-09-05 14:16:05',NULL),
(480,'-',NULL,'Brasil','Avenida Atlântica','Praia Campista','Macaé','nao',NULL,NULL,'2024-09-05 15:29:16','2024-09-05 15:30:47',NULL),
(481,'xNZc7bvVrSkkXHx1S18uLzzHGYQT4QKqtq6VMN1T',2,NULL,'Centro',NULL,' SP',NULL,NULL,NULL,'2024-09-05 15:30:52','2024-09-05 15:30:52',NULL),
(482,'-',NULL,'12237-310',NULL,NULL,NULL,'nao',NULL,NULL,'2024-09-06 14:21:02','2024-09-06 14:22:43',NULL),
(483,'qXdamaCKiiWMzbXfcEIvGoykgblxVpAXpLWM93J3',2,NULL,'Centro',NULL,' SP',NULL,'2024-09-06 00:00:00','2024-09-06 00:00:00','2024-09-06 14:22:56','2024-09-06 14:23:10',NULL),
(484,'i2lSGSfh35lutOPTAM9Ndk7BqxHuAAX2Yg5fpxw9',NULL,NULL,NULL,NULL,NULL,NULL,NULL,NULL,'2024-09-06 14:34:07','2024-09-06 14:34:07',NULL),
(485,'IZNenNZlH550xoSr6FnV7MQLFvtZ0IN0JsB4lYuq',NULL,NULL,NULL,NULL,NULL,NULL,NULL,NULL,'2024-09-06 14:58:23','2024-09-06 14:58:23',NULL),
(486,'-',NULL,'12238-500','Chácaras Reunidas','São José dos Campos','São Paulo','nao',NULL,NULL,'2024-09-06 18:00:25','2024-09-06 18:16:53',NULL),
(487,'AYWUDlbYb7IbAY4zpb8jR7EpdUzhFYMaKXpmFVnD',2,NULL,'Centro',NULL,' SP',NULL,NULL,NULL,'2024-09-06 18:16:57','2024-09-06 18:16:57',NULL),
(488,'-',NULL,'27963-736','Parque Aeroporto','Macaé','Rio de Janeiro','nao',NULL,NULL,'2024-09-06 18:36:16','2024-09-06 18:36:38',NULL),
(489,'LSHDY7axRoGlqKfkBoFdyk3PEwv7FkDT7WMOW216',2,NULL,'Centro',NULL,' SP',NULL,NULL,NULL,'2024-09-06 18:36:44','2024-09-06 18:36:44',NULL),
(490,'x0XeSXFNIo7aNRqU14hJt2M3sY0oaTNXBC6Su37f',NULL,NULL,NULL,NULL,NULL,NULL,NULL,NULL,'2024-09-06 18:40:55','2024-09-06 18:40:55',NULL),
(491,'fXTLxh3dKhmd3hrPHr4ibxSA7jOlTI1LDhha3FKz',NULL,NULL,NULL,NULL,NULL,NULL,NULL,NULL,'2024-09-06 18:56:32','2024-09-06 18:56:32',NULL),
(492,'0HDs1pWtaGrdAGwlyOIUfM6nMn2As0UmuodIdc8S',NULL,NULL,NULL,NULL,NULL,NULL,NULL,NULL,'2024-09-06 19:00:51','2024-09-06 19:00:51',NULL),
(493,'XZAv5oNsMcMBTi1zKmBjgOYxXOW7jfd1qy77IZhK',NULL,NULL,NULL,NULL,NULL,NULL,NULL,NULL,'2024-09-06 22:39:30','2024-09-06 22:39:30',NULL),
(494,'lRfolPW6uNlYBZMLkzIxsaEvXG67RjxWKbONeTqH',NULL,NULL,NULL,NULL,NULL,NULL,NULL,NULL,'2024-09-06 23:24:04','2024-09-06 23:24:04',NULL),
(495,'kwHM1c5jwVMM6057fGFYDNeX6C4FBvE81T0evDB1',NULL,NULL,NULL,NULL,NULL,NULL,NULL,NULL,'2024-09-07 09:11:19','2024-09-07 09:11:19',NULL),
(496,'ZBLjWQIZpssemms2N9rHA2gVSPjlyfSic3IXl55Q',NULL,NULL,NULL,NULL,NULL,NULL,NULL,NULL,'2024-09-07 12:24:43','2024-09-07 12:24:43',NULL),
(497,'2B2hnJC7z0qV2MpFBZWmtgb6MHj6YadR4IqbJQXv',NULL,NULL,NULL,NULL,NULL,NULL,NULL,NULL,'2024-09-07 21:39:29','2024-09-07 21:39:29',NULL),
(498,'-',NULL,'01027-050',NULL,NULL,NULL,'nao',NULL,NULL,'2024-09-08 14:09:13','2024-09-08 14:49:39',NULL),
(499,'6JOCxmFAxlzEoNoGDTzjANfCZbgiwhZEQm14hQWF',NULL,NULL,NULL,NULL,NULL,NULL,NULL,NULL,'2024-09-08 14:11:40','2024-09-08 14:11:40',NULL),
(500,'Uj8rjDe7mnZsyxEo4UmYys3A8qPMquh5K5A5Ri32',2,NULL,'Centro',NULL,' SP',NULL,'2024-09-08 00:00:00','2024-09-08 00:00:00','2024-09-08 14:49:51','2024-09-08 14:50:01',NULL),
(501,'hoiTJ2sEkb6NynqjsCiVaXOuIXjV0KmyewVmhyJz',NULL,NULL,NULL,NULL,NULL,NULL,NULL,NULL,'2024-09-08 20:57:47','2024-09-08 20:57:47',NULL),
(502,'qaX9j2GkWUjpy2rnaQpwYl0avj0nOm34qRvDcH2u',NULL,NULL,NULL,NULL,NULL,NULL,NULL,NULL,'2024-09-09 05:39:18','2024-09-09 05:39:18',NULL),
(503,'XOzPMwqFOojbIS2V1uqd8wdXAu2U3BY30bnufw6r',NULL,NULL,NULL,NULL,NULL,NULL,NULL,NULL,'2024-09-09 10:47:02','2024-09-09 10:47:02',NULL),
(504,'zGNlBo5tkYeCNaXyGXejN4MUhuh0Fqq5hmkoyihO',NULL,NULL,NULL,NULL,NULL,NULL,NULL,NULL,'2024-09-09 13:14:46','2024-09-09 13:14:46',NULL),
(505,'-',NULL,'01000-000',NULL,NULL,NULL,'nao',NULL,NULL,'2024-09-09 16:58:30','2024-09-09 16:58:38',NULL),
(506,'zP5THzJcgicHSdIaqmdhwowJG4potr17lrRQZcRR',2,NULL,'Centro',NULL,' SP',NULL,'2024-09-09 00:00:00','2024-09-09 00:00:00','2024-09-09 16:58:45','2024-09-09 17:00:46',NULL),
(507,'HV78wiAJ0Q0cIvbZrILidq9MYYpDR6qwqrXR8l6v',NULL,NULL,NULL,NULL,NULL,NULL,NULL,NULL,'2024-09-09 18:28:57','2024-09-09 18:28:57',NULL),
(508,'vRpnwXv2mwuN7atpPIkopiKqgZx43KkcptoLBVny',NULL,NULL,NULL,NULL,NULL,NULL,NULL,NULL,'2024-09-09 18:45:28','2024-09-09 18:45:28',NULL),
(509,'H6NJjwmgKShqMyDfMYPMJdkPdyV9yCYU2FzLdTIO',NULL,NULL,NULL,NULL,NULL,NULL,NULL,NULL,'2024-09-10 14:18:23','2024-09-10 14:18:23',NULL),
(510,'dcL2g4LishEMhLqSMwvWr7vU8hvNGpYwX3VqUBjm',NULL,NULL,NULL,NULL,NULL,NULL,NULL,NULL,'2024-09-10 14:19:09','2024-09-10 14:19:09',NULL),
(511,'2YoTjcvj4siLztXg3Xx3wWOZkumdHsleNaKrr48h',NULL,NULL,NULL,NULL,NULL,NULL,NULL,NULL,'2024-09-10 14:19:10','2024-09-10 14:19:10',NULL),
(512,'bwbR9eSFJ80pg7uSO06oKxPzTvBvW93aEQjZoj2d',NULL,NULL,NULL,NULL,NULL,NULL,NULL,NULL,'2024-09-10 14:27:30','2024-09-10 14:27:30',NULL),
(513,'-',NULL,'12210-110','Centro','São José dos Campos','São Paulo','nao',NULL,NULL,'2024-09-10 15:41:10','2024-09-10 15:41:25',NULL),
(514,'dqaAyBTwBiucmTuuuZnlse2dxFeQhYlW4FGQHjpo',2,NULL,'Centro',NULL,' SP',NULL,NULL,NULL,'2024-09-10 15:41:33','2024-09-10 15:41:33',NULL),
(515,'KLaCNOeliIMpqU9vTxQoPnBkdho51o8vt7teA2eq',NULL,NULL,NULL,NULL,NULL,NULL,NULL,NULL,'2024-09-10 17:17:04','2024-09-10 17:17:04',NULL),
(516,'-',NULL,'12237-876','Conjunto Residencial Trinta e Um de Marco','São José dos Campos','São Paulo','nao',NULL,NULL,'2024-09-10 18:55:32','2024-09-10 18:57:10',NULL),
(517,'KGqpPXdwG2Pum2vqFuEod10qgOD4WMFmNLnw4ZCP',2,NULL,'Centro',NULL,' SP',NULL,'2024-09-10 00:00:00','2024-09-10 00:00:00','2024-09-10 18:58:01','2024-09-10 19:43:01',NULL),
(518,'Dh4I4xd3kWSHk6DG8veLUPq1d0LYfTJtiNaXPcH2',NULL,NULL,NULL,NULL,NULL,NULL,NULL,NULL,'2024-09-10 19:00:18','2024-09-10 19:00:18',NULL),
(519,'-',NULL,'01000-000',NULL,NULL,NULL,'nao',NULL,NULL,'2024-09-10 19:31:04','2024-09-10 19:31:09',NULL),
(520,'DKHGidPdY3HFS0Nptnv3Evv9fahzjlTlE3z6fReD',2,NULL,'Centro',NULL,' SP',NULL,'2024-09-10 00:00:00','2024-09-10 00:00:00','2024-09-10 19:31:13','2024-09-10 19:31:21',NULL),
(521,'-',NULL,'57084-440','Benedito Bentes','Maceió','Alagoas','nao',NULL,NULL,'2024-09-10 19:35:16','2024-09-10 19:49:39',NULL),
(522,'-',NULL,'Brasil','Avenida Atlântica','Praia Campista','Macaé','nao',NULL,NULL,'2024-09-10 19:36:03','2024-09-10 19:36:27',NULL),
(523,'qLk9wCkqLy3VPcFZ6WEjUk98soHICOIqDByNEfvQ',NULL,NULL,NULL,NULL,NULL,NULL,NULL,NULL,'2024-09-10 19:37:30','2024-09-10 19:37:30',NULL),
(524,'-',NULL,'08594-200','Parque Residencial Marengo','Itaquaquecetuba','SP','nao',NULL,NULL,'2024-09-10 19:41:01','2024-09-10 19:45:01',NULL),
(525,'-',NULL,'Brasil','Avenida Atlântica','Praia Campista','Macaé','nao',NULL,NULL,'2024-09-10 19:42:32','2024-09-10 19:43:55',NULL),
(526,'wICRLMB2JZ6srw0OrWFNz7r40bmKjWoNGLHQnyjQ',2,NULL,'Centro',NULL,' SP',NULL,NULL,NULL,'2024-09-10 19:44:00','2024-09-10 19:44:00',NULL),
(527,'wWExHaU5xFWpvfN9x5ojgYo9TKHtwoiI2a7H6uS8',2,NULL,'Centro',NULL,' SP',NULL,'2024-09-10 00:00:00','2024-09-10 00:00:00','2024-09-10 19:45:05','2024-09-10 19:45:13',NULL),
(528,'-',NULL,NULL,NULL,NULL,NULL,'nao',NULL,NULL,'2024-09-10 19:47:43','2024-09-10 19:48:05',NULL),
(529,'DYpoiAAPFKpuTsmFlLFEi1Iansc8GsFSYAXhEW8f',2,NULL,'Centro',NULL,' SP',NULL,NULL,NULL,'2024-09-10 19:48:11','2024-09-10 19:48:11',NULL),
(530,'6CdxQkRKbzAlw7QpWUvdN1xzGJZAKPERFAKsHcVz',NULL,NULL,NULL,NULL,NULL,NULL,NULL,NULL,'2024-09-10 19:49:44','2024-09-10 19:49:44',NULL),
(531,'aNwrmzPoq7qSuolq9YR1QkCsKNgKbAcpaULcYl0L',NULL,NULL,NULL,NULL,NULL,NULL,NULL,NULL,'2024-09-10 19:52:36','2024-09-10 19:52:36',NULL),
(532,'-',NULL,'57084-440','Benedito Bentes','Maceió','Alagoas','nao',NULL,NULL,'2024-09-10 19:54:13','2024-09-10 19:56:37',NULL),
(533,'PUCPkpxO7MeLriSgb241EvM1VZKq9BHdqFGHqqCH',2,NULL,'Barra Funda',NULL,' SP',NULL,NULL,NULL,'2024-09-10 19:56:42','2024-09-10 19:56:42',NULL),
(534,'rzFpXGjr96EwgKbeHyGCCErsFJDk7Crw0GeycQGs',NULL,NULL,NULL,NULL,NULL,NULL,NULL,NULL,'2024-09-10 19:59:08','2024-09-10 19:59:08',NULL),
(535,'rzX9ufLxu0617zVQCniMxjRswwtjnIPqNRkPh7dZ',NULL,NULL,NULL,NULL,NULL,NULL,NULL,NULL,'2024-09-10 20:27:06','2024-09-10 20:27:06',NULL),
(536,'sEsDq1LGPDEqpn5Q0mJ58j45gK1k2du4Pz7yIOkz',NULL,NULL,NULL,NULL,NULL,NULL,NULL,NULL,'2024-09-10 20:27:43','2024-09-10 20:27:43',NULL),
(537,'esZK7pfjIB6kvL6uN6rWiiM1n9qKzsti81CmjmIy',NULL,NULL,NULL,NULL,NULL,NULL,NULL,NULL,'2024-09-10 22:08:23','2024-09-10 22:08:23',NULL),
(538,'UOB9MTSUNx51zxvXxOw85vNJoW1ndy1IXBujHBmw',NULL,NULL,NULL,NULL,NULL,NULL,NULL,NULL,'2024-09-11 10:50:28','2024-09-11 10:50:28',NULL),
(539,'jxRtFC5kBinPyzNZ37d66KEMt61Tyiymq6tPLR0u',NULL,NULL,NULL,NULL,NULL,NULL,NULL,NULL,'2024-09-11 10:51:04','2024-09-11 10:51:04',NULL),
(540,'XzJtMsIDnfEBKsZg4aT6Zq41vMEeN6UonQhH8dll',NULL,NULL,NULL,NULL,NULL,NULL,NULL,NULL,'2024-09-11 10:51:05','2024-09-11 10:51:05',NULL),
(541,'8o3LVvwvwMbfwkPb34OBsdsIPKrCNg4JNPCXbz3n',NULL,NULL,NULL,NULL,NULL,NULL,NULL,NULL,'2024-09-11 10:54:24','2024-09-11 10:54:24',NULL),
(542,'gC634QOcFUnk7gRWIgs9X67WTKlztHaO7fmHrmAp',NULL,NULL,NULL,NULL,NULL,NULL,NULL,NULL,'2024-09-11 11:31:38','2024-09-11 11:31:38',NULL),
(543,'GVcJnqlAfp2kDIpCOtmgjKj9cGdrZ3iX3APOOUCT',NULL,NULL,NULL,NULL,NULL,NULL,NULL,NULL,'2024-09-11 11:42:30','2024-09-11 11:42:30',NULL),
(544,'-',NULL,'Brasil','Avenida Atlântica','Praia Campista','Macaé','nao',NULL,NULL,'2024-09-11 11:55:41','2024-09-11 12:59:42',NULL),
(545,'VexUcmD4oE90oUE1lhknhsnPa8OPU5DcexoWzwk8',NULL,NULL,NULL,NULL,NULL,NULL,NULL,NULL,'2024-09-11 11:56:30','2024-09-11 11:56:30',NULL),
(546,'Rg055XyTxLXiYE09uvANfNAKnXG6zX18UYa5JeKp',NULL,NULL,NULL,NULL,NULL,NULL,NULL,NULL,'2024-09-11 12:01:22','2024-09-11 12:01:22',NULL),
(547,'UDZjqUZ0XjznTFL0lquTKiEiTi0R5lPuZmyhdhdI',NULL,NULL,NULL,NULL,NULL,NULL,NULL,NULL,'2024-09-11 12:01:37','2024-09-11 12:01:37',NULL),
(548,'y7gs8O0ifLTzENJ20nss4m4VIF5eK3JkSrEXtWeL',NULL,NULL,NULL,NULL,NULL,NULL,NULL,NULL,'2024-09-11 12:19:08','2024-09-11 12:19:08',NULL),
(549,'cogNsVRWusv6xg60MCAotIQaAsKYsISfrKeQmwB4',NULL,NULL,NULL,NULL,NULL,NULL,NULL,NULL,'2024-09-11 12:20:06','2024-09-11 12:20:06',NULL),
(550,'saWiRDZZs8UGtEZfbjf75OV7DE0Z3IMKS1kgEEBI',NULL,NULL,NULL,NULL,NULL,NULL,NULL,NULL,'2024-09-11 12:48:52','2024-09-11 12:48:52',NULL),
(551,'-',NULL,'Brasil','Avenida Atlântica','Praia Campista','Macaé','nao',NULL,NULL,'2024-09-11 13:24:19','2024-09-11 13:24:21',NULL),
(552,'nburwyvYz3DFbLQSjbLq4ixci4BEOkYrpQWcU26E',2,NULL,'Centro',NULL,' SP',NULL,NULL,NULL,'2024-09-11 13:24:26','2024-09-11 13:24:26',NULL),
(553,'pe0KekGXNc45UsvKoUBLWgAF3pZWIoNevM83lws1',NULL,NULL,NULL,NULL,NULL,NULL,NULL,NULL,'2024-09-11 14:31:16','2024-09-11 14:31:16',NULL),
(554,'JlM94EHmOSNUBP7EQZ2lZGFXvG22707VC04yTIw6',NULL,NULL,NULL,NULL,NULL,NULL,NULL,NULL,'2024-09-11 15:10:13','2024-09-11 15:10:13',NULL),
(555,'QqzdTc3u8HVgEs170BlHHhAB8k8CjHafJHmZK49L',NULL,NULL,NULL,NULL,NULL,NULL,NULL,NULL,'2024-09-11 16:14:09','2024-09-11 16:14:09',NULL),
(556,'9VPS8NfeWOXBMH7cHkLaqDYOmGey9ARalUnJVWFe',NULL,NULL,NULL,NULL,NULL,NULL,NULL,NULL,'2024-09-11 16:47:51','2024-09-11 16:47:51',NULL),
(557,'ZEzQlKxnFoRU6nzYAW7mp7TddXGHHV9b1p3g9O9B',NULL,NULL,NULL,NULL,NULL,NULL,NULL,NULL,'2024-09-11 18:08:48','2024-09-11 18:08:48',NULL),
(558,'qFiBfMHvEnv6IwpyB12ftMaPzfVBoNAZFOf9tVfw',NULL,NULL,NULL,NULL,NULL,NULL,NULL,NULL,'2024-09-11 18:59:00','2024-09-11 18:59:00',NULL),
(559,'oROGwfnFNIEMrJh05C2nrtJ6WYLY5KEHBRzzZFQF',NULL,NULL,NULL,NULL,NULL,NULL,NULL,NULL,'2024-09-11 19:15:21','2024-09-11 19:15:21',NULL),
(560,'mM6D5d0WsVej7UZrjl7dHcznu1sEHHOITfY3GsEX',NULL,NULL,NULL,NULL,NULL,NULL,NULL,NULL,'2024-09-11 20:04:29','2024-09-11 20:04:29',NULL),
(561,'F57tbSJGRdqRQ0Wthc7tjooe4AI1TqEZIoKuYGEo',NULL,NULL,NULL,NULL,NULL,NULL,NULL,NULL,'2024-09-11 21:02:38','2024-09-11 21:02:38',NULL),
(562,'rrIoH7nvaOwXOQLEob6irylRXwgCGb147CKKStdl',NULL,NULL,NULL,NULL,NULL,NULL,NULL,NULL,'2024-09-11 21:40:46','2024-09-11 21:40:46',NULL),
(563,'fmOiP3TiCGhurFRSwm1LB0p0lD2klWreociFWKMK',NULL,NULL,NULL,NULL,NULL,NULL,NULL,NULL,'2024-09-11 22:12:41','2024-09-11 22:12:41',NULL),
(564,'0dZ1oIOPwNfN66aWMJexeEY9lzuGdefIS9Mxv9AU',NULL,NULL,NULL,NULL,NULL,NULL,NULL,NULL,'2024-09-11 22:29:54','2024-09-11 22:29:54',NULL),
(565,'pcLcp8NZ5rSwayejBuhjKT7e5V1gpsfEg2hn82Sj',NULL,NULL,NULL,NULL,NULL,NULL,NULL,NULL,'2024-09-11 22:38:00','2024-09-11 22:38:00',NULL),
(566,'29c0hLsjWuVwaiWaVPk4PNSJMrhmM83fjb8g0p99',NULL,NULL,NULL,NULL,NULL,NULL,NULL,NULL,'2024-09-11 23:01:27','2024-09-11 23:01:27',NULL),
(567,'YlD3v9mFqyebjfgGwMoiJn0u7v3xZLjyA1Pt3H2J',NULL,NULL,NULL,NULL,NULL,NULL,NULL,NULL,'2024-09-11 23:05:28','2024-09-11 23:05:28',NULL),
(568,'sQbYB8BJ9NmvjSeYTWdoGmPwFvIGIoAhr0KPoE69',NULL,NULL,NULL,NULL,NULL,NULL,NULL,NULL,'2024-09-11 23:33:47','2024-09-11 23:33:47',NULL),
(569,'mNtkaTSutEAHqtpS9UXOPleZUwX4SFpOlzPggRzD',NULL,NULL,NULL,NULL,NULL,NULL,NULL,NULL,'2024-09-12 00:39:10','2024-09-12 00:39:10',NULL),
(570,'Wu2AO0x1Wnh2tI3f4NmwPP6RS2WGWu5gidictX4P',NULL,NULL,NULL,NULL,NULL,NULL,NULL,NULL,'2024-09-12 00:48:48','2024-09-12 00:48:48',NULL),
(571,'wk25gQWIUkXGX4Vh7p5hDYCOcaq1UGsXTavry5cI',NULL,NULL,NULL,NULL,NULL,NULL,NULL,NULL,'2024-09-12 00:53:47','2024-09-12 00:53:47',NULL),
(572,'yVwL3QHw2bcCxLeBAczGDBIQraNS0LG2ghJQhH6c',NULL,NULL,NULL,NULL,NULL,NULL,NULL,NULL,'2024-09-12 01:06:57','2024-09-12 01:06:57',NULL),
(573,'noyLyCM83bHUAXGOohqNRiVYdA9UGM3Dx27xKY8R',NULL,NULL,NULL,NULL,NULL,NULL,NULL,NULL,'2024-09-12 03:28:43','2024-09-12 03:28:43',NULL),
(574,'xW6Ureq5WpU9AwW1FLqFZu4LiiccantIlj866lEG',NULL,NULL,NULL,NULL,NULL,NULL,NULL,NULL,'2024-09-12 05:08:09','2024-09-12 05:08:09',NULL),
(575,'XgfWusnn47CqeByCiovatwByh8BqMlACw9f2vSp7',NULL,NULL,NULL,NULL,NULL,NULL,NULL,NULL,'2024-09-12 06:48:58','2024-09-12 06:48:58',NULL),
(576,'EErK6Uy10mhFql7T8KoCvBgAsikndVMYgCUD99Z6',NULL,NULL,NULL,NULL,NULL,NULL,NULL,NULL,'2024-09-12 06:51:03','2024-09-12 06:51:03',NULL),
(577,'z0sxDMdkZgbiFLg3uwHQasLactzgMDg2AH97qnUM',NULL,NULL,NULL,NULL,NULL,NULL,NULL,NULL,'2024-09-12 08:36:01','2024-09-12 08:36:01',NULL),
(578,'vHvbzK7fvRzv2pYhJffzntLQK5ZxNBFC34e8ypZc',NULL,NULL,NULL,NULL,NULL,NULL,NULL,NULL,'2024-09-12 10:48:15','2024-09-12 10:48:15',NULL),
(579,'UGiGi9Mz86OEdXVfOIJUjviUtICLxYFXlFkd912l',NULL,NULL,NULL,NULL,NULL,NULL,NULL,NULL,'2024-09-12 10:49:14','2024-09-12 10:49:14',NULL),
(580,'CVA4Q8uR6Jn7jwLb7pfOXb1AlSyUKqWCcT8iZw7Z',NULL,NULL,NULL,NULL,NULL,NULL,NULL,NULL,'2024-09-12 11:01:32','2024-09-12 11:01:32',NULL),
(581,'LYabYLBrf8dMMM9tLZd1P5aMQ7WQp6jTsKDuV1SR',NULL,NULL,NULL,NULL,NULL,NULL,NULL,NULL,'2024-09-12 11:51:16','2024-09-12 11:51:16',NULL),
(582,'-',NULL,'12237-876','Conjunto Residencial Trinta e Um de Marco','São José dos Campos','São Paulo','nao',NULL,NULL,'2024-09-12 11:51:20','2024-09-12 11:55:29',NULL),
(583,'C928eVYVjG5F6GSbzVeEBADAiQjn4gxyL4k8NBdp',NULL,NULL,NULL,NULL,NULL,NULL,NULL,NULL,'2024-09-12 11:54:23','2024-09-12 11:54:23',NULL),
(584,'CplHt7jLFtrVt3PYxg1BHP8Q3l7MSY5UL9N7nG8l',2,NULL,'Centro',NULL,' SP',NULL,NULL,NULL,'2024-09-12 11:56:52','2024-09-12 11:56:52',NULL),
(585,'-',NULL,'12237-876','Parque Industrial','São José dos Campos','São Paulo','nao',NULL,NULL,'2024-09-12 11:57:04','2024-09-12 11:57:21',NULL),
(586,'BissNGK2MvMctarBYx1EWCRZyfPtvpmzyM1HiDyV',2,NULL,'Centro',NULL,' SP',NULL,NULL,NULL,'2024-09-12 11:57:27','2024-09-12 11:57:27',NULL),
(587,'Rc0pbASOqDriPz7edgQAjOzQvqYR1z9CFBIhpWNJ',NULL,NULL,NULL,NULL,NULL,NULL,NULL,NULL,'2024-09-12 12:01:38','2024-09-12 12:01:38',NULL),
(588,'-',NULL,'08594-200','Parque Residencial Marengo','Itaquaquecetuba','SP','nao',NULL,NULL,'2024-09-12 12:04:12','2024-09-12 12:07:44',NULL),
(589,'Rx5pK92ikEcYPp3mMrLdC3aD5puARKcLD2VvB5H7',NULL,NULL,NULL,NULL,NULL,NULL,NULL,NULL,'2024-09-12 12:06:05','2024-09-12 12:06:05',NULL),
(590,'-',NULL,NULL,NULL,NULL,NULL,'nao',NULL,NULL,'2024-09-12 12:06:24','2024-09-12 12:14:01',NULL),
(591,'IyHCMp4BXKKOQK1ID5SDdm5aZxUNIhcSmApX1DwO',2,NULL,'Alto de Pinheiros',NULL,' SP',NULL,'2024-09-12 00:00:00','2024-09-12 00:00:00','2024-09-12 12:07:49','2024-09-12 12:28:13',NULL),
(592,'nF0mD03PAoY51wWpEcDZj4SrsdgsmNEmn3czTSgu',NULL,NULL,NULL,NULL,NULL,NULL,NULL,NULL,'2024-09-12 12:10:50','2024-09-12 12:10:50',NULL),
(593,'MFa7Op6E4pEJfBmROXcoSy5hMHP3jkFtrhX7GJ2K',NULL,NULL,NULL,NULL,NULL,NULL,NULL,NULL,'2024-09-12 12:13:13','2024-09-12 12:13:13',NULL),
(594,'EnHAm7nMYdr3AtTKvU7nJkw6Ia0fMDUiFMT3OmSb',2,NULL,'Centro',NULL,' SP',NULL,'2024-09-12 00:00:00','2024-09-12 00:00:00','2024-09-12 12:14:08','2024-09-12 12:15:51',NULL),
(595,'NlH413mnPQGTfergREi2ildTt55d0Low0TUbkJwO',NULL,NULL,NULL,NULL,NULL,NULL,NULL,NULL,'2024-09-12 13:25:28','2024-09-12 13:25:28',NULL),
(596,'-',NULL,'59154-350','Parque das Árvores','Parnamirim','Rio Grande do Norte','nao',NULL,NULL,'2024-09-12 14:06:06','2024-09-12 14:51:14',NULL),
(597,'C48tfWholecFXsVoeUOmH74MIQymVaflIPmuO87Q',NULL,NULL,NULL,NULL,NULL,NULL,NULL,NULL,'2024-09-12 14:06:42','2024-09-12 14:06:42',NULL),
(598,'96hRlmCYBjDkGQb1OM63XRCjy2UtUEdHlVXA64PB',NULL,NULL,NULL,NULL,NULL,NULL,NULL,NULL,'2024-09-12 14:06:42','2024-09-12 14:06:42',NULL),
(599,'jcr2efQS6pq32LQKFgIPBZq6IR1iJ0chLvgji5Yy',NULL,NULL,NULL,NULL,NULL,NULL,NULL,NULL,'2024-09-12 14:34:29','2024-09-12 14:34:29',NULL),
(600,'ecbO8K0fQMfpWjAD4f7aTu6BIMan7u1TeiWxnT5H',NULL,NULL,NULL,NULL,NULL,NULL,NULL,NULL,'2024-09-12 14:36:21','2024-09-12 14:36:21',NULL),
(601,'IuUlguhUAG633UOltQySGtR90KxhtyNlaHHSuGud',NULL,NULL,NULL,NULL,NULL,NULL,NULL,NULL,'2024-09-12 14:36:38','2024-09-12 14:36:38',NULL),
(602,'9yoixfEj2Wh1XpHKwHD4QvZb1wqMak9Iey8J1vPH',NULL,NULL,NULL,NULL,NULL,NULL,NULL,NULL,'2024-09-12 14:41:38','2024-09-12 14:41:38',NULL),
(603,'-',NULL,'Brasil','Avenida Atlântica','Praia Campista','Macaé','nao',NULL,NULL,'2024-09-12 14:45:24','2024-09-12 14:45:27',NULL),
(604,'f6UMRGcmZlWHSsOcCRTw0KTpipmcbq2GWajPYLqF',2,NULL,'Centro',NULL,' SP',NULL,NULL,NULL,'2024-09-12 14:45:33','2024-09-12 14:45:33',NULL),
(605,'95Ea42OSxtAdUaldKZ1yF9ohwCWqWbrbYBgYsmzD',NULL,NULL,NULL,NULL,NULL,NULL,NULL,NULL,'2024-09-12 14:48:22','2024-09-12 14:48:22',NULL),
(606,'QnJeF8FecPakicHD8YTere4417tOjLjdXA5LHk93',NULL,NULL,NULL,NULL,NULL,NULL,NULL,NULL,'2024-09-12 14:49:09','2024-09-12 14:49:09',NULL),
(607,'U897JH3llxEt7yoz5WCqGEU6llLQyk43cwlNvX3h',NULL,NULL,NULL,NULL,NULL,NULL,NULL,NULL,'2024-09-12 14:55:35','2024-09-12 14:55:35',NULL),
(608,'0JLyl7yUesgw3AnBsv3NkikCD7HF72A3WTOFJbkC',NULL,NULL,NULL,NULL,NULL,NULL,NULL,NULL,'2024-09-12 14:55:38','2024-09-12 14:55:38',NULL),
(609,'QCVZajgb2u2VJ39CDF6ZuvjMo8a02i31jhb0JtMq',NULL,NULL,NULL,NULL,NULL,NULL,NULL,NULL,'2024-09-12 14:56:01','2024-09-12 14:56:01',NULL),
(610,'tA4k4MZrbqmEgUzgE1KgZksgML0FafbWWqFpsmJd',NULL,NULL,NULL,NULL,NULL,NULL,NULL,NULL,'2024-09-12 14:56:10','2024-09-12 14:56:10',NULL),
(611,'4PzvrDFMKgFw5s7kJHjZTuncqx0Ss1tJVhjE45MD',NULL,NULL,NULL,NULL,NULL,NULL,NULL,NULL,'2024-09-12 14:56:24','2024-09-12 14:56:24',NULL),
(612,'-',NULL,NULL,NULL,NULL,NULL,'nao',NULL,NULL,'2024-09-12 15:15:32','2024-09-12 15:16:27',NULL),
(613,'RkIaz35c0m8jee2ILOhZSE4Eqpz5jfbUwkMtXQq0',2,NULL,'Centro',NULL,' SP',NULL,'2024-09-12 00:00:00','2024-09-12 00:00:00','2024-09-12 15:16:31','2024-09-12 15:34:31',NULL),
(614,'6p3RTeCZKUCml4LAI71rvApUmFMxhn2XOSpMKEui',NULL,NULL,NULL,NULL,NULL,NULL,NULL,NULL,'2024-09-12 15:37:23','2024-09-12 15:37:23',NULL),
(615,'-',NULL,'Brasil','Avenida Atlântica','Praia Campista','Macaé','nao',NULL,NULL,'2024-09-12 15:43:16','2024-09-12 16:04:51',NULL),
(616,'jMzsk9mo9oxIVPmLzWP1KIomG753oY3AQq1vwfMC',NULL,NULL,NULL,NULL,NULL,NULL,NULL,NULL,'2024-09-12 15:58:59','2024-09-12 15:58:59',NULL),
(617,'WBsbGiZ3jrvKBZyfGxZlmFfsyW3erkhXmO5zoIaE',2,NULL,'Centro',NULL,' SP',NULL,'2024-09-12 00:00:00','2024-09-19 00:00:00','2024-09-12 16:04:57','2024-09-12 19:21:33',NULL),
(618,'-',NULL,'57084-440','Benedito Bentes','Maceió','Alagoas','nao',NULL,NULL,'2024-09-12 16:25:58','2024-09-12 16:26:14',NULL),
(619,'XRKcRkGgO6taxUcG8xdcrlhZtgeEmWHcsbZBcRVK',2,NULL,'Barra Funda',NULL,' SP',NULL,NULL,NULL,'2024-09-12 16:26:21','2024-09-12 16:26:21',NULL),
(620,'jQRMhucHoaxTIetBw49QI54snJQkRJXIa36nC7HP',NULL,NULL,NULL,NULL,NULL,NULL,NULL,NULL,'2024-09-12 18:06:42','2024-09-12 18:06:42',NULL),
(621,'Pput1ZaKzGN899ITEQSTr5IrpKx1wnb49M9JMIiq',NULL,NULL,NULL,NULL,NULL,NULL,NULL,NULL,'2024-09-12 18:24:30','2024-09-12 18:24:30',NULL),
(622,'-',NULL,'27930-000','Novo Cavaleiros','Macaé','Rio de Janeiro','nao',NULL,NULL,'2024-09-12 18:26:40','2024-09-12 18:26:44',NULL),
(623,'s6hK53anW6ZxHhjY202ImLFvmbyK8Z4nOctCEea7',2,NULL,'Centro',NULL,' SP',NULL,NULL,NULL,'2024-09-12 18:26:48','2024-09-12 18:26:48',NULL),
(624,'F5CkoxSNJssPaE2FxPq5JFXiLmhj5UAZYWcvlNOq',NULL,NULL,NULL,NULL,NULL,NULL,NULL,NULL,'2024-09-12 18:29:48','2024-09-12 18:29:48',NULL),
(625,'-',NULL,'Brasil','Avenida Atlântica','Praia Campista','Macaé','nao',NULL,NULL,'2024-09-12 18:42:14','2024-09-12 18:42:20',NULL),
(626,'koeUmRsxmjxd2AiBHHH0H6hXTlAKpTM6K0LgPc4M',2,NULL,'Centro',NULL,' SP',NULL,NULL,NULL,'2024-09-12 18:42:26','2024-09-12 18:42:26',NULL),
(627,'YuPaiMlIJf9yJAIbSHy5AZ55GD0IQegEZ2qBA6hT',NULL,NULL,NULL,NULL,NULL,NULL,NULL,NULL,'2024-09-12 19:12:04','2024-09-12 19:12:04',NULL),
(628,'VHSGokqb8rgdZfdCha5qWnYiWB32SPq2yDz3oS7H',NULL,NULL,NULL,NULL,NULL,NULL,NULL,NULL,'2024-09-12 19:14:26','2024-09-12 19:14:26',NULL),
(629,'-',NULL,'27963-736','Parque Aeroporto','Macaé','Rio de Janeiro','nao','2024-09-12 00:00:00','2024-09-12 00:00:00','2024-09-12 22:34:09','2024-09-12 22:34:46',NULL),
(630,'QJq66ZU9NDE3nR8H9gMgPrMOkknv7hvca9BwnI49',2,NULL,'Centro',NULL,' SP',NULL,NULL,NULL,'2024-09-12 22:34:51','2024-09-12 22:34:51',NULL),
(631,'ce7Xj7DNxbF35gFmTCZkmv1RuoVZ3aDgSOVnXC4z',NULL,NULL,NULL,NULL,NULL,NULL,NULL,NULL,'2024-09-12 22:36:36','2024-09-12 22:36:36',NULL),
(632,'Xphirkgz3H4LGQ6GP2u6gMoy82vbwl4OEOEIf1uq',NULL,NULL,NULL,NULL,NULL,NULL,NULL,NULL,'2024-09-12 22:54:24','2024-09-12 22:54:24',NULL),
(633,'7nXtRtDzoJ2bgf7ly0skQUNwvdRnQylgklDXK625',NULL,NULL,NULL,NULL,NULL,NULL,NULL,NULL,'2024-09-12 23:49:08','2024-09-12 23:49:08',NULL),
(634,'b1sdSLhjFxAn3S04GC8h0TJw5D7cYvNEZl06tmNI',NULL,NULL,NULL,NULL,NULL,NULL,NULL,NULL,'2024-09-13 04:58:35','2024-09-13 04:58:35',NULL),
(635,'-',NULL,'71680-600','SETOR HABITACIONAL JARDIM BOTÂNICO','Brasília','Distrito Federal','nao',NULL,NULL,'2024-09-13 09:01:17','2024-09-13 09:01:23',NULL),
(636,'tq3TEXo7sbYT54NPgVxsZty8GQvMZ6dviAuukkYv',NULL,NULL,NULL,NULL,NULL,NULL,NULL,NULL,'2024-09-13 10:48:42','2024-09-13 10:48:42',NULL),
(637,'-',NULL,'27963-736','Parque Aeroporto','Macaé','Rio de Janeiro','nao',NULL,NULL,'2024-09-13 12:07:18','2024-09-13 12:07:59',NULL),
(638,'ZeXixbjA82mkzPJnJFmcnaW8rqT6fH54OX5CmLgt',2,NULL,'Centro',NULL,' SP',NULL,'2024-09-13 00:00:00','2024-09-13 00:00:00','2024-09-13 12:08:04','2024-09-13 12:15:08',NULL),
(639,'TsvrgIUGVdPhrFpVaZ6aq8VzqtpbGARqrI2dO71D',NULL,NULL,NULL,NULL,NULL,NULL,NULL,NULL,'2024-09-13 12:30:59','2024-09-13 12:30:59',NULL),
(640,'-',NULL,'25625-081',NULL,NULL,NULL,'nao',NULL,NULL,'2024-09-13 13:17:22','2024-09-13 13:18:21',NULL),
(641,'-',NULL,'01000-000',NULL,NULL,NULL,'nao',NULL,NULL,'2024-09-13 13:28:54','2024-09-13 13:28:59',NULL),
(642,'FZkjRHWn4Xs9BaFbq5eccZ8Su8U1VPnrX77sh7sk',2,NULL,'Centro',NULL,' SP',NULL,'2024-09-13 00:00:00','2024-09-13 00:00:00','2024-09-13 13:29:05','2024-09-13 14:17:47',NULL),
(643,'PnsohNmsQBYDUSPRSGaLBVVZroEgBCWMLZBhujvf',NULL,NULL,NULL,NULL,NULL,NULL,NULL,NULL,'2024-09-13 14:42:28','2024-09-13 14:42:28',NULL),
(644,'i9oNwWtDzkJuawujxhMaX1M58NSh8acHOjlFPvoa',NULL,NULL,NULL,NULL,NULL,NULL,NULL,NULL,'2024-09-13 15:00:39','2024-09-13 15:00:39',NULL),
(645,'Pb5y4AIEx9jB1o3UI8B4CfNHqWZvsBa5tMwFgl5h',NULL,NULL,NULL,NULL,NULL,NULL,NULL,NULL,'2024-09-13 16:08:57','2024-09-13 16:08:57',NULL),
(646,'-',NULL,'08594-200',NULL,NULL,NULL,'nao',NULL,NULL,'2024-09-13 18:44:24','2024-09-13 18:44:31',NULL),
(647,'Iyuf2KHD5dRGGS2wJ9mq9ZDiTBZAWcdtSyLrwXfV',2,NULL,'Alto de Pinheiros',NULL,' SP',NULL,NULL,NULL,'2024-09-13 18:44:34','2024-09-13 18:44:34',NULL),
(648,'-',NULL,'12237-876','Conjunto Residencial Trinta e Um de Marco','São José dos Campos','São Paulo','nao',NULL,NULL,'2024-09-13 19:06:22','2024-09-13 19:06:30',NULL),
(649,'33RpbmuSAFB4c1LL1ZQcxmJg9VqBiY8eTd95KJbk',NULL,NULL,NULL,NULL,NULL,NULL,NULL,NULL,'2024-09-13 19:06:29','2024-09-13 19:06:29',NULL),
(650,'YSdfDGI6HjLqxQdSsRfzmAFkHIFD3OhyDpA15Onf',NULL,NULL,NULL,NULL,NULL,NULL,NULL,NULL,'2024-09-13 19:06:50','2024-09-13 19:06:50',NULL),
(651,'-',NULL,'Brasil','Rua Icatu','Residencial de Ville','São José dos Campos','nao',NULL,NULL,'2024-09-13 19:07:09','2024-09-13 19:07:23',NULL),
(652,'-',NULL,'12237-876','Parque Industrial','São José dos Campos','São Paulo','nao',NULL,NULL,'2024-09-13 19:07:59','2024-09-13 19:08:11',NULL),
(653,'FGZSt7s8Xq4J4bsvxdCceNafE7xImtFaUUbh7hGL',2,NULL,'Centro',NULL,' SP',NULL,NULL,NULL,'2024-09-13 19:08:17','2024-09-13 19:08:17',NULL),
(654,'MqcrwKUzgVS9jccL0DxkpPTHv7e3xSAvKuhD7xyb',NULL,NULL,NULL,NULL,NULL,NULL,NULL,NULL,'2024-09-13 19:08:31','2024-09-13 19:08:31',NULL),
(655,'-',NULL,'12237-876','Parque Industrial','São José dos Campos','São Paulo','nao',NULL,NULL,'2024-09-13 19:08:35','2024-09-13 19:08:49',NULL),
(656,'csCsw9ne0YCfXc9kgu3hJUqHlivbmga7yiRWn63g',NULL,NULL,NULL,NULL,NULL,NULL,NULL,NULL,'2024-09-13 19:10:04','2024-09-13 19:10:04',NULL),
(657,'UvSER1xdNesmK9sF3urZExh2WabQJwOBAqvdYyD7',NULL,NULL,NULL,NULL,NULL,NULL,NULL,NULL,'2024-09-13 19:13:11','2024-09-13 19:13:11',NULL),
(658,'pQkWCvosdukNdbKR1c4n5SJqLUGZ56tcni2GexqA',NULL,NULL,NULL,NULL,NULL,NULL,NULL,NULL,'2024-09-13 20:02:44','2024-09-13 20:02:44',NULL),
(659,'-',NULL,'27963-736','Parque Aeroporto','Macaé','Rio de Janeiro','nao',NULL,NULL,'2024-09-13 20:40:06','2024-09-13 20:40:25',NULL),
(660,'WkD2sC0dlldvUKeegTp4f6uAET87idOC6yXHl9cB',2,NULL,'Centro',NULL,' SP',NULL,NULL,NULL,'2024-09-13 20:40:31','2024-09-13 20:40:31',NULL),
(661,'-',NULL,NULL,NULL,NULL,NULL,'nao',NULL,NULL,'2024-09-13 20:43:02','2024-09-13 20:43:26',NULL),
(662,'JTmcAHWy6jlBryqoQnoI5ymhjGk7zWVVL3pnWELk',2,NULL,'Centro',NULL,' SP',NULL,NULL,NULL,'2024-09-13 20:43:31','2024-09-13 20:43:31',NULL),
(663,'BNuMbmTCdaqxS6cs3zTjWvERJ32cuhghFTGFyteX',NULL,NULL,NULL,NULL,NULL,NULL,NULL,NULL,'2024-09-13 23:10:51','2024-09-13 23:10:51',NULL),
(664,'ZPUir5nKwbfSdVuWVthZo1wvagXFW22R33jrKCyS',NULL,NULL,NULL,NULL,NULL,NULL,NULL,NULL,'2024-09-14 02:06:21','2024-09-14 02:06:21',NULL),
(665,'3j6wC7zD8BROmmYQUZXfBj7B2u4KkUk38027Tz3B',NULL,NULL,NULL,NULL,NULL,NULL,NULL,NULL,'2024-09-14 09:35:24','2024-09-14 09:35:24',NULL),
(666,'-',NULL,'01000-000',NULL,NULL,NULL,'nao',NULL,NULL,'2024-09-14 09:35:45','2024-09-14 09:35:52',NULL),
(667,'V7wtTh18EYHI0YVOKWV6ClqEsakesGc2ijaJqKYf',2,NULL,'Centro',NULL,' SP',NULL,NULL,NULL,'2024-09-14 09:35:58','2024-09-14 09:35:58',NULL),
(668,'NITd54IcL9zauTXtlTC3TKyTOczcBYD8kn9SyY9c',NULL,NULL,NULL,NULL,NULL,NULL,NULL,NULL,'2024-09-14 15:27:02','2024-09-14 15:27:02',NULL),
(669,'MEn0UMj4S4aBeafNpdjV13wKZAIOMqfRqJ5ZdV65',NULL,NULL,NULL,NULL,NULL,NULL,NULL,NULL,'2024-09-14 19:33:21','2024-09-14 19:33:21',NULL),
(670,'QR9s4FQJ8wrIpcq77uTZolch1kymf5Vy5VtiJRYW',NULL,NULL,NULL,NULL,NULL,NULL,NULL,NULL,'2024-09-14 21:32:44','2024-09-14 21:32:44',NULL),
(671,'ANW0U8wTfVBwoeCY8oQIphcakmL8ohA38ArxreqM',NULL,NULL,NULL,NULL,NULL,NULL,NULL,NULL,'2024-09-14 21:32:55','2024-09-14 21:32:55',NULL),
(672,'zUMs8bhMnSKM8VM3j28sqXGfwHPb8FcLhHoe4Ed2',NULL,NULL,NULL,NULL,NULL,NULL,NULL,NULL,'2024-09-14 22:04:26','2024-09-14 22:04:26',NULL),
(673,'cEFXnDt1Bv8bCz1dMxscyRYByuqSrjB7UMopHdNp',NULL,NULL,NULL,NULL,NULL,NULL,NULL,NULL,'2024-09-14 22:05:25','2024-09-14 22:05:25',NULL),
(674,'0362MlGh9Ie9VaFKuSNKXg3molOHObKJZsOQxa4s',NULL,NULL,NULL,NULL,NULL,NULL,NULL,NULL,'2024-09-14 22:49:20','2024-09-14 22:49:20',NULL),
(675,'syDVvijDKOypwWPlTBaFTcnRjLKsHM0m7aML3Smq',NULL,NULL,NULL,NULL,NULL,NULL,NULL,NULL,'2024-09-15 01:51:20','2024-09-15 01:51:20',NULL),
(676,'CQ9krpiHTsF52wY4KxjM9fDu9ZD2kCwsdkx2hiik',NULL,NULL,NULL,NULL,NULL,NULL,NULL,NULL,'2024-09-15 02:41:43','2024-09-15 02:41:43',NULL),
(677,'0yCBvbee1oo1gNEqDkWXhey9WUJle8f1snBUZfzE',NULL,NULL,NULL,NULL,NULL,NULL,NULL,NULL,'2024-09-15 04:11:45','2024-09-15 04:11:45',NULL),
(678,'Ky31mykr8b3rsgq3VBLQuaz3DxvwEen5y92BQw3V',NULL,NULL,NULL,NULL,NULL,NULL,NULL,NULL,'2024-09-15 14:49:58','2024-09-15 14:49:58',NULL),
(679,'-',NULL,'18606-790','Vila Sao Judas Thadeu','Botucatu','São Paulo','nao',NULL,NULL,'2024-09-15 16:30:22','2024-09-15 16:31:03',NULL),
(680,'vbncaiDDxaepfm66hxly51p5YqJIkiiZ0Q98QGAq',NULL,NULL,NULL,NULL,NULL,NULL,NULL,NULL,'2024-09-15 17:50:12','2024-09-15 17:50:12',NULL),
(681,'UY4iezWKplbrCGexcXJV9NOZxkMdbZstHGEJYUrZ',NULL,NULL,NULL,NULL,NULL,NULL,NULL,NULL,'2024-09-15 23:06:22','2024-09-15 23:06:22',NULL),
(682,'cfBHLP8bWMzYzVd92BqD48TsGOfKYfn5nktuVsE5',NULL,NULL,NULL,NULL,NULL,NULL,NULL,NULL,'2024-09-16 02:41:09','2024-09-16 02:41:09',NULL),
(683,'azeWZ0Az3LQmCazKIWWnpLijFglifv89qloVKssW',NULL,NULL,NULL,NULL,NULL,NULL,NULL,NULL,'2024-09-16 07:02:18','2024-09-16 07:02:18',NULL),
(684,'ihCjAKxUqqYPfXBvuR6tnGYaXFpue3OmL7BBs0UP',NULL,NULL,NULL,NULL,NULL,NULL,NULL,NULL,'2024-09-16 09:53:53','2024-09-16 09:53:53',NULL),
(685,'-',NULL,'Brasil','Avenida Atlântica','Praia Campista','Macaé','nao',NULL,NULL,'2024-09-16 10:39:13','2024-09-16 10:39:27',NULL),
(686,'O90ONljlq2CXcKdWll5QDkR9aINlry9rT9KVvBqP',2,NULL,'Centro',NULL,' SP',NULL,NULL,NULL,'2024-09-16 10:39:33','2024-09-16 10:39:33',NULL),
(687,'r7m1B6TLxDzqb8cKceI1P97QoSCkGRsWfwNCgVgP',NULL,NULL,NULL,NULL,NULL,NULL,NULL,NULL,'2024-09-16 10:41:17','2024-09-16 10:41:17',NULL),
(688,'-',NULL,'Brasil','Avenida Atlântica','Praia Campista','Macaé','nao',NULL,NULL,'2024-09-16 10:56:54','2024-09-16 10:57:01',NULL),
(689,'yi8KuJotQ5wFwqQYc3fYyHjnyNrkE4wwKIwNL3Tz',2,NULL,'Centro',NULL,' SP',NULL,NULL,NULL,'2024-09-16 10:57:06','2024-09-16 10:57:06',NULL),
(690,'fnFBlDnwPJxGzz1nnvUgEfjqBHoMd5CtVI4Xp4uc',NULL,NULL,NULL,NULL,NULL,NULL,NULL,NULL,'2024-09-16 11:46:41','2024-09-16 11:46:41',NULL),
(691,'nejKl2hpDx7ud0VpDlRPwPHxZ1DRTxPXDp1GzBJH',NULL,NULL,NULL,NULL,NULL,NULL,NULL,NULL,'2024-09-16 12:28:34','2024-09-16 12:28:34',NULL),
(692,'rXmnRdBHDTlx4xgRAjQ0wIj1HOdT88XBVviTGWoQ',NULL,NULL,NULL,NULL,NULL,NULL,NULL,NULL,'2024-09-16 18:19:38','2024-09-16 18:19:38',NULL),
(693,'0R6ZFSs3FN4fQoRN31jTjbHb4ALAIgqeKG1sv4r1',NULL,NULL,NULL,NULL,NULL,NULL,NULL,NULL,'2024-09-16 19:06:34','2024-09-16 19:06:34',NULL),
(694,'-',NULL,'04011-080','Vila Mariana','São Paulo','São Paulo','nao',NULL,NULL,'2024-09-16 19:07:43','2024-09-16 19:08:52',NULL),
(695,'emhVfgTCxZBwGGJZfHaCPlSUTjDbpqJR1nTH79ZP',2,NULL,'Centro',NULL,' SP',NULL,'2024-09-16 00:00:00','2024-09-18 00:00:00','2024-09-16 19:09:03','2024-09-16 19:50:19',NULL),
(696,'-',NULL,'01552-000',NULL,NULL,NULL,'nao',NULL,NULL,'2024-09-16 19:09:51','2024-09-16 19:10:20',NULL),
(697,'LNofAnQSspbYSQevNUfzqbljoK5VuU9TOL7IX2Gz',2,NULL,'Ipiranga',NULL,' SP',NULL,'2024-09-16 00:00:00','2024-09-26 00:00:00','2024-09-16 19:10:43','2024-09-16 19:51:52',NULL),
(698,'-',NULL,'04011-080','Vila Mariana','São Paulo','São Paulo','nao',NULL,NULL,'2024-09-16 19:19:50','2024-09-16 19:20:13',NULL),
(699,'BZEgOXS9S5c1F8aH9AJQOQ5EouaxaFOLSvmkyqVL',2,NULL,'Vila Mariana',NULL,' SP',NULL,NULL,NULL,'2024-09-16 19:20:51','2024-09-16 19:20:51',NULL),
(700,'-',NULL,'04011-080','Vila Mariana','São Paulo','São Paulo','nao',NULL,NULL,'2024-09-16 19:22:40','2024-09-16 19:22:55',NULL),
(701,'nFvRVwlTnjUJjgmF55ZgcAgYF7y7zNgtRVUHWpZ2',2,NULL,'Vila Mariana',NULL,' SP',NULL,'2024-09-16 00:00:00','2024-10-16 00:00:00','2024-09-16 19:23:11','2024-09-16 19:48:14',NULL),
(702,'-',NULL,'Brasil','Avenida Atlântica','Praia Campista','Macaé','nao',NULL,NULL,'2024-09-16 19:26:18','2024-09-16 19:26:22',NULL),
(703,'lVpvEP8M6D0xseWc6jEucPsjvxghghV34WUeVNOp',2,NULL,'Centro',NULL,' SP',NULL,'2024-09-16 00:00:00','2024-09-23 00:00:00','2024-09-16 19:26:27','2024-09-16 19:46:45',NULL),
(704,'-',NULL,NULL,NULL,NULL,NULL,'nao',NULL,NULL,'2024-09-16 19:42:45','2024-09-16 19:42:50',NULL),
(705,'ISXrGox4e6LGYSCBtvrKMPzMup5Wf8aYXtlZNs74',2,NULL,'Centro',NULL,' SP',NULL,NULL,NULL,'2024-09-16 19:42:55','2024-09-16 19:42:55',NULL),
(706,'tKrWWo5TcGAsGPmWhViaDytW5CuPSGty6wFXB6Bn',NULL,NULL,NULL,NULL,NULL,NULL,NULL,NULL,'2024-09-16 19:58:52','2024-09-16 19:58:52',NULL),
(707,'kg8QLjTnQwlHtdcVVN7MGu7JAMDjsZHFhi3Nm1H1',NULL,NULL,NULL,NULL,NULL,NULL,NULL,NULL,'2024-09-16 21:23:20','2024-09-16 21:23:20',NULL),
(708,'-',NULL,'12227-853','Residencial São Francisco','São José dos Campos','SP','nao',NULL,NULL,'2024-09-16 22:51:05','2024-09-16 22:52:22',NULL),
(709,'SLKspqnvgLkD48QgfRKsvBEzFFWGL95u3hmtaQqo',2,NULL,'Barra Funda',NULL,' SP',NULL,NULL,NULL,'2024-09-16 22:52:33','2024-09-16 22:52:33',NULL),
(710,'PanUpvMklzamtFS2Yb1QYIEh7Ktlk7WsjWbM9XlM',NULL,NULL,NULL,NULL,NULL,NULL,NULL,NULL,'2024-09-17 12:03:34','2024-09-17 12:03:34',NULL),
(711,'-',NULL,'Brasil','Avenida Atlântica','Praia Campista','Macaé','nao',NULL,NULL,'2024-09-17 12:05:21','2024-09-17 14:53:03',NULL),
(712,'-',NULL,'49000-000',NULL,NULL,NULL,'nao',NULL,NULL,'2024-09-17 14:31:40','2024-09-17 14:32:32',NULL),
(713,'-',NULL,'12237-020','Conjunto Residencial Trinta e Um de Marco','São José dos Campos','São Paulo','nao',NULL,NULL,'2024-09-17 14:45:34','2024-09-17 14:45:39',NULL),
(714,'gic26K2CDIEISsg75HcSNneG4yC44Onj99mWWWr9',2,NULL,'Barra Funda',NULL,' SP',NULL,'2024-09-18 00:00:00','2024-09-25 00:00:00','2024-09-17 14:45:45','2024-09-17 14:45:53',NULL),
(715,'wvDMHO6EaBUpG8c4UX4GF5bVRIdXglMktCMu7q5A',2,NULL,'Centro',NULL,' SP',NULL,'2024-09-17 00:00:00','2024-09-25 00:00:00','2024-09-17 14:53:11','2024-09-17 16:02:04',NULL),
(716,'ipsKzSnOgI5Kq7Oa3FKrrhd2hAQbmlNnCvngtxUJ',NULL,NULL,NULL,NULL,NULL,NULL,NULL,NULL,'2024-09-17 15:03:16','2024-09-17 15:03:16',NULL),
(717,'cmakeXkcQUTgDtLll9iYqVZi6jtMFVTw2IlKH12x',NULL,NULL,NULL,NULL,NULL,NULL,NULL,NULL,'2024-09-17 15:42:01','2024-09-17 15:42:01',NULL),
(718,'-',NULL,'Brasil','Avenida Atlântica','Praia Campista','Macaé','nao',NULL,NULL,'2024-09-17 15:51:41','2024-09-17 15:51:54',NULL),
(719,'eRgbU4lp0ZCFV0A7exPEiLWhRwGigeivz4LppfHU',2,NULL,'Centro',NULL,' SP',NULL,NULL,NULL,'2024-09-17 15:52:00','2024-09-17 15:52:00',NULL),
(720,'jrna90zO3pIKhhbEW5zDQqfWF085xG1IKNOW323A',NULL,NULL,NULL,NULL,NULL,NULL,NULL,NULL,'2024-09-17 16:07:01','2024-09-17 16:07:01',NULL),
(721,'-',NULL,'59154-350','Parque das Árvores','Parnamirim','Rio Grande do Norte','nao',NULL,NULL,'2024-09-17 16:08:57','2024-09-17 16:35:39',NULL),
(722,'-',NULL,'Brasil','Avenida Atlântica','Praia Campista','Macaé','nao',NULL,NULL,'2024-09-17 16:15:38','2024-09-17 16:15:45',NULL),
(723,'SFfGYbcMBbd0vM7Z4c81qBxrZF5890JsOPAYj8Gr',2,NULL,'Centro',NULL,' SP',NULL,'2024-09-17 00:00:00','2024-09-24 00:00:00','2024-09-17 16:15:51','2024-09-17 16:19:20',NULL),
(724,'KdnAaD7GCaOqeTFt8gxSnai1n33G87lo7B2CGI2X',NULL,NULL,NULL,NULL,NULL,NULL,NULL,NULL,'2024-09-17 16:29:24','2024-09-17 16:29:24',NULL),
(725,'r5ZQO4osy8QcMndv8oXfR5CAxIZ0EVFofZ16gnja',NULL,NULL,NULL,NULL,NULL,NULL,NULL,NULL,'2024-09-17 17:18:55','2024-09-17 17:18:55',NULL),
(726,'-',NULL,'Brasil','Avenida Atlântica','Praia Campista','Macaé','nao',NULL,NULL,'2024-09-17 17:31:28','2024-09-17 17:31:33',NULL),
(727,'fi5sBvJ1tbSkhGhpuYF0W4RL9zNHezBXWeX3HYDj',2,NULL,'Centro',NULL,' SP',NULL,'2024-09-17 00:00:00','2024-09-25 00:00:00','2024-09-17 17:31:39','2024-09-17 18:29:18',NULL),
(728,'rjaAATjMuhYGCrJKDCUzUj4MkZMI7ehhzPu8YEOq',NULL,NULL,NULL,NULL,NULL,NULL,NULL,NULL,'2024-09-17 18:23:51','2024-09-17 18:23:51',NULL),
(729,'-',NULL,'Brasil','Avenida Atlântica','Praia Campista','Macaé','nao',NULL,NULL,'2024-09-17 18:56:24','2024-09-17 18:59:29',NULL),
(730,'h7piEmw7msUK6FM7GMdHUAMC5nLoFnUf8rMe6Rgk',NULL,NULL,NULL,NULL,NULL,NULL,NULL,NULL,'2024-09-17 19:06:57','2024-09-17 19:06:57',NULL),
(731,'ekUrFUfMJ8kL9VpVYg2Ht79bKelN96Zax4dQ1B6K',NULL,NULL,NULL,NULL,NULL,NULL,NULL,NULL,'2024-09-17 19:07:06','2024-09-17 19:07:06',NULL),
(732,'bxDAUz6oItkxOuyX1E3mJ1BDMTnGGbsIxwuHXdZG',NULL,NULL,NULL,NULL,NULL,NULL,NULL,NULL,'2024-09-17 19:56:37','2024-09-17 19:56:37',NULL),
(733,'On5oRvEtqRLr7bMOpH6Ld01xk0tGmI6u8k9RSmr3',NULL,NULL,NULL,NULL,NULL,NULL,NULL,NULL,'2024-09-17 20:01:53','2024-09-17 20:01:53',NULL),
(734,'-',NULL,'Brasil','Avenida Atlântica','Praia Campista','Macaé','nao',NULL,NULL,'2024-09-17 20:10:24','2024-09-17 20:10:41',NULL),
(735,'sOIWzlob6hEAcidbV2vJK8mBXT30faXnB55ifcq4',NULL,NULL,NULL,NULL,NULL,NULL,NULL,NULL,'2024-09-18 04:43:25','2024-09-18 04:43:25',NULL),
(736,'OLkkZMyija39NkXiqrKWHiR4zYkNoqgUyUW92lHJ',NULL,NULL,NULL,NULL,NULL,NULL,NULL,NULL,'2024-09-18 09:22:27','2024-09-18 09:22:27',NULL),
(737,'-',NULL,'Brasil','Avenida Atlântica','Praia Campista','Macaé','nao',NULL,NULL,'2024-09-18 11:54:04','2024-09-18 11:54:13',NULL),
(738,'U78gobJX2EoCFv3ttawB9bAeUZmutRkF1ztRs5fd',2,NULL,'Centro',NULL,' SP',NULL,'2024-09-18 00:00:00','2024-09-30 00:00:00','2024-09-18 11:54:18','2024-09-18 11:58:07',NULL),
(739,'j2UUgzaJ29lgcXh3esLE8zORtsU3NRIFCXuICaaO',NULL,NULL,NULL,NULL,NULL,NULL,NULL,NULL,'2024-09-18 12:03:35','2024-09-18 12:03:35',NULL),
(740,'-',NULL,'Brasil','Avenida Atlântica','Praia Campista','Macaé','nao',NULL,NULL,'2024-09-18 12:25:25','2024-09-18 12:25:29',NULL),
(741,'UAVcRm4uyuOIz6narwzOpPtXtUCfNezD87CAH9Ez',NULL,NULL,NULL,NULL,NULL,NULL,NULL,NULL,'2024-09-18 12:28:15','2024-09-18 12:28:15',NULL),
(742,'-',NULL,'Brasil','Avenida Atlântica','Praia Campista','Macaé','nao',NULL,NULL,'2024-09-18 12:45:13','2024-09-18 12:45:22',NULL),
(743,'dYjQyC71LafYtlRwM29rn2IKwnqe9Hr0ie90f23C',NULL,NULL,NULL,NULL,NULL,NULL,NULL,NULL,'2024-09-18 13:29:45','2024-09-18 13:29:45',NULL),
(744,'-',NULL,'22775-060',NULL,NULL,NULL,'nao',NULL,NULL,'2024-09-18 14:05:58','2024-09-18 14:06:32',NULL),
(745,'-',NULL,'Brasil','Avenida Atlântica','Praia Campista','Macaé','nao',NULL,NULL,'2024-09-18 19:40:40','2024-09-18 19:40:46',NULL),
(746,'-',2,'Brasil','Avenida Atlântica','Praia Campista','Macaé','nao',NULL,NULL,'2024-09-18 19:40:52','2024-09-18 19:48:50',NULL),
(747,'-',NULL,'Brasil','Avenida Atlântica','Praia Campista','Macaé','nao',NULL,NULL,'2024-09-18 20:08:48','2024-09-18 20:08:53',NULL),
(748,'p9E9NDeRHXsqx0pheoXyrvuF8fICK2uCet2Lmj61',2,NULL,'Butantã',NULL,' SP',NULL,'2024-09-18 00:00:00','2024-09-30 00:00:00','2024-09-18 20:09:01','2024-09-18 20:14:43',NULL),
(749,'6VPXDhBJmgypBhBX0fxbUOotqQdvYKCCh0ik0Hqb',NULL,NULL,NULL,NULL,NULL,NULL,NULL,NULL,'2024-09-18 21:05:15','2024-09-18 21:05:15',NULL),
(750,'wlyrNoBToObdW2710Pn3kErykRxSbZbDvbSpZAeH',NULL,NULL,NULL,NULL,NULL,NULL,NULL,NULL,'2024-09-18 21:15:42','2024-09-18 21:15:42',NULL),
(751,'o2YuEnx8LYHBowqACO5Vkc1FWZyzNfb0FFUKJdle',NULL,NULL,NULL,NULL,NULL,NULL,NULL,NULL,'2024-09-18 22:48:58','2024-09-18 22:48:58',NULL),
(752,'FWQeju6T5NHCUJuvs0i8MJhfU2FDp07YrclGYH8i',NULL,NULL,NULL,NULL,NULL,NULL,NULL,NULL,'2024-09-18 22:55:22','2024-09-18 22:55:22',NULL),
(753,'jiArY9bTXx6VEpS1lzCLJdgU6klovMpuUzpGvk1n',NULL,NULL,NULL,NULL,NULL,NULL,NULL,NULL,'2024-09-19 05:43:40','2024-09-19 05:43:40',NULL),
(754,'ka3TEGlcTKFo06cmM9FCzoIpHm2odX6FRafVxOpn',NULL,NULL,NULL,NULL,NULL,NULL,NULL,NULL,'2024-09-19 05:43:40','2024-09-19 05:43:40',NULL),
(755,'oZnlkWjnFm8QbEG0GaX3xOszPRRagvVhKn9rpjIf',NULL,NULL,NULL,NULL,NULL,NULL,NULL,NULL,'2024-09-19 09:28:22','2024-09-19 09:28:22',NULL),
(756,'aO46hifOnLrtzEk2x3oTd442f1IYJnoeZQ64DOAJ',NULL,NULL,NULL,NULL,NULL,NULL,NULL,NULL,'2024-09-19 11:00:12','2024-09-19 11:00:12',NULL),
(757,'-',NULL,'Brasil','Avenida Atlântica','Praia Campista','Macaé','nao',NULL,NULL,'2024-09-19 11:13:37','2024-09-19 11:13:38',NULL),
(758,'kk6whDlvZapsNBcJix7BtuanoyXIKlXQq2EcR80P',2,NULL,'Butantã',NULL,' SP',NULL,'2024-09-19 00:00:00','2024-09-27 00:00:00','2024-09-19 11:13:44','2024-09-19 13:34:39',NULL),
(759,'-',NULL,'Brasil','Avenida Atlântica','Praia Campista','Macaé','nao',NULL,NULL,'2024-09-19 12:04:22','2024-09-19 12:04:26',NULL),
(760,'uM1CAnVJieL2gv7u9WKdRlrjn577fMZKGN6jtS5O',2,NULL,'Butantã',NULL,' SP',NULL,'2024-09-19 00:00:00','2024-09-27 00:00:00','2024-09-19 12:04:34','2024-09-19 12:55:48',NULL),
(761,'KZ8VIi80JR6e5MqZjbarIBkNu0pkDo7rmEy8rqTq',NULL,NULL,NULL,NULL,NULL,NULL,NULL,NULL,'2024-09-19 12:13:26','2024-09-19 12:13:26',NULL),
(762,'VYxDYfVSpWOVKBM5tZIDLZGe5myXi3GtbwnH0u8K',NULL,NULL,NULL,NULL,NULL,NULL,NULL,NULL,'2024-09-19 12:19:41','2024-09-19 12:19:41',NULL),
(763,'321wcgFie88InfBlQS5TFg244rU1gkoxfDF8TIZx',NULL,NULL,NULL,NULL,NULL,NULL,NULL,NULL,'2024-09-19 13:58:21','2024-09-19 13:58:21',NULL),
(764,'HzyLVkm2o0EXC6jfodG1aKqLxulofs7Sc2o4IT69',NULL,NULL,NULL,NULL,NULL,NULL,NULL,NULL,'2024-09-19 14:57:48','2024-09-19 14:57:48',NULL),
(765,'CAv0vJtNcbf1WaBsuD6jQozK7K24pQDUTmvQ0VV4',NULL,NULL,NULL,NULL,NULL,NULL,NULL,NULL,'2024-09-19 15:34:51','2024-09-19 15:34:51',NULL),
(766,'KcuWkbL2BtDhGasLFMqs7QMcMSmCRHt1sTVb7hps',NULL,NULL,NULL,NULL,NULL,NULL,NULL,NULL,'2024-09-19 18:00:20','2024-09-19 18:00:20',NULL),
(767,'HDqqON9w7MeWPEi5GGnj4VkJwmrMqU4Bt37qw5GD',NULL,NULL,NULL,NULL,NULL,NULL,NULL,NULL,'2024-09-19 21:42:21','2024-09-19 21:42:21',NULL),
(768,'05BxT3eNy50wrUFWuIrrQ607d1h6KfqelByLtmyR',NULL,NULL,NULL,NULL,NULL,NULL,NULL,NULL,'2024-09-19 21:50:39','2024-09-19 21:50:39',NULL),
(769,'8kMIlHk1Oug9xodeWbip4F6VaNDZNB70jc8BCLPG',NULL,NULL,NULL,NULL,NULL,NULL,NULL,NULL,'2024-09-20 04:19:52','2024-09-20 04:19:52',NULL),
(770,'IaL3OEOO2uS5jzJ1jmsNoMi74miXJaSGo2mHTzQ2',NULL,NULL,NULL,NULL,NULL,NULL,NULL,NULL,'2024-09-20 04:19:52','2024-09-20 04:19:52',NULL),
(771,'k2Po1MMi5fWJ9SJNJoyitHNTdt46hZ7uxFutOSCm',NULL,NULL,NULL,NULL,NULL,NULL,NULL,NULL,'2024-09-20 04:21:07','2024-09-20 04:21:07',NULL),
(772,'NZbkMZsCKYXBiu2FLglx2A5YG0lWBYVLJ0syn1Zr',NULL,NULL,NULL,NULL,NULL,NULL,NULL,NULL,'2024-09-20 05:37:06','2024-09-20 05:37:06',NULL),
(773,'5raMMRNdEHRMYSSEyJspEoe0zkzJOTRlPXebs8co',NULL,NULL,NULL,NULL,NULL,NULL,NULL,NULL,'2024-09-20 07:06:59','2024-09-20 07:06:59',NULL),
(774,'B1xaKe0JUkP544oR69xlItzX3SkH1CtQZHFVn1V9',NULL,NULL,NULL,NULL,NULL,NULL,NULL,NULL,'2024-09-20 11:01:26','2024-09-20 11:01:26',NULL),
(775,'BPXmDwKABmp8wTf2fB42tpdZcswuTLz2J7hTcPZG',NULL,NULL,NULL,NULL,NULL,NULL,NULL,NULL,'2024-09-20 13:06:40','2024-09-20 13:06:40',NULL),
(776,'-',NULL,'27920-390','Cavaleiros','Macaé','Rio de Janeiro','nao',NULL,NULL,'2024-09-20 14:40:24','2024-09-20 14:40:28',NULL),
(777,'KhOibmaOj1VA9XiG9iUIckGxEivpq3spi0t24LRH',2,NULL,'Campo Limpo',NULL,' SP',NULL,NULL,NULL,'2024-09-20 14:40:35','2024-09-20 14:40:35',NULL),
(778,'-',NULL,'13098-348','Loteamento Alphaville Campinas','Campinas','São Paulo','nao',NULL,NULL,'2024-09-20 14:42:51','2024-09-20 14:42:59',NULL),
(779,'OkJBtNQDYPQKigVkfsXvszFnenb4E2eVRO4c77DB',NULL,NULL,NULL,NULL,NULL,NULL,NULL,NULL,'2024-09-20 14:43:02','2024-09-20 14:43:02',NULL),
(780,'rC8JIcGkuN7tbRghXkuxRhH1F0dHimVBKLtICr3F',2,NULL,'Paraíso',NULL,' SP',NULL,NULL,NULL,'2024-09-20 14:43:25','2024-09-20 14:43:25',NULL),
(781,'W12znncaZe8fYpp4yTL9zFnNlxhqf7zMM1och31T',NULL,NULL,NULL,NULL,NULL,NULL,NULL,NULL,'2024-09-20 14:44:18','2024-09-20 14:44:18',NULL),
(782,'a612CT2qu91od3W7MWCjGdnlNgSvktMoAsO6fW79',NULL,NULL,NULL,NULL,NULL,NULL,NULL,NULL,'2024-09-20 14:46:07','2024-09-20 14:46:07',NULL),
(783,'-',NULL,'37704-117',NULL,NULL,NULL,'nao',NULL,NULL,'2024-09-20 14:46:49','2024-09-20 14:47:42',NULL),
(784,'7jkFWYh4hffCXxGEouSQHcnBk7oBnHy193lpOkaW',2,NULL,'Brás',NULL,' SP',NULL,NULL,NULL,'2024-09-20 14:47:59','2024-09-20 14:47:59',NULL),
(785,'-',NULL,'20231-048','Centro','Rio de Janeiro','Rio de Janeiro','nao',NULL,NULL,'2024-09-20 14:50:38','2024-09-20 14:50:44',NULL),
(786,'yNXQF0PtBItNS8UkSMYAde5MGCisUdwwYX8Z1cAJ',2,NULL,'Vila Mariana',NULL,' SP',NULL,'2024-09-20 00:00:00','2024-10-01 00:00:00','2024-09-20 14:51:06','2024-09-20 14:52:22',NULL),
(787,'-',NULL,'37704-117','Dom Bosco','Poços de Caldas','MG','nao',NULL,NULL,'2024-09-20 14:54:44','2024-09-20 14:54:57',NULL),
(788,'PZPa3c0mFpNeuvMGYX8TSUvlZIHp2EeIgGX0aVH6',NULL,NULL,NULL,NULL,NULL,NULL,NULL,NULL,'2024-09-20 14:54:49','2024-09-20 14:54:49',NULL),
(789,'MnFT6wj6jf4apF2Dd5aQ1avhx50URh1DdfbayumJ',2,NULL,'Barra Funda',NULL,' SP',NULL,'2024-09-20 00:00:00','2024-09-30 00:00:00','2024-09-20 14:55:09','2024-09-20 14:55:54',NULL),
(790,'-',NULL,'88704-320','Humaitá','Tubarão','Santa Catarina','nao',NULL,NULL,'2024-09-20 15:46:39','2024-09-20 15:46:45',NULL),
(791,'NCSmEbdam4fAI4mn5VujOZAHUt6ecPmBpKBA4OeY',2,NULL,'Centro',NULL,' SP',NULL,NULL,NULL,'2024-09-20 15:46:54','2024-09-20 15:46:54',NULL),
(792,'-',NULL,'57010-000',NULL,NULL,NULL,'nao',NULL,NULL,'2024-09-20 17:25:29','2024-09-20 17:26:46',NULL),
(793,'gdMLjq1sBPJ8R24VxO609frZoJPPrLbUHvIb6WxK',NULL,NULL,NULL,NULL,NULL,NULL,NULL,NULL,'2024-09-20 23:08:18','2024-09-20 23:08:18',NULL),
(794,'-',NULL,'78556-680','Jardim Celeste','Sinop','Mato Grosso','nao',NULL,NULL,'2024-09-21 02:54:08','2024-09-21 02:54:13',NULL),
(795,'xmbqXVb9UZ1mRq8xdYSRIQHQGlPn4lECZAWssts9',NULL,NULL,NULL,NULL,NULL,NULL,NULL,NULL,'2024-09-21 22:06:44','2024-09-21 22:06:44',NULL),
(796,'iGHFocg3oYklxzl6oa7siV3klX8n3WVsn1ChWvBL',NULL,NULL,NULL,NULL,NULL,NULL,NULL,NULL,'2024-09-21 23:58:43','2024-09-21 23:58:43',NULL),
(797,'ruPw7WZziOHhYemyMzZJq8WbOGSwoLVQJ2h6c5gw',NULL,NULL,NULL,NULL,NULL,NULL,NULL,NULL,'2024-09-22 08:34:11','2024-09-22 08:34:11',NULL),
(798,'JkT7kTnKDPICOS2VhULrLn7xJhZbqAb92wcJfulD',NULL,NULL,NULL,NULL,NULL,NULL,NULL,NULL,'2024-09-22 10:06:50','2024-09-22 10:06:50',NULL),
(799,'0vOuLeuVPThciow8VsKGsSxdD9PcEMsPE2EKlK7G',NULL,NULL,NULL,NULL,NULL,NULL,NULL,NULL,'2024-09-22 17:31:11','2024-09-22 17:31:11',NULL),
(800,'7kTsgP4eg3ePQijkCJHRYOx4qbDd9YhYWdHAx8uA',NULL,NULL,NULL,NULL,NULL,NULL,NULL,NULL,'2024-09-22 20:07:47','2024-09-22 20:07:47',NULL),
(801,'MM09pDWhFdv5W7FBMzlT9obRjSlGqBLVUxXI57Uh',NULL,NULL,NULL,NULL,NULL,NULL,NULL,NULL,'2024-09-22 20:10:13','2024-09-22 20:10:13',NULL),
(802,'00ku7SkT1McFeKW4cGwVHgkMmgarOGURBtXLIYXD',NULL,NULL,NULL,NULL,NULL,NULL,NULL,NULL,'2024-09-22 20:22:45','2024-09-22 20:22:45',NULL),
(803,'DLa045vEffh1uYhcoHlKtALz2JXelIMSQb02Ku6G',NULL,NULL,NULL,NULL,NULL,NULL,NULL,NULL,'2024-09-23 08:16:00','2024-09-23 08:16:00',NULL),
(804,'-',NULL,'Brasil','Avenida Atlântica','Praia Campista','Macaé','nao',NULL,NULL,'2024-09-23 11:21:17','2024-09-23 11:21:20',NULL),
(805,'-',NULL,NULL,NULL,NULL,NULL,'nao',NULL,NULL,'2024-09-23 14:51:02','2024-09-23 14:51:06',NULL),
(806,'PSNRYm8loqHQ0XNpgyLEtljsuDXEg8k0Vxw3XRwS',2,NULL,'Capão Redondo',NULL,' SP',NULL,NULL,NULL,'2024-09-23 14:51:11','2024-09-23 14:51:11',NULL),
(807,'-',NULL,'12237-876','Conjunto Residencial Trinta e Um de Marco','São José dos Campos','São Paulo','nao',NULL,NULL,'2024-09-23 16:54:15','2024-09-23 16:54:20',NULL),
(808,'DkrDk35fTvk2nxiHnXIYJO1NeMl0ALgXjkwEW355',2,NULL,'Centro',NULL,' SP',NULL,NULL,NULL,'2024-09-23 16:54:24','2024-09-23 16:54:24',NULL),
(809,'-',NULL,'12237-876','Conjunto Residencial Trinta e Um de Marco','São José dos Campos','São Paulo','nao',NULL,NULL,'2024-09-23 17:05:29','2024-09-23 17:05:34',NULL),
(810,'royBld197rCjsdB5m0eU9ws455ExiglKdfIutrCF',2,NULL,'Centro',NULL,' SP',NULL,NULL,NULL,'2024-09-23 17:05:44','2024-09-23 17:05:44',NULL),
(811,'-',NULL,'04013-003','Vila Mariana','São Paulo','São Paulo','nao',NULL,NULL,'2024-09-23 18:29:10','2024-09-23 18:29:18',NULL),
(812,'BvcZJjk7JNlKBPOBsPrrHwXgg6NLf4wzFRsXyn2h',2,NULL,'Capão Redondo',NULL,' SP',NULL,NULL,NULL,'2024-09-23 18:29:22','2024-09-23 18:29:22',NULL),
(813,'-',NULL,'Brasil','Avenida Atlântica','Praia Campista','Macaé','nao',NULL,NULL,'2024-09-23 18:53:02','2024-09-23 18:53:06',NULL),
(814,'VwM3uJj6JX6utbjO8FiM2GWA2OiBo9EMajsiOOgb',2,NULL,'Centro',NULL,' SP',NULL,NULL,NULL,'2024-09-23 18:53:13','2024-09-23 18:53:13',NULL),
(815,'qcgmQ7QmUOMWOakTh3WeLKPUZ4UfC6YKQNAU9B6i',NULL,NULL,NULL,NULL,NULL,NULL,NULL,NULL,'2024-09-23 19:31:39','2024-09-23 19:31:39',NULL),
(816,'JwbtLl9HtW1uXK0LnhKN5PdwLsroxsukyx5S4Qzt',NULL,NULL,NULL,NULL,NULL,NULL,NULL,NULL,'2024-09-23 21:01:38','2024-09-23 21:01:38',NULL),
(817,'ydA5egWygArGjyQFcwzDG7zb9Sh8tDWf7KCmv0eT',NULL,NULL,NULL,NULL,NULL,NULL,NULL,NULL,'2024-09-23 23:16:38','2024-09-23 23:16:38',NULL),
(818,'-',NULL,'88032-001','Saco Grande','Florianópolis','SC','nao',NULL,NULL,'2024-09-23 23:25:51','2024-09-23 23:26:36',NULL),
(819,'8q6pe9bvinUNpigubexB6ZxgCgy7HoL31wt7uvG2',2,NULL,'Centro',NULL,' SP',NULL,NULL,NULL,'2024-09-23 23:26:43','2024-09-23 23:26:43',NULL),
(820,'c1kxNOCYNHsg96QoS6XshTlhNeuyvVYWVIJHRNXw',NULL,NULL,NULL,NULL,NULL,NULL,NULL,NULL,'2024-09-24 08:14:38','2024-09-24 08:14:38',NULL),
(821,'LNhUCpvEWy6vkZunWlI6pfJovvrJWVredrjyu0CL',NULL,NULL,NULL,NULL,NULL,NULL,NULL,NULL,'2024-09-24 12:19:32','2024-09-24 12:19:32',NULL),
(822,'XnWhftDiG15ysyK64f0ROLSYaZ3TFjV9y2o57n4j',NULL,NULL,NULL,NULL,NULL,NULL,NULL,NULL,'2024-09-24 13:52:51','2024-09-24 13:52:51',NULL),
(823,'MZuKKIlOq3o79sYaPslGTK3dQbJzoQ2OORA9zYFr',NULL,NULL,NULL,NULL,NULL,NULL,NULL,NULL,'2024-09-24 15:06:45','2024-09-24 15:06:45',NULL),
(824,'-',NULL,'Brasil','Avenida Atlântica','Praia Campista','Macaé','nao',NULL,NULL,'2024-09-24 16:43:46','2024-09-24 16:43:56',NULL),
(825,'6Jc6rhOyY2jbpXlOlvtPlKSXq0zyySEruyTcQ7oj',2,NULL,'Centro',NULL,' SP',NULL,NULL,NULL,'2024-09-24 16:44:01','2024-09-24 16:44:01',NULL),
(826,'-',NULL,'12227-853','Residencial São Francisco','São José dos Campos','SP','nao',NULL,NULL,'2024-09-24 17:03:40','2024-09-24 17:04:07',NULL),
(827,'jN4wHCzUfM1uTZdLuSN3dcNw30FqytYypaupadLw',2,NULL,'Bela Vista',NULL,' SP',NULL,NULL,NULL,'2024-09-24 17:04:12','2024-09-24 17:04:12',NULL),
(828,'j0YJYa15qf9yoamVl1Ad8jGTX8Gj9rZq20i5AHMd',NULL,NULL,NULL,NULL,NULL,NULL,NULL,NULL,'2024-09-24 17:26:05','2024-09-24 17:26:05',NULL),
(829,'-',NULL,'40140-230','Barra','Salvador','Bahia','nao',NULL,NULL,'2024-09-24 18:13:52','2024-09-24 18:14:00',NULL),
(830,'-',NULL,'Brasil','Avenida Atlântica','Praia Campista','Macaé','nao',NULL,NULL,'2024-09-24 19:55:39','2024-09-24 19:55:43',NULL),
(831,'RatYwYragv5SKyQPbrSxHpxHfUjTPLdzBfumJDYl',2,NULL,'Centro',NULL,' SP',NULL,'2024-09-24 00:00:00','2024-09-24 00:00:00','2024-09-24 19:56:00','2024-09-24 20:35:23',NULL),
(832,'wd8p6Gt93dfxMEr2B9lsF9AJWat8auTb2BHPR67j',NULL,NULL,NULL,NULL,NULL,NULL,NULL,NULL,'2024-09-24 22:11:57','2024-09-24 22:11:57',NULL),
(833,'tn3xqHvr9aDgWn12b1gZxJaE6THTTIRE86wUYVAJ',NULL,NULL,NULL,NULL,NULL,NULL,NULL,NULL,'2024-09-25 00:12:30','2024-09-25 00:12:30',NULL),
(834,'2domjIW7lYhtCmhNCZhW1M0eVNpcWoUBHN3SmBbZ',NULL,NULL,NULL,NULL,NULL,NULL,NULL,NULL,'2024-09-25 05:01:46','2024-09-25 05:01:46',NULL),
(835,'B9T8I3pftqSoBQQlhW9IjVGZnoehxuX61S0bXJx2',NULL,NULL,NULL,NULL,NULL,NULL,NULL,NULL,'2024-09-25 10:06:11','2024-09-25 10:06:11',NULL),
(836,'h7pAq8TnnFMsHGPY4LthfiJ6regRglThGUobjiST',NULL,NULL,NULL,NULL,NULL,NULL,NULL,NULL,'2024-09-25 10:50:13','2024-09-25 10:50:13',NULL),
(837,'qdDrmUAovc14v8i8kp2QSRmIEowiPAJKR8wld4hd',NULL,NULL,NULL,NULL,NULL,NULL,NULL,NULL,'2024-09-25 12:01:19','2024-09-25 12:01:19',NULL),
(838,'gj0JjuH4ORxiRheMrc569ZVk8bWQ1eGbVRcqqpBL',NULL,NULL,NULL,NULL,NULL,NULL,NULL,NULL,'2024-09-25 12:19:06','2024-09-25 12:19:06',NULL),
(839,'temYiER50lmlH8mJB3w34BW48JLbyWErb9GPHM2P',NULL,NULL,NULL,NULL,NULL,NULL,NULL,NULL,'2024-09-25 14:34:04','2024-09-25 14:34:04',NULL),
(840,'DuMRHb9jY2xi9xyBGXwboyiObqG9hYSvSizHt7t5',NULL,NULL,NULL,NULL,NULL,NULL,NULL,NULL,'2024-09-25 14:45:49','2024-09-25 14:45:49',NULL),
(841,'-',NULL,'04013-003','Vila Mariana','São Paulo','São Paulo','nao',NULL,NULL,'2024-09-25 15:17:59','2024-09-25 15:18:16',NULL),
(842,'CwtrMgiIKbjK0FDOqPS3Lhrw1d3SLSCRdzUOiwnr',2,NULL,'Vila Mariana',NULL,' SP',NULL,'2024-09-25 00:00:00','2024-10-03 00:00:00','2024-09-25 15:20:30','2024-09-25 15:21:33',NULL),
(843,'-',NULL,'04013-003','Vila Mariana','São Paulo','São Paulo','nao',NULL,NULL,'2024-09-25 15:29:13','2024-09-25 15:29:46',NULL),
(844,'U55Tt03jq1ePRXd6giHIc49LfiTPvgdn9zvM9aFa',2,NULL,'Ipiranga',NULL,' SP',NULL,NULL,NULL,'2024-09-25 15:30:10','2024-09-25 15:30:10',NULL),
(845,'-',NULL,'18277-835','Residencial Alvorada','Tatuí','SP','nao',NULL,NULL,'2024-09-25 15:54:41','2024-09-25 15:54:48',NULL),
(846,'ox3N7YP5Qp3FFkDxKX675qOXz3NUzxlXOV29Qant',2,NULL,'Barra Funda',NULL,' SP',NULL,NULL,NULL,'2024-09-25 15:54:56','2024-09-25 15:54:56',NULL),
(847,'LmQGTreRuuMl6PVRMV4SModBwm7viJo4ys4korhJ',NULL,NULL,NULL,NULL,NULL,NULL,NULL,NULL,'2024-09-25 16:45:53','2024-09-25 16:45:53',NULL),
(848,'FbLzQ8HeWyw1kT4Xj0MYnDunJfJ3Hu0Mk4i4hLgd',NULL,NULL,NULL,NULL,NULL,NULL,NULL,NULL,'2024-09-25 16:46:06','2024-09-25 16:46:06',NULL),
(849,'0bFMwWuJeRYXjP9ZNzwz6j0asrmRuJZTeoyILkyc',NULL,NULL,NULL,NULL,NULL,NULL,NULL,NULL,'2024-09-25 16:46:06','2024-09-25 16:46:06',NULL),
(850,'ikNfKGC0seBh2BFuia7cQnPcjUjpriK8hdxOfsRC',NULL,NULL,NULL,NULL,NULL,NULL,NULL,NULL,'2024-09-25 17:24:30','2024-09-25 17:24:30',NULL),
(851,'gGnl5B9M2H3SojKMwC4VshnNykTv2EbIC5HFykdu',NULL,NULL,NULL,NULL,NULL,NULL,NULL,NULL,'2024-09-25 17:24:52','2024-09-25 17:24:52',NULL),
(852,'aqrBpMOBbBhhJzuN5LfzIlK75RJ9qy8GO21G0DLr',NULL,NULL,NULL,NULL,NULL,NULL,NULL,NULL,'2024-09-25 17:54:38','2024-09-25 17:54:38',NULL),
(853,'LAF1myEMdl9cbyhrs7vSEKmkZskvEcorzG2bJx54',NULL,NULL,NULL,NULL,NULL,NULL,NULL,NULL,'2024-09-25 19:45:50','2024-09-25 19:45:50',NULL),
(854,'-',NULL,'27920-360','Cavaleiros','Macaé','Rio de Janeiro','nao',NULL,NULL,'2024-09-25 19:58:18','2024-09-25 20:31:49',NULL),
(855,'-',NULL,NULL,NULL,NULL,NULL,'nao',NULL,NULL,'2024-09-25 20:18:52','2024-09-25 20:19:06',NULL),
(856,'N0z6YcJB8tfQOVldLpVrfFsw1jIPPGGEBFtpmSD4',2,NULL,'Aricanduva',NULL,' SP',NULL,NULL,NULL,'2024-09-25 20:19:11','2024-09-25 20:19:11',NULL),
(857,'6IHqqPQ7PEFS9bwDCt6uE5bYiy0xaYjM1vZt05xJ',2,NULL,'Santo Amaro',NULL,' SP',NULL,NULL,NULL,'2024-09-25 20:34:06','2024-09-25 20:34:06',NULL),
(858,'-',NULL,'27920-360','Cavaleiros','Macaé','Rio de Janeiro','nao',NULL,NULL,'2024-09-25 20:37:03','2024-09-25 20:37:15',NULL),
(859,'BJ9CfqlQtOQscwBi9qKHLwQqh7EUAWAcYMKR2ToP',NULL,NULL,NULL,NULL,NULL,NULL,NULL,NULL,'2024-09-25 20:41:27','2024-09-25 20:41:27',NULL),
(860,'AjKBssPWfYdOJ1jNw9dYB3MYK0VTLFd5IuuViFoU',NULL,NULL,NULL,NULL,NULL,NULL,NULL,NULL,'2024-09-25 20:45:23','2024-09-25 20:45:23',NULL),
(861,'-',NULL,NULL,NULL,NULL,NULL,'nao',NULL,NULL,'2024-09-25 20:46:26','2024-09-25 20:46:31',NULL),
(862,'QBJD39nHq7YRHkkrZ44bmSFDFORi4ffPbwtJGUG2',2,NULL,'Centro',NULL,' SP',NULL,NULL,NULL,'2024-09-25 20:46:35','2024-09-25 20:46:35',NULL),
(863,'-',NULL,'27920-360','Cavaleiros','Macaé','Rio de Janeiro','nao',NULL,NULL,'2024-09-25 20:48:03','2024-09-25 20:48:07',NULL),
(864,'-',NULL,'27920-360','Cavaleiros','Macaé','Rio de Janeiro','nao',NULL,NULL,'2024-09-25 20:57:58','2024-09-25 21:01:57',NULL),
(865,'7XeNXxjurvr1EoaM190v9G7YHr14Jmc3WgCBfkvA',2,NULL,'Brás',NULL,' SP',NULL,NULL,NULL,'2024-09-25 21:02:02','2024-09-25 21:02:02',NULL),
(866,'-',NULL,'12237-000',NULL,NULL,NULL,'nao',NULL,NULL,'2024-09-25 23:07:12','2024-09-25 23:07:22',NULL),
(867,'tE1ipHS1KrXP6ZQfm4PrO4E75ZaTewZ710pw6bXH',2,NULL,'Centro',NULL,' SP',NULL,'2024-09-25 00:00:00','2024-09-30 00:00:00','2024-09-25 23:07:28','2024-09-25 23:07:41',NULL),
(868,'wJPFwBIOtU7fKLXcq5SFqp20KV5RMgdI3rw9DgVM',NULL,NULL,NULL,NULL,NULL,NULL,NULL,NULL,'2024-09-26 05:46:32','2024-09-26 05:46:32',NULL),
(869,'A2VSj8CJzZWPHDOBPQo1Yh4zNksPl4QqLdxI4f4t',NULL,NULL,NULL,NULL,NULL,NULL,NULL,NULL,'2024-09-26 06:49:58','2024-09-26 06:49:58',NULL),
(870,'yUnuksT6T6DtwGEBc2vjYVMjfHYzJEIFwxTkmsXG',NULL,NULL,NULL,NULL,NULL,NULL,NULL,NULL,'2024-09-26 08:19:41','2024-09-26 08:19:41',NULL),
(871,'REiIZZYSmBnoUIgOysSDqMqf02XYNU0o1jYwjXIW',NULL,NULL,NULL,NULL,NULL,NULL,NULL,NULL,'2024-09-26 09:58:14','2024-09-26 09:58:14',NULL),
(872,'-',NULL,'Brasil','Avenida Atlântica','Praia Campista','Macaé','nao',NULL,NULL,'2024-09-26 11:27:45','2024-09-26 11:27:49',NULL),
(873,'Hh9cmxIs5OFjxKspJ1yXMQ5RucyY1wK87B1HOzkF',2,NULL,'Chácara Santo Antônio',NULL,' SP',NULL,'2024-09-26 00:00:00','2024-09-30 00:00:00','2024-09-26 11:27:54','2024-09-26 12:09:19',NULL),
(874,'-',NULL,'27940-210',NULL,NULL,NULL,'nao',NULL,NULL,'2024-09-26 11:47:20','2024-09-26 11:47:38',NULL),
(875,'jreKRqrOMWvK232zv8YMzhsB2EYPnDtfOjt26Gex',2,NULL,'Centro',NULL,' SP',NULL,NULL,NULL,'2024-09-26 11:47:44','2024-09-26 11:47:44',NULL),
(876,'-',NULL,'27937-210','Riviera Fluminense','Macaé','Rio de Janeiro','nao',NULL,NULL,'2024-09-26 12:33:57','2024-09-26 12:34:02',NULL),
(877,'F4gA0WXaW8bqwWuhYXp5RFUqOS07m6eetj1BpMG8',NULL,NULL,NULL,NULL,NULL,NULL,NULL,NULL,'2024-09-26 12:57:55','2024-09-26 12:57:55',NULL),
(878,'-',NULL,'Brasil','Avenida Atlântica','Praia Campista','Macaé','nao',NULL,NULL,'2024-09-26 14:57:13','2024-09-26 14:57:18',NULL),
(879,'GUQnam27nbEwjb86LDJEJW6jpvtdMUNb23abgLTK',2,NULL,'Bom Retiro',NULL,' SP',NULL,NULL,NULL,'2024-09-26 14:57:25','2024-09-26 14:57:25',NULL),
(880,'-',NULL,'27920-325','Praia Campista','Macaé','Rio de Janeiro','nao',NULL,NULL,'2024-09-26 14:59:33','2024-09-26 14:59:36',NULL),
(881,'aHpv7jkFHLzEJ6qgVOgkIy8gzNWJeAyEDzQBf7iR',2,NULL,'Barra Funda',NULL,' SP',NULL,NULL,NULL,'2024-09-26 14:59:44','2024-09-26 14:59:44',NULL),
(882,'1EdEdsQntunPx9U8Qb8hUOtuNiebrhq2YirKUWfP',NULL,NULL,NULL,NULL,NULL,NULL,NULL,NULL,'2024-09-26 15:00:33','2024-09-26 15:00:33',NULL),
(883,'-',NULL,'Brasil','Avenida Atlântica','Praia Campista','Macaé','nao',NULL,NULL,'2024-09-26 15:01:01','2024-09-26 15:01:06',NULL),
(884,'mXB55Jp4IcsbRIqEaie93xztYFae8fhKboyxdAyy',2,NULL,'Artur Alvim',NULL,' SP',NULL,NULL,NULL,'2024-09-26 15:01:11','2024-09-26 15:01:11',NULL),
(885,'ElIJaZMKY3kp458mCR3REUadRdu131dXEinNMkW8',NULL,NULL,NULL,NULL,NULL,NULL,NULL,NULL,'2024-09-26 15:11:44','2024-09-26 15:11:44',NULL),
(886,'IpyEPjCJZX7AJ90jBSiscYH1nj7QolDxCrHeJM57',NULL,NULL,NULL,NULL,NULL,NULL,NULL,NULL,'2024-09-26 18:59:33','2024-09-26 18:59:33',NULL),
(887,'pwzqxssT0kT7BYcc45XmI5Djfi5tNn04TbmYBm1y',NULL,NULL,NULL,NULL,NULL,NULL,NULL,NULL,'2024-09-26 19:07:28','2024-09-26 19:07:28',NULL),
(888,'-',NULL,'Brasil','Avenida Atlântica','Praia Campista','Macaé','nao',NULL,NULL,'2024-09-26 19:10:40','2024-09-26 19:10:59',NULL),
(889,'HeDLytegQRa0xW2a96Q6H2REZYw2bv0HnT4z8a1f',2,NULL,'Bom Retiro',NULL,' SP',NULL,NULL,NULL,'2024-09-26 19:11:10','2024-09-26 19:11:10',NULL),
(890,'-',NULL,'78075-905','Jardim Imperial','Cuiabá','Mato Grosso','nao',NULL,NULL,'2024-09-27 02:43:15','2024-09-27 02:43:21',NULL),
(891,'Bfnw5rQkyUrL5gSzX1E21SrBQYNYU2CJXtZDLw7h',2,NULL,'Centro',NULL,' SP',NULL,NULL,NULL,'2024-09-27 02:43:40','2024-09-27 02:43:40',NULL),
(892,'xLUAwspZBvMpEbwJVh0Exu6FTEwUx0uedN2CJLUM',NULL,NULL,NULL,NULL,NULL,NULL,NULL,NULL,'2024-09-27 05:03:01','2024-09-27 05:03:01',NULL),
(893,'OouSbes8X0DONgmBdU1j7RSCrlV64WPQGLwaTvXv',NULL,NULL,NULL,NULL,NULL,NULL,NULL,NULL,'2024-09-27 09:10:55','2024-09-27 09:10:55',NULL),
(894,'IZLfSYgoCkYUsy3Zz9z6VZADC92qoezaAe5iKAYg',NULL,NULL,NULL,NULL,NULL,NULL,NULL,NULL,'2024-09-27 13:12:59','2024-09-27 13:12:59',NULL),
(895,'TNKvRTin6Puj8tdJ7yi72aK2nCB8FEkPZTxHh32E',NULL,NULL,NULL,NULL,NULL,NULL,NULL,NULL,'2024-09-27 18:47:30','2024-09-27 18:47:30',NULL),
(896,'-',NULL,'01000-000',NULL,NULL,NULL,'nao',NULL,NULL,'2024-09-27 18:55:53','2024-09-27 18:56:13',NULL),
(897,'w1t80ncxZJ99ari0tKo21bstmQAdHm98e4iyfUcS',2,NULL,'Centro',NULL,' SP',NULL,NULL,NULL,'2024-09-27 18:56:17','2024-09-27 18:56:17',NULL),
(898,'-',NULL,'27963-736','Parque Aeroporto','Macaé','Rio de Janeiro','nao',NULL,NULL,'2024-09-27 21:03:20','2024-09-27 21:03:24',NULL),
(899,'aUoSELDTvv00r9Sx3D9gLs4kJaDPPt0isR8vS35D',2,NULL,'Capão Redondo',NULL,' SP',NULL,NULL,NULL,'2024-09-27 21:03:28','2024-09-27 21:03:28',NULL),
(900,'MXz9AOvBCvVxckBa9gttPFxtXZhs5YZNNTF0QZf9',NULL,NULL,NULL,NULL,NULL,NULL,NULL,NULL,'2024-09-28 19:58:33','2024-09-28 19:58:33',NULL),
(901,'QSR16HK4zOalK7BIemlh8dRtsf18LbK23mc2kYks',NULL,NULL,NULL,NULL,NULL,NULL,NULL,NULL,'2024-09-28 20:56:49','2024-09-28 20:56:49',NULL),
(902,'56HRfPJWMklu924XiHLoFsOOd22q6F8F2cpVqUyI',NULL,NULL,NULL,NULL,NULL,NULL,NULL,NULL,'2024-09-28 21:32:25','2024-09-28 21:32:25',NULL),
(903,'CC8ShS8CUApR6ttOALJ12q0so4Dhw4BB5FmHqogc',NULL,NULL,NULL,NULL,NULL,NULL,NULL,NULL,'2024-09-28 22:13:15','2024-09-28 22:13:15',NULL),
(904,'REChOgEIVGbfTPXMZmDKZcvCMd2nizCpqmgnX3Ff',NULL,NULL,NULL,NULL,NULL,NULL,NULL,NULL,'2024-09-28 23:03:25','2024-09-28 23:03:25',NULL),
(905,'TuBOML7YSPN1boqgYU9n8rLs16oe1JO528eQZjf9',NULL,NULL,NULL,NULL,NULL,NULL,NULL,NULL,'2024-09-28 23:12:45','2024-09-28 23:12:45',NULL),
(906,'y6LbIWStQdCtu97GoNzj5qjkwlZLn9eke11aE8OY',NULL,NULL,NULL,NULL,NULL,NULL,NULL,NULL,'2024-09-29 06:11:14','2024-09-29 06:11:14',NULL),
(907,'LXrmCb7ISWjoIJh2EYsX9d8JJcVXNPUTy8LFosY6',NULL,NULL,NULL,NULL,NULL,NULL,NULL,NULL,'2024-09-29 16:07:25','2024-09-29 16:07:25',NULL),
(908,'-',NULL,'12306-000',NULL,NULL,NULL,'nao',NULL,NULL,'2024-09-29 23:56:43','2024-09-29 23:56:59',NULL),
(909,'cD7uGnZpaSX082Uzu0Pzg4u7Jj51RAiPpk1HTru9',2,NULL,'Ibirapuera',NULL,' SP',NULL,NULL,NULL,'2024-09-29 23:57:08','2024-09-29 23:57:08',NULL),
(910,'CnsoDl9F2bhvqrw49j1blH6pO7sUddq97687hMak',NULL,NULL,NULL,NULL,NULL,NULL,NULL,NULL,'2024-09-30 02:45:22','2024-09-30 02:45:22',NULL),
(911,'MZqbcxN01DQLQpcoVT720t3VIXjuSJSIedQptiVp',NULL,NULL,NULL,NULL,NULL,NULL,NULL,NULL,'2024-09-30 02:46:08','2024-09-30 02:46:08',NULL),
(912,'OcmZtlYyXBUDLFYwhwFgbO5SgyP3Ab1fAWkEjvTW',NULL,NULL,NULL,NULL,NULL,NULL,NULL,NULL,'2024-09-30 02:47:07','2024-09-30 02:47:07',NULL),
(913,'97himF9w6gT72AbEOWYfYOeBPhiC8s6wpcbjRgq0',NULL,NULL,NULL,NULL,NULL,NULL,NULL,NULL,'2024-09-30 02:47:10','2024-09-30 02:47:10',NULL),
(914,'5XhC2fsFwhQlxZQWO6tSLZZPvXwNVfLYV1Yh5OYE',NULL,NULL,NULL,NULL,NULL,NULL,NULL,NULL,'2024-09-30 02:47:11','2024-09-30 02:47:11',NULL),
(915,'e1AfY0idY7iITh1XNP5LCsiitDZFuuOJsDbgO1m7',NULL,NULL,NULL,NULL,NULL,NULL,NULL,NULL,'2024-09-30 02:47:18','2024-09-30 02:47:18',NULL),
(916,'OvAUYNQZTEibmAVopjak3nsA41urqaPMUme6qbc1',NULL,NULL,NULL,NULL,NULL,NULL,NULL,NULL,'2024-09-30 02:48:06','2024-09-30 02:48:06',NULL),
(917,'xcN6bRatdMIIKYJ02x8tYirBytJXlGrsG6jmiRg4',NULL,NULL,NULL,NULL,NULL,NULL,NULL,NULL,'2024-09-30 02:49:42','2024-09-30 02:49:42',NULL),
(918,'-',NULL,'Brasil','Avenida Atlântica','Praia Campista','Macaé','nao',NULL,NULL,'2024-09-30 11:29:19','2024-09-30 11:29:47',NULL),
(919,'iYWVllSSCu0xULpNQhYPVV3s8x4ErCEYymBnLYAv',2,NULL,'Chácara Santo Antônio',NULL,' SP',NULL,NULL,NULL,'2024-09-30 11:29:52','2024-09-30 11:29:52',NULL),
(920,'-',NULL,NULL,NULL,NULL,NULL,'nao',NULL,NULL,'2024-09-30 11:38:47','2024-09-30 11:38:53',NULL),
(921,'jEdDeBcDJ6NrV2HzqR2Bwa2iRUMPYjbJEOOeF84X',2,NULL,'Capão Redondo',NULL,' SP',NULL,NULL,NULL,'2024-09-30 11:38:57','2024-09-30 11:38:57',NULL),
(922,'zfceq5guTK8DHNbFZKZy198M0VR8xturkfyQWFBt',NULL,NULL,NULL,NULL,NULL,NULL,NULL,NULL,'2024-09-30 12:32:20','2024-09-30 12:32:20',NULL),
(923,'AWCGgPbkbhaMwAGxwsRqdEzghprM8ieSa9q0ocYD',NULL,NULL,NULL,NULL,NULL,NULL,NULL,NULL,'2024-09-30 13:43:39','2024-09-30 13:43:39',NULL),
(924,'nLmvDcd6neAEj1uQtJEEKT9PdJ4Ln8qIjMmzmQM6',NULL,NULL,NULL,NULL,NULL,NULL,NULL,NULL,'2024-09-30 14:09:41','2024-09-30 14:09:41',NULL),
(925,'rSMgm5G0FgDlriXADkKTu1wwlaSLJGxCjRElDc1A',NULL,NULL,NULL,NULL,NULL,NULL,NULL,NULL,'2024-09-30 14:50:49','2024-09-30 14:50:49',NULL),
(926,'-',NULL,'22723-260',NULL,NULL,NULL,'nao',NULL,NULL,'2024-09-30 16:37:57','2024-09-30 16:38:08',NULL),
(927,'Dez1Oi27ebKDW7wT8Ab0QTxtMSGlitCVcZkE6hx4',NULL,NULL,NULL,NULL,NULL,NULL,NULL,NULL,'2024-09-30 17:07:37','2024-09-30 17:07:37',NULL),
(928,'ROKijXmgKfr3DyQlp8eRfIo6SY6xJP5OHeu4nwDx',NULL,NULL,NULL,NULL,NULL,NULL,NULL,NULL,'2024-09-30 18:08:32','2024-09-30 18:08:32',NULL),
(929,'DtBUbDXjj5eQZrXQIfJTHWGvdBa6L5oId8QfO9R4',NULL,NULL,'Centro',NULL,NULL,NULL,NULL,NULL,'2024-09-30 18:26:30','2024-09-30 18:26:43',NULL),
(930,'MydrBUEtw9bxaHKm7hGWYeVS8HwsAALQxZZiKf7f',NULL,NULL,NULL,NULL,NULL,NULL,NULL,NULL,'2024-09-30 20:28:58','2024-09-30 20:28:58',NULL),
(931,'cFTNO8GsOlanSsJ1UINo4GCdSQRbCoUzElA7wKDR',NULL,NULL,NULL,NULL,NULL,NULL,NULL,NULL,'2024-09-30 23:00:07','2024-09-30 23:00:07',NULL),
(932,'ha9qTp9acIIVCsqaibmbbKvDCKGZaR2sltrB3bjx',NULL,NULL,NULL,NULL,NULL,NULL,NULL,NULL,'2024-09-30 23:00:07','2024-09-30 23:00:07',NULL),
(933,'Xl07sw9B3WPWEYX7l1DgyEWL0oTZfywAtXAh7uog',NULL,NULL,NULL,NULL,NULL,NULL,NULL,NULL,'2024-10-01 04:47:15','2024-10-01 04:47:15',NULL),
(934,'rH4UJeIBw69gsCCVQ1qAR0HYWFEJilGnHllLTOZ1',NULL,NULL,NULL,NULL,NULL,NULL,NULL,NULL,'2024-10-01 06:36:13','2024-10-01 06:36:13',NULL),
(935,'0mamwbBY6iPC5XNOA3S79MvpCpeGAVQ97h6wscGx',NULL,NULL,NULL,NULL,NULL,NULL,NULL,NULL,'2024-10-01 08:46:39','2024-10-01 08:46:39',NULL),
(936,'fMuw95IF0WRjNMCSmMyTsqMxIpTfXnlFRu7uGPDd',NULL,NULL,'Centro',NULL,NULL,NULL,'2024-10-01 00:00:00','2024-10-08 00:00:00','2024-10-01 11:09:33','2024-10-01 12:47:09',NULL),
(937,'3lyYd3uAn0jDs9NmQEFDgRUYmgV2F5haZYNIZBnu',NULL,NULL,NULL,NULL,NULL,NULL,NULL,NULL,'2024-10-01 14:28:25','2024-10-01 14:28:25',NULL),
(938,'SDPtb6VtEWWHXGl2lxiFyPCw3jijgnRhFZx1DW0M',NULL,NULL,NULL,NULL,NULL,NULL,NULL,NULL,'2024-10-01 14:36:15','2024-10-01 14:36:15',NULL),
(939,'N1CYakMYkFc9v915EJP6QykMaUemonu7EK6m1s8r',NULL,NULL,NULL,NULL,NULL,NULL,NULL,NULL,'2024-10-01 14:40:12','2024-10-01 14:40:12',NULL),
(940,'XaJ8KG0S68Uo0wBprp7wVfkjKbGYNFQt2YTdZ8Lq',NULL,NULL,NULL,NULL,NULL,NULL,NULL,NULL,'2024-10-01 19:22:10','2024-10-01 19:22:10',NULL),
(941,'z1rb7pFIsDxkagRtfxyNuLw80uoPvKCD98EUY1Fv',NULL,NULL,NULL,NULL,NULL,NULL,NULL,NULL,'2024-10-01 19:22:44','2024-10-01 19:22:44',NULL),
(942,'Ytrd3Gpw8ai12HHYo4lnYqBo0FeQlFlVHXDKGhsq',NULL,NULL,NULL,NULL,NULL,NULL,NULL,NULL,'2024-10-01 19:22:48','2024-10-01 19:22:48',NULL),
(943,'eKNHJ08JG1waYoM9r9v6y4bnmuaxVCl9Kef92T6Q',NULL,NULL,NULL,NULL,NULL,NULL,NULL,NULL,'2024-10-01 23:42:55','2024-10-01 23:42:55',NULL),
(944,'9kePUDY6rPHnyIdjXxLEUTBzB27cw8aW9gS8mXQ4',NULL,NULL,NULL,NULL,NULL,NULL,NULL,NULL,'2024-10-02 02:24:36','2024-10-02 02:24:36',NULL),
(945,'DLfvrS61hiDdqSNGHrBvMbNhT5OH3mLRKaqffIh3',NULL,NULL,NULL,NULL,NULL,NULL,NULL,NULL,'2024-10-02 04:06:15','2024-10-02 04:06:15',NULL),
(946,'zUBvlYHMTYbUQHik1QvZxjhDd6eslphmKJANABNm',NULL,NULL,NULL,NULL,NULL,NULL,NULL,NULL,'2024-10-02 04:24:12','2024-10-02 04:24:12',NULL),
(947,'vpsbZNlzBXH7sJxYzN7PCSMeJkD3IyQoV0HoPC52',NULL,NULL,NULL,NULL,NULL,NULL,NULL,NULL,'2024-10-02 07:35:03','2024-10-02 07:35:03',NULL),
(948,'uAj5Ub8baY5vG97KKJZ9hMh06lbOJnXnw0tIeOwd',NULL,NULL,NULL,NULL,NULL,NULL,NULL,NULL,'2024-10-02 13:54:23','2024-10-02 13:54:23',NULL),
(949,'GhrQvgKJ0XE1VT3MY0I4BE2JMwsjqFGcyKOUHFep',NULL,NULL,NULL,NULL,NULL,NULL,NULL,NULL,'2024-10-02 17:55:45','2024-10-02 17:55:45',NULL),
(950,'igKb9OrIFAiL6T35S2rg6fb6JnNcnCpgnmP5BXJP',NULL,NULL,NULL,NULL,NULL,NULL,NULL,NULL,'2024-10-02 19:07:50','2024-10-02 19:07:50',NULL),
(951,'kx9rb4Jkk07qABcerfuwvMYCDFv47ZJi4BdVlkDS',NULL,NULL,NULL,NULL,NULL,NULL,NULL,NULL,'2024-10-02 19:13:56','2024-10-02 19:13:56',NULL),
(952,'x5kI2LeIJeCxHs8aRLU1IOd84z2dVjFvEHyrUf3r',NULL,NULL,NULL,NULL,NULL,NULL,NULL,NULL,'2024-10-02 19:14:54','2024-10-02 19:14:54',NULL),
(953,'rGneTu0rjbZXlmuTNYoIXoQ86hUPWouM6SFF1bN9',NULL,NULL,NULL,NULL,NULL,NULL,NULL,NULL,'2024-10-02 19:15:52','2024-10-02 19:15:52',NULL),
(954,'vKlqzbohZZq1twHT5GY7DPE0mkbjN45g22u1u2nR',NULL,NULL,NULL,NULL,NULL,NULL,NULL,NULL,'2024-10-02 22:48:37','2024-10-02 22:48:37',NULL),
(955,'V60iXQiXSBVbeihUvVHODRvx9rVY1qDZZodgZwWI',NULL,NULL,NULL,NULL,NULL,NULL,NULL,NULL,'2024-10-02 23:30:08','2024-10-02 23:30:08',NULL),
(956,'vxfvApCyVHL9mLoQF3TBMm7eaEYMCx5KRkhHi5EL',NULL,NULL,NULL,NULL,NULL,NULL,NULL,NULL,'2024-10-03 01:09:43','2024-10-03 01:09:43',NULL),
(957,'8GmcljbKrqhHLvhqkjX8fYn1w3pCDbZaYUBuNKuN',NULL,NULL,NULL,NULL,NULL,NULL,NULL,NULL,'2024-10-03 03:39:50','2024-10-03 03:39:50',NULL),
(958,'HBhq8bF9VfQLTP86m7BnLF2ZZxPUkUgMRi4Tmtwr',NULL,NULL,NULL,NULL,NULL,NULL,NULL,NULL,'2024-10-03 17:56:49','2024-10-03 17:56:49',NULL),
(959,'JYZcIzKSiqkmOa7jSLBcrXLfVglV9nSntKa5DJn9',NULL,NULL,NULL,NULL,NULL,NULL,NULL,NULL,'2024-10-04 06:46:35','2024-10-04 06:46:35',NULL),
(960,'PmNdsxmsX5xOVSKPvMNqszLzeWuL8aSHKJFc2PzK',NULL,NULL,NULL,NULL,NULL,NULL,NULL,NULL,'2024-10-04 10:58:44','2024-10-04 10:58:44',NULL),
(961,'0D1mLtZwI3gmXLqQAUVsZGsFpxEUNMKZC4eIaBhV',NULL,NULL,NULL,NULL,NULL,NULL,NULL,NULL,'2024-10-04 13:50:56','2024-10-04 13:50:56',NULL),
(962,'GseYiYvEixxkKbgsEODCrut0aWS2fp1n2T5aEUQe',NULL,NULL,NULL,NULL,NULL,NULL,NULL,NULL,'2024-10-04 14:31:36','2024-10-04 14:31:36',NULL),
(963,'9rCkcXT003Eh6UlBL1ov6An0aiMApUdSeIAuErTy',NULL,NULL,NULL,NULL,NULL,NULL,NULL,NULL,'2024-10-04 14:44:35','2024-10-04 14:44:35',NULL),
(964,'U33Aipny2mQP7Ps9KXWV1nhWarhZWKxjoPU0c9va',NULL,NULL,NULL,NULL,NULL,NULL,NULL,NULL,'2024-10-04 15:36:54','2024-10-04 15:36:54',NULL),
(965,'uFijQFUcvKDcPTPEVabMEAIaZdnWxcsImPKu3qn4',NULL,NULL,NULL,NULL,NULL,NULL,NULL,NULL,'2024-10-04 16:29:46','2024-10-04 16:29:46',NULL),
(966,'dKFEBwW42LihnC4ZpubhiTbwgJVTbWMSwxE9LpOu',NULL,NULL,NULL,NULL,NULL,NULL,NULL,NULL,'2024-10-04 17:53:54','2024-10-04 17:53:54',NULL),
(967,'T8XbgXr9lVIM7qKPvoxul1PbrLBnfs95EVm4vp5Q',NULL,NULL,NULL,NULL,NULL,NULL,NULL,NULL,'2024-10-04 19:04:18','2024-10-04 19:04:18',NULL),
(968,'p20Kgbie1lZkEd86DXbKuI3VvyljjJFTaAzl8vZl',NULL,NULL,NULL,NULL,NULL,NULL,NULL,NULL,'2024-10-04 19:24:43','2024-10-04 19:24:43',NULL),
(969,'GOaYs6ulTAVkVBgpdWcKmty34Lg55Ju9wrLaiEoq',NULL,NULL,NULL,NULL,NULL,NULL,NULL,NULL,'2024-10-04 19:24:50','2024-10-04 19:24:50',NULL),
(970,'01IrXiwvYCtZ6GJSPakD8i2gQBLmeJIqgWXa19W9',NULL,NULL,NULL,NULL,NULL,NULL,NULL,NULL,'2024-10-04 19:50:09','2024-10-04 19:50:09',NULL),
(971,'eFNO4qpcyLTWSnK32K1XKTcboTIEScn3IIAu4EeA',NULL,NULL,NULL,NULL,NULL,NULL,NULL,NULL,'2024-10-05 13:48:39','2024-10-05 13:48:39',NULL),
(972,'1SsdkodONN8HfYkwqah81oBgAdSoKlF22vaewoF2',NULL,NULL,'Aricanduva',NULL,NULL,NULL,'2024-10-05 00:00:00','2025-03-24 00:00:00','2024-10-05 14:48:41','2024-10-05 14:49:33',NULL),
(973,'9OLkxFvXo7yO1TO6QYEAUtEDAbHYCqLzsANTOegh',NULL,NULL,'Centro',NULL,NULL,NULL,NULL,NULL,'2024-10-05 20:06:21','2024-10-05 20:06:29',NULL),
(974,'C9CUYTDE5UwVWPn7cQeRaa8MdhVEOxPlKKSezvvW',NULL,NULL,NULL,NULL,NULL,NULL,NULL,NULL,'2024-10-06 00:30:39','2024-10-06 00:30:39',NULL),
(975,'itFHH97BUF1CDeBf4XZMy7295YPnQny1pzWr29dr',NULL,NULL,NULL,NULL,NULL,NULL,NULL,NULL,'2024-10-06 09:47:28','2024-10-06 09:47:28',NULL),
(976,'Jm61ZcuuYNuodiepipWDfkCpbMf1JAJdzy6OP2E1',NULL,NULL,NULL,NULL,NULL,NULL,NULL,NULL,'2024-10-06 14:19:35','2024-10-06 14:19:35',NULL),
(977,'FFzLVrZ1fYPlXmn9ISvU4xagolxxt5XxebOtpHjU',NULL,NULL,NULL,NULL,NULL,NULL,NULL,NULL,'2024-10-07 00:13:30','2024-10-07 00:13:30',NULL),
(978,'hZhlL7XpYhm3QEpdl7nWGHwejeIw4KB2znTUYTkU',NULL,NULL,NULL,NULL,NULL,NULL,NULL,NULL,'2024-10-07 01:34:27','2024-10-07 01:34:27',NULL),
(979,'zBzY3LuvsIwb76CUzwPEkO3ZzSCEDeK05GjcEqE0',NULL,NULL,NULL,NULL,NULL,NULL,NULL,NULL,'2024-10-07 06:18:48','2024-10-07 06:18:48',NULL),
(980,'-',NULL,NULL,NULL,NULL,NULL,'nao',NULL,NULL,'2024-10-07 17:20:16','2024-10-07 17:20:23',NULL),
(981,'m46c3O7V8bOuE92CVsrAP1ujFnB13SmwLQ3G4ZM9',2,NULL,'Centro',NULL,' SP',NULL,NULL,NULL,'2024-10-07 17:20:28','2024-10-07 17:20:28',NULL),
(982,'KB9fX9UPWkSyAGLxf7nAhhThpHtap9dF3WwfS4fL',NULL,NULL,NULL,NULL,NULL,NULL,NULL,NULL,'2024-10-07 19:32:34','2024-10-07 19:32:34',NULL),
(983,'88YQhbP3P72g3P8iJZs0fd4ft8D7t8IIpflh42BH',NULL,NULL,NULL,NULL,NULL,NULL,NULL,NULL,'2024-10-07 19:35:57','2024-10-07 19:35:57',NULL),
(984,'SvR6QiFR2td4C5NPJRilIdcHIB4KhLY0s3IhKbjX',NULL,NULL,NULL,NULL,NULL,NULL,NULL,NULL,'2024-10-07 19:40:24','2024-10-07 19:40:24',NULL),
(985,'OhvGM5ezlXczJMH5URXgpA1uX5HDcCAlCNaG1clY',NULL,NULL,NULL,NULL,NULL,NULL,NULL,NULL,'2024-10-07 22:49:28','2024-10-07 22:49:28',NULL),
(986,'Tfez3tsFlFin2V0cyRtDxq6BSS6FCZdAZiIKPN9N',NULL,NULL,NULL,NULL,NULL,NULL,NULL,NULL,'2024-10-08 03:27:17','2024-10-08 03:27:17',NULL),
(987,'rXVOBwr4b3KM8z6BN6nJzZfSXkP7zXZVwr6OoGW2',NULL,NULL,NULL,NULL,NULL,NULL,NULL,NULL,'2024-10-08 13:54:02','2024-10-08 13:54:02',NULL),
(988,'yTtg0jy4D8lAYyBSvEh5KUWJpHqmqlryPORNFaeo',NULL,NULL,NULL,NULL,NULL,NULL,NULL,NULL,'2024-10-08 14:47:08','2024-10-08 14:47:08',NULL),
(989,'-',NULL,'05767-450',NULL,NULL,NULL,'nao',NULL,NULL,'2024-10-08 18:42:26','2024-10-08 18:42:49',NULL),
(990,'D0hgL23RTTbQwB3rYzkehUUSZv3WXzQEaZGM2BDK',2,NULL,'Campo Limpo',NULL,' SP',NULL,NULL,NULL,'2024-10-08 18:42:59','2024-10-08 18:42:59',NULL),
(991,'KbIfrF37D8BCzuvdV0BwM9qpKSWfrC8PlkiyO7SG',NULL,NULL,NULL,NULL,NULL,NULL,NULL,NULL,'2024-10-08 19:40:38','2024-10-08 19:40:38',NULL),
(992,'UhLWJd7T5Tt2ErU2FkDz2qtoMrR4f9QBaCQ3FMMA',NULL,NULL,NULL,NULL,NULL,NULL,NULL,NULL,'2024-10-08 21:21:47','2024-10-08 21:21:47',NULL),
(993,'NWl8vKu3rSAp3adHBGZryP5L7VobXe41yMz14ZZm',NULL,NULL,NULL,NULL,NULL,NULL,NULL,NULL,'2024-10-08 21:26:19','2024-10-08 21:26:19',NULL),
(994,'NDIjYR27asihL6FOmO4OzN6POvHbCTKCMxa2T4mL',NULL,NULL,NULL,NULL,NULL,NULL,NULL,NULL,'2024-10-08 21:58:33','2024-10-08 21:58:33',NULL),
(995,'cNSeIQdkdJFeZLCTyvshFrGUpVqPGpJqcCqByiCD',NULL,NULL,NULL,NULL,NULL,NULL,NULL,NULL,'2024-10-08 22:25:16','2024-10-08 22:25:16',NULL),
(996,'CDNBRNz4ImgbIQdRmOjW8dDg6suDx9OcKxWnbR96',NULL,NULL,NULL,NULL,NULL,NULL,NULL,NULL,'2024-10-08 23:35:49','2024-10-08 23:35:49',NULL),
(997,'kC7Kdm2CyxHjNrOvwnMpT8emFQ9ho3rdGOBDCY5S',NULL,NULL,NULL,NULL,NULL,NULL,NULL,NULL,'2024-10-08 23:50:43','2024-10-08 23:50:43',NULL),
(998,'QwDpQHKjGMsxPw3HiFu9nrHYR9KZCPTfV6oiME5I',NULL,NULL,NULL,NULL,NULL,NULL,NULL,NULL,'2024-10-08 23:53:54','2024-10-08 23:53:54',NULL),
(999,'v5qm13RlaRTZb9S9BXBEcbHm6fYBTi2xQlclH200',NULL,NULL,NULL,NULL,NULL,NULL,NULL,NULL,'2024-10-09 09:01:26','2024-10-09 09:01:26',NULL),
(1000,'S2kcJJAK5oeN70q23TJQTPEkvamXwDOHMzsCnOov',NULL,NULL,NULL,NULL,NULL,NULL,NULL,NULL,'2024-10-09 09:01:54','2024-10-09 09:01:54',NULL),
(1001,'NVX6ZnUjFP3NaNYSzefMvcVocWMqLHFWYjcRahF0',NULL,NULL,NULL,NULL,NULL,NULL,NULL,NULL,'2024-10-09 12:30:24','2024-10-09 12:30:24',NULL),
(1002,'TXmf2agHaYEgxdWolPCdeAGTa2wOoPrVmkE9875g',NULL,NULL,NULL,NULL,NULL,NULL,NULL,NULL,'2024-10-09 13:15:00','2024-10-09 13:15:00',NULL),
(1003,'Hzo9usbyrnBTcA70Wn0cz4T57ZpbbhGo7AiQRxnG',NULL,NULL,NULL,NULL,NULL,NULL,NULL,NULL,'2024-10-09 14:42:28','2024-10-09 14:42:28',NULL),
(1004,'-',NULL,'04016-032',NULL,NULL,NULL,'nao',NULL,NULL,'2024-10-09 17:43:00','2024-10-09 18:02:32',NULL),
(1005,'Q0TM7rR1kGpKNhT0mfuVcWmQWAqtwFhm5gqi4gQq',NULL,NULL,NULL,NULL,NULL,NULL,NULL,NULL,'2024-10-09 17:44:40','2024-10-09 17:44:40',NULL),
(1006,'4XZsCm4QET6hl5r7r22BfMz48VKaFxtfuqkye60D',NULL,NULL,NULL,NULL,NULL,NULL,NULL,NULL,'2024-10-09 17:48:09','2024-10-09 17:48:09',NULL),
(1007,'m6IJ1CnWeXT5qwSjdl1wutNFaZnHDJrVHczz8B4i',2,NULL,'Artur Alvim',NULL,' SP',NULL,NULL,NULL,'2024-10-09 18:02:42','2024-10-09 18:02:42',NULL),
(1008,'Q8hkWb5RRj7i0ik55WJoZVbcvxY1W1V7qK0UC9pg',NULL,NULL,NULL,NULL,NULL,NULL,NULL,NULL,'2024-10-10 02:35:55','2024-10-10 02:35:55',NULL),
(1009,'9YgN0k46kqPPlneyf06k16OyvUup2f8To1vdJaWy',NULL,NULL,NULL,NULL,NULL,NULL,NULL,NULL,'2024-10-10 02:38:21','2024-10-10 02:38:21',NULL),
(1010,'gvHRmj6LEl0bxo879n3cNYWdQucZn5CbOsNVrQh9',NULL,NULL,NULL,NULL,NULL,NULL,NULL,NULL,'2024-10-10 05:34:59','2024-10-10 05:34:59',NULL),
(1011,'1KA5zAAEhrRhc2Ao7B0NxRw9eGdmvSEooq9FD05K',NULL,NULL,NULL,NULL,NULL,NULL,NULL,NULL,'2024-10-10 10:28:33','2024-10-10 10:28:33',NULL),
(1012,'wV7RWzr62KB7UUlrK2M7fPm6CxiLgMDxi0t07uCk',NULL,NULL,NULL,NULL,NULL,NULL,NULL,NULL,'2024-10-10 12:14:08','2024-10-10 12:14:08',NULL),
(1013,'3yzBdnbTabdHiY5OhSpQYVI6IuN6FPdWLroRoUEi',NULL,NULL,NULL,NULL,NULL,NULL,NULL,NULL,'2024-10-10 12:22:27','2024-10-10 12:22:27',NULL),
(1014,'bDAQWmwbTCiGYlMxgsXbiadiQoD9aJdLaVZG2w2U',NULL,NULL,NULL,NULL,NULL,NULL,NULL,NULL,'2024-10-10 12:23:12','2024-10-10 12:23:12',NULL),
(1015,'JNWpwmucrAv50cKfc3IqCUjUhGWsEQeg52seqar1',NULL,NULL,NULL,NULL,NULL,NULL,NULL,NULL,'2024-10-10 13:27:25','2024-10-10 13:27:25',NULL),
(1016,'roUwQP6dqzNu0aLXyGSNGEhfQV2pQxE40wjt2Gtr',NULL,NULL,NULL,NULL,NULL,NULL,NULL,NULL,'2024-10-10 14:23:01','2024-10-10 14:23:01',NULL),
(1017,'WjUqFuVvsouo45C8SNhYx3GD66Gg8hzYls8NTVoI',NULL,NULL,NULL,NULL,NULL,NULL,NULL,NULL,'2024-10-10 15:25:47','2024-10-10 15:25:47',NULL),
(1018,'PRImGzYZewvlFlKIvfTi7ldltfZxZMqXp5EyUIST',NULL,NULL,NULL,NULL,NULL,NULL,NULL,NULL,'2024-10-10 15:28:24','2024-10-10 15:28:24',NULL),
(1019,'-',NULL,NULL,NULL,NULL,NULL,'nao',NULL,NULL,'2024-10-10 16:25:18','2024-10-10 18:23:20',NULL),
(1020,'eL1iNCzgANo40LtvbtdFqcrsTgu9ol6MaTbjz4z5',NULL,NULL,NULL,NULL,NULL,NULL,NULL,NULL,'2024-10-10 16:33:47','2024-10-10 16:33:47',NULL),
(1021,'0o5shplDWW8jj8hZ4q8T3wfquc5reen9sOK9QMKt',NULL,NULL,NULL,NULL,NULL,NULL,NULL,NULL,'2024-10-10 16:55:08','2024-10-10 16:55:08',NULL),
(1022,'0CnP3Eh383xOtLBskrP4l07Po8ZgXm612RgSjsXJ',NULL,NULL,NULL,NULL,NULL,NULL,NULL,NULL,'2024-10-10 17:57:40','2024-10-10 17:57:40',NULL),
(1023,'JPqFmr2Kv5SZIxp77oD6gK9dBS8iT5g142CyxNRT',NULL,NULL,NULL,NULL,NULL,NULL,NULL,NULL,'2024-10-10 18:05:03','2024-10-10 18:05:03',NULL),
(1024,'FT0GZqC7QW4vPZTDQx02MtyhaKImTNCKpC5u4Cbs',NULL,NULL,NULL,NULL,NULL,NULL,NULL,NULL,'2024-10-10 18:07:18','2024-10-10 18:07:18',NULL),
(1025,'9NxdA1Vpwf5Zd02SgjsnVn76s8YR5JdSJUXojbo5',NULL,NULL,NULL,NULL,NULL,NULL,NULL,NULL,'2024-10-10 18:08:42','2024-10-10 18:08:42',NULL),
(1026,'iK7Gplr8qlyyeQ55VKeH5s2XDTNp30h07LLQVg50',NULL,NULL,NULL,NULL,NULL,NULL,NULL,NULL,'2024-10-10 18:22:24','2024-10-10 18:22:24',NULL),
(1027,'-',2,NULL,NULL,NULL,NULL,'nao','2024-10-10 00:00:00','2024-10-14 00:00:00','2024-10-10 18:23:25','2024-10-10 18:29:47',NULL),
(1028,'KBDV0i6WJyclFIRxE6oZpQ2sSzMwBP4AjabnLnhi',2,NULL,'Centro',NULL,' SP',NULL,'2024-10-10 00:00:00','2024-10-12 00:00:00','2024-10-10 18:29:51','2024-10-10 18:31:18',NULL),
(1029,'RzcVGYoBmfFWuYixE4DRP3tgE7j2of86U8nSKvaB',NULL,NULL,NULL,NULL,NULL,NULL,NULL,NULL,'2024-10-10 18:45:19','2024-10-10 18:45:19',NULL),
(1030,'28M3YJJYxgknAwf2gtcf9uqvNZEACaTmL8aE41EI',NULL,NULL,NULL,NULL,NULL,NULL,NULL,NULL,'2024-10-10 18:48:25','2024-10-10 18:48:25',NULL),
(1031,'uqLnkCEsvIlvogJwUJ2g0Gk2lvFDcQSFKWKg557h',NULL,NULL,NULL,NULL,NULL,NULL,NULL,NULL,'2024-10-10 19:03:22','2024-10-10 19:03:22',NULL),
(1032,'DBBCI0lT6NRqNflKTyxG7RrAFlUmy6hBkPIeKKfy',NULL,NULL,NULL,NULL,NULL,NULL,NULL,NULL,'2024-10-10 19:15:04','2024-10-10 19:15:04',NULL),
(1033,'-',NULL,'04011-080',NULL,NULL,NULL,'nao',NULL,NULL,'2024-10-10 19:33:26','2024-10-10 19:36:44',NULL),
(1034,'hoUtY2zvUKBoBgmB2Utt7qZgif1Axkq0VqgJjCea',NULL,NULL,'Higienópolis',NULL,' SP',NULL,'2024-10-11 00:00:00','2024-10-16 00:00:00','2024-10-10 19:36:51','2024-10-10 20:04:29',NULL),
(1035,'-',NULL,NULL,NULL,NULL,NULL,'nao',NULL,NULL,'2024-10-10 20:11:36','2024-10-10 20:12:09',NULL),
(1036,'I1mnynzwYcP0q66p5abZSNMB682UVJG1B8XAGvAC',2,NULL,'Higienópolis',NULL,' SP',NULL,NULL,NULL,'2024-10-10 20:12:18','2024-10-10 20:12:18',NULL),
(1037,'u0VWnD21AIpW2kPDfHOzLkvxAwnp0SHe6IFNufXt',NULL,NULL,NULL,NULL,NULL,NULL,NULL,NULL,'2024-10-10 20:19:04','2024-10-10 20:19:04',NULL),
(1038,'vAvPeB1kHLNjnd7WsqfJRdTAbUGPCHvCCgQMdHYi',NULL,NULL,NULL,NULL,NULL,NULL,NULL,NULL,'2024-10-10 20:20:43','2024-10-10 20:20:53',NULL),
(1039,'N8fQXx3VhZl4mqSkP8Do4XBwZNBGom3lIPQ2OnZD',NULL,NULL,NULL,NULL,NULL,NULL,NULL,NULL,'2024-10-10 20:23:21','2024-10-10 20:23:21',NULL),
(1040,'-',NULL,'08210-590',NULL,NULL,NULL,'nao',NULL,NULL,'2024-10-10 20:24:52','2024-10-10 20:25:07',NULL),
(1041,'sxpocNy087YOJEN6RxFhZgVGcWJxlw0v5gaF7C2g',2,NULL,'Tatuapé',NULL,' SP',NULL,'2024-10-10 00:00:00','2024-10-24 00:00:00','2024-10-10 20:25:29','2024-10-10 20:33:25',NULL),
(1042,'-',NULL,'04011-080',NULL,NULL,NULL,'nao',NULL,NULL,'2024-10-10 20:27:59','2024-10-10 20:28:16',NULL),
(1043,'v9pPkAVkHVHLquUHltXRBrJAMdmCYDxB017oZWxl',NULL,NULL,'Alto de Pinheiros',NULL,' SP',NULL,'2024-10-10 00:00:00','2024-10-15 00:00:00','2024-10-10 20:28:21','2024-10-10 20:32:31',NULL),
(1044,'0vRZCR9RJw08FM5kUEndFwKSQsY16vKLor5arDJb',NULL,NULL,NULL,NULL,NULL,NULL,NULL,NULL,'2024-10-10 20:37:32','2024-10-10 20:37:32',NULL),
(1045,'7cjHSM8hxncdslpHs6VIbgkPfchOu1acrtOGM6Qp',NULL,NULL,NULL,NULL,NULL,NULL,NULL,NULL,'2024-10-10 21:53:50','2024-10-10 21:53:50',NULL),
(1046,'09aHiyfVbBfXIcXrIRh4V3EiMiOX67ldszBgNgrU',NULL,NULL,NULL,NULL,NULL,NULL,NULL,NULL,'2024-10-11 00:39:20','2024-10-11 00:39:20',NULL),
(1047,'Ik47Ex4DTF3MGQgMZfQiDnoVh1BN7AjwX7pJwbQy',NULL,NULL,NULL,NULL,NULL,NULL,NULL,NULL,'2024-10-11 00:39:20','2024-10-11 00:39:20',NULL),
(1048,'3XadiO50lPXI77C2DejwiFLKL42XZrOkSqPVlA8M',NULL,NULL,NULL,NULL,NULL,NULL,NULL,NULL,'2024-10-11 00:47:36','2024-10-11 00:47:36',NULL),
(1049,'XMXeLw3NDrzFHacD6Vvz0cQa1CuJROb0JcHEp8l5',NULL,NULL,NULL,NULL,NULL,NULL,NULL,NULL,'2024-10-11 00:47:37','2024-10-11 00:47:37',NULL),
(1050,'Hy2wEjGxcmjEEmML2RPOevQw1yybEQRXbu7U0DLz',NULL,NULL,NULL,NULL,NULL,NULL,NULL,NULL,'2024-10-11 09:13:46','2024-10-11 09:13:46',NULL),
(1051,'94VRoxOHDQZArzrT0Jcfor8wlOWXEMY6zq8hKAQo',NULL,NULL,NULL,NULL,NULL,NULL,NULL,NULL,'2024-10-11 12:12:12','2024-10-11 12:12:12',NULL),
(1052,'-',NULL,'04011-080','Vila Mariana','São Paulo','SP','nao',NULL,NULL,'2024-10-11 12:23:29','2024-10-11 12:23:37',NULL),
(1053,'8DNYjpOhB6RemZIGMK9M6Plk1K2hLD9WTaQDy9Qc',2,NULL,'Aricanduva',NULL,' SP',NULL,'2024-10-11 00:00:00','2024-11-01 00:00:00','2024-10-11 12:23:42','2024-10-11 12:28:55',NULL),
(1054,'P2jBDyK7yeuWP4NIRHNl59BUeE68PxedifqCyjaV',NULL,NULL,NULL,NULL,NULL,NULL,NULL,NULL,'2024-10-11 12:27:01','2024-10-11 12:27:01',NULL),
(1055,'aOp35ouhZ0aj2aG9nCPQvcSxxJvCltlfOZeyhUpQ',NULL,NULL,'Itaim Bibi',NULL,NULL,NULL,NULL,NULL,'2024-10-11 13:02:33','2024-10-11 13:02:37',NULL),
(1056,'MuKDUXfuoxtnuqieOPtmWVi0gVJn8vYiG3IQLRvW',NULL,NULL,NULL,NULL,NULL,NULL,NULL,NULL,'2024-10-11 14:06:57','2024-10-11 14:06:57',NULL),
(1057,'JJqFWaW40e9yUy6PA7T8MxbLyNtckSWwAE2dOpFi',NULL,NULL,NULL,NULL,NULL,NULL,NULL,NULL,'2024-10-11 14:54:06','2024-10-11 14:54:06',NULL),
(1058,'91lU2b48ahUUohkv56kGc1xJP2KmVYQdFhakqdlY',NULL,NULL,NULL,NULL,NULL,NULL,NULL,NULL,'2024-10-11 15:01:13','2024-10-11 15:01:13',NULL),
(1059,'-',NULL,'04011-080',NULL,NULL,NULL,'nao',NULL,NULL,'2024-10-11 15:49:34','2024-10-11 15:49:43',NULL),
(1060,'Ukx292z6b3e7uXSI8EqDFetWG42kUAISFm4Cn4MN',2,NULL,'Alto de Pinheiros',NULL,' SP',NULL,'2024-10-11 00:00:00','2024-11-08 00:00:00','2024-10-11 15:49:47','2024-10-11 15:50:05',NULL),
(1061,'DWWwrN10TSQhmK4aVtRuNjNjQQTNsjJiI9qWwbhm',NULL,NULL,'Centro',NULL,NULL,NULL,'2024-10-11 00:00:00','2024-11-09 00:00:00','2024-10-11 15:50:43','2024-10-11 15:51:15',NULL),
(1062,'-',NULL,'08210-590',NULL,NULL,NULL,'nao',NULL,NULL,'2024-10-11 16:02:18','2024-10-11 16:03:54',NULL),
(1063,'ThNeGUAIFMBAlvC9wG1QhGgyM8t4K38DgGN7d0R7',2,NULL,'Vila Andrade',NULL,' SP',NULL,'2024-10-11 00:00:00','2024-10-21 00:00:00','2024-10-11 16:05:11','2024-10-11 16:47:47',NULL),
(1064,'fVyzo6qIFkfWvwLWtBp4EW64pOLVpfY5MYpAVE4x',NULL,NULL,NULL,NULL,NULL,NULL,NULL,NULL,'2024-10-11 16:56:50','2024-10-11 16:56:50',NULL),
(1065,'e7TcDiASYn1fKmPElNqC9yzQW1lkwGzaxITWahCg',NULL,NULL,NULL,NULL,NULL,NULL,NULL,NULL,'2024-10-11 17:33:14','2024-10-11 17:33:14',NULL),
(1066,'-',NULL,NULL,NULL,NULL,NULL,'nao',NULL,NULL,'2024-10-11 17:55:16','2024-10-11 18:06:53',NULL),
(1067,'Vg7iGR5JozA5ANUsPv220i0bG3hgNbbUflaC7uIz',2,NULL,'Guarapiranga',NULL,' SP',NULL,'2024-10-11 00:00:00','2024-10-11 00:00:00','2024-10-11 18:07:13','2024-10-11 19:03:24',NULL),
(1068,'6MLwVXumKR2a4grRhaPgGiYud8MsKRDdgIDCeUsU',NULL,NULL,NULL,NULL,NULL,NULL,NULL,NULL,'2024-10-11 18:15:17','2024-10-11 18:15:17',NULL),
(1069,'1oBBfFkOXxuG68DOhH97PTZgasGbskP5iL1j6THR',NULL,NULL,NULL,NULL,NULL,NULL,NULL,NULL,'2024-10-11 19:57:37','2024-10-11 19:57:37',NULL),
(1070,'naRqDlH7wAmahSa0akexGKQOyzQ1y2YQl6D5zGRA',NULL,NULL,NULL,NULL,NULL,NULL,NULL,NULL,'2024-10-12 00:00:36','2024-10-12 00:00:36',NULL),
(1071,'gMuhmVBJJKWLboKksiA4etZydoox7FtYk5ic0BMz',NULL,NULL,NULL,NULL,NULL,NULL,NULL,NULL,'2024-10-12 05:33:45','2024-10-12 05:33:45',NULL),
(1072,'Vt7mVx3JltSbb2AxOVlnzKfgca3cwk7PhgfBBmWD',NULL,NULL,NULL,NULL,NULL,NULL,NULL,NULL,'2024-10-12 11:43:32','2024-10-12 11:43:32',NULL),
(1073,'3rB3l7MSA44NMvMaOM2S46rZaWvp0QNhCoK8R7V9',NULL,NULL,NULL,NULL,NULL,NULL,NULL,NULL,'2024-10-12 11:57:37','2024-10-12 11:57:37',NULL),
(1074,'upIabwhFwkggMMsDM2Ug6r2o5l7c8jUvtR6gUXCf',NULL,NULL,NULL,NULL,NULL,NULL,NULL,NULL,'2024-10-12 11:57:57','2024-10-12 11:57:57',NULL),
(1075,'9hAQDPtRE5hv62fQEqoipEwbmxq4chgp5LqVSe3f',NULL,NULL,NULL,NULL,NULL,NULL,NULL,NULL,'2024-10-12 12:38:36','2024-10-12 12:38:36',NULL),
(1076,'xCNgDIRRqzyWYCxJFu7vL51K5GQmRXEQ0IeSshFU',NULL,NULL,NULL,NULL,NULL,NULL,NULL,NULL,'2024-10-12 13:44:56','2024-10-12 13:44:56',NULL),
(1077,'-',NULL,'01418-000','Sé','São Paulo','SP','nao',NULL,NULL,'2024-10-12 15:02:53','2024-10-12 15:04:15',NULL),
(1078,'4SVklMpq5vD1Y7wjxmAljU7b9vMArSHXXzXVGYt8',NULL,NULL,NULL,NULL,NULL,NULL,NULL,NULL,'2024-10-12 17:28:48','2024-10-12 17:28:48',NULL),
(1079,'A5fTWRMlP8vjXrpiU5W0LNmgYJ6amiAiEcZQe4iz',NULL,NULL,NULL,NULL,NULL,NULL,NULL,NULL,'2024-10-12 20:20:47','2024-10-12 20:20:47',NULL),
(1080,'KYdeQXlLjCvP2hgX2Tuot0DsLKka1oEQAC9iTk9o',NULL,NULL,'Taboão da Serra',NULL,NULL,NULL,NULL,NULL,'2024-10-12 20:39:27','2024-10-12 20:50:29',NULL),
(1081,'DkuKOybXF5c0bILyh29obeatySfQ5da3CScyuK10',NULL,NULL,NULL,NULL,NULL,NULL,NULL,NULL,'2024-10-12 22:14:44','2024-10-12 22:14:44',NULL),
(1082,'T9q6NjTDKOSWhP2tMyVMabdcDCtelHC8GYJyPSer',NULL,NULL,NULL,NULL,NULL,NULL,NULL,NULL,'2024-10-12 22:15:31','2024-10-12 22:15:31',NULL),
(1083,'5RR5Wg3SmAxXiHSJZ1xpOmkyZsndNKknMrkYTDCh',NULL,NULL,NULL,NULL,NULL,NULL,NULL,NULL,'2024-10-13 05:55:27','2024-10-13 05:55:27',NULL),
(1084,'NwQJmQbXdTED03CBGYjcdqk2Npjvy0PEDlMZJ99G',NULL,NULL,NULL,NULL,NULL,NULL,NULL,NULL,'2024-10-13 09:00:23','2024-10-13 09:00:23',NULL),
(1085,'DcYkAZTLffFi66zxc7290IINFKN7UtdxZUZVQhSI',NULL,NULL,NULL,NULL,NULL,NULL,NULL,NULL,'2024-10-13 11:47:10','2024-10-13 11:47:10',NULL),
(1086,'ZtYqazaOT2n9yrRROiaeGQxcHk4Ldzhk1Yyk0cqo',NULL,NULL,NULL,NULL,NULL,NULL,NULL,NULL,'2024-10-13 11:59:38','2024-10-13 11:59:38',NULL),
(1087,'26lSK1mHkT6gEthZLkLVnSp2hfkI5yydkfFpS8rv',NULL,NULL,NULL,NULL,NULL,NULL,NULL,NULL,'2024-10-13 12:30:44','2024-10-13 12:30:44',NULL),
(1088,'TzctXFO8q3hwAhe6oZ8tW9qrIbnm9ZDTfwWzhyPG',NULL,NULL,NULL,NULL,NULL,NULL,NULL,NULL,'2024-10-13 14:24:11','2024-10-13 14:24:11',NULL),
(1089,'7HQFVQoPjnkBHuYkuzTbiK5CbbNe5N5NrmeZqVdZ',NULL,NULL,NULL,NULL,NULL,NULL,NULL,NULL,'2024-10-13 14:53:19','2024-10-13 14:53:19',NULL),
(1090,'dW6DkoNwgM73z6d4wIw7OCVUHlMurRUreXaRa5KY',NULL,NULL,NULL,NULL,NULL,NULL,NULL,NULL,'2024-10-13 15:56:49','2024-10-13 15:56:49',NULL),
(1091,'fHMo1q1not2OREA7GcuAZEgUy35fKVlEWEBRfr9e',NULL,NULL,NULL,NULL,NULL,NULL,NULL,NULL,'2024-10-13 20:44:52','2024-10-13 20:44:52',NULL),
(1092,'4ggg6kzqhv1RpAvY6Msdy3WOgnGbGnBtOfE5Zgrw',NULL,NULL,NULL,NULL,NULL,NULL,NULL,NULL,'2024-10-13 23:45:05','2024-10-13 23:45:05',NULL),
(1093,'9EXLtY9OowTObkMejhRWnfPmDNgQUYcHstvsmoJj',NULL,NULL,NULL,NULL,NULL,NULL,NULL,NULL,'2024-10-14 01:17:33','2024-10-14 01:17:33',NULL),
(1094,'CCjCFb1Zt9P8pnmqYNXzaS6oEAbjLxrbDOnil49P',NULL,NULL,NULL,NULL,NULL,NULL,NULL,NULL,'2024-10-14 02:40:27','2024-10-14 02:40:27',NULL),
(1095,'MOhNlpHDipfDl4t72s4ji7UM2HM35j5zlxdRWzNi',NULL,NULL,'Tatuapé',NULL,NULL,NULL,'2024-10-14 00:00:00','2025-01-06 00:00:00','2024-10-14 04:23:32','2024-10-14 04:24:03',NULL),
(1096,'S9ep2xTCndFkITHqrVh3FAZHpXI2DdxrolSE6PGJ',NULL,NULL,NULL,NULL,NULL,NULL,NULL,NULL,'2024-10-14 10:26:18','2024-10-14 10:26:18',NULL),
(1097,'-',NULL,'12233-593',NULL,NULL,NULL,'nao',NULL,NULL,'2024-10-14 12:58:41','2024-10-14 12:58:55',NULL),
(1098,'lPABJ7ljAsxeYqr9Nw3RKQQQ6YUMTi4XzAOewqTE',2,NULL,'Liberdade',NULL,' SP',NULL,'2024-10-14 00:00:00','2024-10-15 00:00:00','2024-10-14 12:59:01','2024-10-14 13:00:00',NULL);

/*Table structure for table `media` */

DROP TABLE IF EXISTS `media`;

CREATE TABLE `media` (
  `id` bigint(20) unsigned NOT NULL AUTO_INCREMENT,
  `id_franquia` varchar(255) DEFAULT NULL,
  `file` varchar(255) DEFAULT NULL,
  `type` varchar(255) DEFAULT NULL,
  `alt` varchar(255) DEFAULT NULL,
  `folder_parent` varchar(255) DEFAULT NULL,
  `folder` varchar(255) DEFAULT NULL,
  `created_at` timestamp NULL DEFAULT NULL,
  `updated_at` timestamp NULL DEFAULT NULL,
  PRIMARY KEY (`id`)
) ENGINE=InnoDB AUTO_INCREMENT=312 DEFAULT CHARSET=utf8mb4 COLLATE=utf8mb4_unicode_ci;

/*Data for the table `media` */

insert  into `media`(`id`,`id_franquia`,`file`,`type`,`alt`,`folder_parent`,`folder`,`created_at`,`updated_at`) values 
(20,NULL,'1718720577-banner-facilitrip-1.png','png',NULL,NULL,'uploads/','2024-06-18 14:22:58','2024-06-18 14:22:58'),
(21,NULL,'1718804672-carrnho.png','png',NULL,NULL,'uploads/','2024-06-19 13:44:32','2024-06-19 13:44:32'),
(22,NULL,'1718805454-carrinho-legend-7.png','png',NULL,NULL,'uploads/','2024-06-19 13:57:37','2024-06-19 13:57:37'),
(23,NULL,'1718805457-carrinho-legend-6.png','png',NULL,NULL,'uploads/','2024-06-19 13:57:39','2024-06-19 13:57:39'),
(24,NULL,'1718805475-carrinho-legend-2.png','png',NULL,NULL,'uploads/','2024-06-19 13:57:55','2024-06-19 13:57:55'),
(25,NULL,'1718805475-carrinho-legend-18.png','png',NULL,NULL,'uploads/','2024-06-19 13:57:55','2024-06-19 13:57:55'),
(26,NULL,'1718825537-banheira.png','png',NULL,NULL,'uploads/','2024-06-19 19:32:32','2024-06-19 19:32:32'),
(27,NULL,'1718826344-image-1.png','png',NULL,NULL,'uploads/','2024-06-19 19:45:47','2024-06-19 19:45:47'),
(28,NULL,'1718826361-image-2.png','png',NULL,NULL,'uploads/','2024-06-19 19:46:16','2024-06-19 19:46:16'),
(29,NULL,'1719421156-4-cadeirinhajpg.png','png',NULL,NULL,'uploads/','2024-06-26 16:59:16','2024-06-26 16:59:16'),
(30,NULL,'1719421242-4-bercojpg.png','png',NULL,NULL,'uploads/','2024-06-26 17:00:43','2024-06-26 17:00:43'),
(31,NULL,'1719421416-5-confortojpg.png','png',NULL,NULL,'uploads/','2024-06-26 17:03:36','2024-06-26 17:03:36'),
(32,NULL,'1719421870-d-nq-np-934654-mlu69790711120-062023-o.png','png',NULL,NULL,'uploads/','2024-06-26 17:11:10','2024-06-26 17:11:10'),
(33,NULL,'1719421992-captura-de-tela-2024-06-26-141257.png','png',NULL,NULL,'uploads/','2024-06-26 17:13:12','2024-06-26 17:13:12'),
(34,NULL,'1719423116-captura-de-tela-2024-06-26-143139.png','png',NULL,NULL,'uploads/','2024-06-26 17:31:56','2024-06-26 17:31:56'),
(35,NULL,'1719424535-1280-banheira-dobravel-comfy-safe-acqua-green-safety-1st-s3-637479570398628565.jpg','jpg',NULL,NULL,'uploads/','2024-06-26 17:55:35','2024-06-26 17:55:35'),
(36,NULL,'1719424538-1280-banheira-dobravel-comfy-safe-acqua-green-safety-1st-s2-637479570390571911.jpg','jpg',NULL,NULL,'uploads/','2024-06-26 17:55:38','2024-06-26 17:55:38'),
(37,NULL,'1719424540-1280-banheira-dobravel-comfy-safe-acqua-green-safety-1st-m1-637479570382905694.jpg','jpg',NULL,NULL,'uploads/','2024-06-26 17:55:40','2024-06-26 17:55:40'),
(38,NULL,'1719424543-1280-banheira-dobravel-comfy-safe-acqua-green-safety-1st-m1-637479570382908248.jpg','jpg',NULL,NULL,'uploads/','2024-06-26 17:55:43','2024-06-26 17:55:43'),
(39,NULL,'1719424860-17005780522409796-jpg-gallerybig-iext140530568.png','png',NULL,NULL,'uploads/','2024-06-26 18:01:00','2024-06-26 18:01:00'),
(40,NULL,'1719424862-17005780522509797-jpg-gallerybig-iext140530569.png','png',NULL,NULL,'uploads/','2024-06-26 18:01:02','2024-06-26 18:01:02'),
(41,NULL,'1719424864-17005780522609798-jpg-gallerybig-iext140530570.png','png',NULL,NULL,'uploads/','2024-06-26 18:01:04','2024-06-26 18:01:04'),
(42,NULL,'1719424866-17005780522719799-jpg-gallerybig-iext140530571.png','png',NULL,NULL,'uploads/','2024-06-26 18:01:06','2024-06-26 18:01:06'),
(43,NULL,'1719425495-73d9dfd6-6b98-4171-86fd-8ddb030df3ae56987326banheiradobraveleportatilmediarosababypilbnmr48041600x600.png','png',NULL,NULL,'uploads/','2024-06-26 18:11:35','2024-06-26 18:11:35'),
(44,NULL,'1719425497-aec00a5f-902a-40da-b0f4-fea9c545dc8129988060banheiradobraveleportatilmediarosababypilbnmr48042600x426.png','png',NULL,NULL,'uploads/','2024-06-26 18:11:38','2024-06-26 18:11:38'),
(45,NULL,'1719426578-captura-de-tela-2024-06-26-152623.png','png',NULL,NULL,'uploads/','2024-06-26 18:29:39','2024-06-26 18:29:39'),
(46,NULL,'1719426579-captura-de-tela-2024-06-26-152649.png','png',NULL,NULL,'uploads/','2024-06-26 18:29:39','2024-06-26 18:29:39'),
(47,NULL,'1719426579-captura-de-tela-2024-06-26-152718.png','png',NULL,NULL,'uploads/','2024-06-26 18:29:39','2024-06-26 18:29:39'),
(48,NULL,'1719426579-captura-de-tela-2024-06-26-152744.png','png',NULL,NULL,'uploads/','2024-06-26 18:29:39','2024-06-26 18:29:39'),
(49,NULL,'1719426933-conectores-para-carrinhos-double-kiddo-889-2-45e5dcdec7e812efbb4d225e94e945de.png','png',NULL,NULL,'uploads/','2024-06-26 18:35:33','2024-06-26 18:35:33'),
(50,NULL,'1719426936-conectores-para-carrinhos-double-kiddo-889-4-c3c12ed6bcd3ab895d043c9cd3075c8a.png','png',NULL,NULL,'uploads/','2024-06-26 18:35:36','2024-06-26 18:35:36'),
(51,NULL,'1719427374-captura-de-tela-2024-06-26-154140.png','png',NULL,NULL,'uploads/','2024-06-26 18:42:54','2024-06-26 18:42:54'),
(52,NULL,'1719427374-captura-de-tela-2024-06-26-154200.png','png',NULL,NULL,'uploads/','2024-06-26 18:42:55','2024-06-26 18:42:55'),
(53,NULL,'1719427375-captura-de-tela-2024-06-26-154224.png','png',NULL,NULL,'uploads/','2024-06-26 18:42:55','2024-06-26 18:42:55'),
(54,NULL,'1719428117-captura-de-tela-2024-06-26-155355.png','png',NULL,NULL,'uploads/','2024-06-26 18:55:17','2024-06-26 18:55:17'),
(55,NULL,'1719428117-captura-de-tela-2024-06-26-155415.png','png',NULL,NULL,'uploads/','2024-06-26 18:55:17','2024-06-26 18:55:17'),
(56,NULL,'1719428117-captura-de-tela-2024-06-26-155444.png','png',NULL,NULL,'uploads/','2024-06-26 18:55:17','2024-06-26 18:55:17'),
(57,NULL,'1719428720-03.jpg','jpg',NULL,NULL,'uploads/','2024-06-26 19:05:20','2024-06-26 19:05:20'),
(58,NULL,'1719428720-04.jpg','jpg',NULL,NULL,'uploads/','2024-06-26 19:05:20','2024-06-26 19:05:20'),
(59,NULL,'1719428720-01.jpg','jpg',NULL,NULL,'uploads/','2024-06-26 19:05:20','2024-06-26 19:05:20'),
(60,NULL,'1719428720-02.jpg','jpg',NULL,NULL,'uploads/','2024-06-26 19:05:20','2024-06-26 19:05:20'),
(61,NULL,'1719429287-02.jpg','jpg',NULL,NULL,'uploads/','2024-06-26 19:14:47','2024-06-26 19:14:47'),
(62,NULL,'1719429287-03.jpg','jpg',NULL,NULL,'uploads/','2024-06-26 19:14:47','2024-06-26 19:14:47'),
(63,NULL,'1719429287-04.jpg','jpg',NULL,NULL,'uploads/','2024-06-26 19:14:47','2024-06-26 19:14:47'),
(64,NULL,'1719429287-05.jpg','jpg',NULL,NULL,'uploads/','2024-06-26 19:14:47','2024-06-26 19:14:47'),
(65,NULL,'1719429287-06.jpg','jpg',NULL,NULL,'uploads/','2024-06-26 19:14:47','2024-06-26 19:14:47'),
(66,NULL,'1719429287-01.jpg','jpg',NULL,NULL,'uploads/','2024-06-26 19:14:47','2024-06-26 19:14:47'),
(67,NULL,'1719430889-01.jpg','jpg',NULL,NULL,'uploads/','2024-06-26 19:41:29','2024-06-26 19:41:29'),
(68,NULL,'1719430889-02.jpg','jpg',NULL,NULL,'uploads/','2024-06-26 19:41:29','2024-06-26 19:41:29'),
(69,NULL,'1719582817-02.jpg','jpg',NULL,NULL,'uploads/','2024-06-28 13:53:37','2024-06-28 13:53:37'),
(70,NULL,'1719582817-03.jpg','jpg',NULL,NULL,'uploads/','2024-06-28 13:53:37','2024-06-28 13:53:37'),
(71,NULL,'1719582817-04.jpg','jpg',NULL,NULL,'uploads/','2024-06-28 13:53:38','2024-06-28 13:53:38'),
(72,NULL,'1719582818-01.jpg','jpg',NULL,NULL,'uploads/','2024-06-28 13:53:38','2024-06-28 13:53:38'),
(73,NULL,'1719582913-01.jpg','jpg',NULL,NULL,'uploads/','2024-06-28 13:55:13','2024-06-28 13:55:13'),
(74,NULL,'1719582913-02.jpg','jpg',NULL,NULL,'uploads/','2024-06-28 13:55:13','2024-06-28 13:55:13'),
(75,NULL,'1719583394-03.jpg','jpg',NULL,NULL,'uploads/','2024-06-28 14:03:14','2024-06-28 14:03:14'),
(76,NULL,'1719583394-04.jpg','jpg',NULL,NULL,'uploads/','2024-06-28 14:03:14','2024-06-28 14:03:14'),
(77,NULL,'1719583394-05.jpg','jpg',NULL,NULL,'uploads/','2024-06-28 14:03:14','2024-06-28 14:03:14'),
(78,NULL,'1719583394-01.jpg','jpg',NULL,NULL,'uploads/','2024-06-28 14:03:14','2024-06-28 14:03:14'),
(79,NULL,'1719583394-02.jpg','jpg',NULL,NULL,'uploads/','2024-06-28 14:03:14','2024-06-28 14:03:14'),
(80,NULL,'1719584324-02.jpg','jpg',NULL,NULL,'uploads/','2024-06-28 14:18:44','2024-06-28 14:18:44'),
(81,NULL,'1719584324-03.jpg','jpg',NULL,NULL,'uploads/','2024-06-28 14:18:44','2024-06-28 14:18:44'),
(82,NULL,'1719584324-04.jpg','jpg',NULL,NULL,'uploads/','2024-06-28 14:18:44','2024-06-28 14:18:44'),
(83,NULL,'1719584324-01.jpg','jpg',NULL,NULL,'uploads/','2024-06-28 14:18:44','2024-06-28 14:18:44'),
(84,NULL,'1719584727-01.jpg','jpg',NULL,NULL,'uploads/','2024-06-28 14:25:27','2024-06-28 14:25:27'),
(85,NULL,'1719586534-03.jpg','jpg',NULL,NULL,'uploads/','2024-06-28 14:55:34','2024-06-28 14:55:34'),
(86,NULL,'1719587021-01.jpg','jpg',NULL,NULL,'uploads/','2024-06-28 15:03:41','2024-06-28 15:03:41'),
(87,NULL,'1719587021-02.jpg','jpg',NULL,NULL,'uploads/','2024-06-28 15:03:41','2024-06-28 15:03:41'),
(88,NULL,'1719587283-02.jpg','jpg',NULL,NULL,'uploads/','2024-06-28 15:08:03','2024-06-28 15:08:03'),
(89,NULL,'1719587283-03.jpg','jpg',NULL,NULL,'uploads/','2024-06-28 15:08:03','2024-06-28 15:08:03'),
(90,NULL,'1719587283-04.jpg','jpg',NULL,NULL,'uploads/','2024-06-28 15:08:03','2024-06-28 15:08:03'),
(91,NULL,'1719587283-01.jpg','jpg',NULL,NULL,'uploads/','2024-06-28 15:08:03','2024-06-28 15:08:03'),
(92,NULL,'1719588875-02.jpg','jpg',NULL,NULL,'uploads/','2024-06-28 15:34:35','2024-06-28 15:34:35'),
(93,NULL,'1719588875-03.jpg','jpg',NULL,NULL,'uploads/','2024-06-28 15:34:35','2024-06-28 15:34:35'),
(94,NULL,'1719588875-01.jpg','jpg',NULL,NULL,'uploads/','2024-06-28 15:34:35','2024-06-28 15:34:35'),
(95,NULL,'1719592205-01.jpg','jpg',NULL,NULL,'uploads/','2024-06-28 16:30:06','2024-06-28 16:30:06'),
(96,NULL,'1719593316-01.jpg','jpg',NULL,NULL,'uploads/','2024-06-28 16:48:36','2024-06-28 16:48:36'),
(97,NULL,'1719597193-2.png','png',NULL,NULL,'uploads/','2024-06-28 17:53:13','2024-06-28 17:53:13'),
(98,NULL,'1719597193-3.png','png',NULL,NULL,'uploads/','2024-06-28 17:53:14','2024-06-28 17:53:14'),
(99,NULL,'1719597194-4.png','png',NULL,NULL,'uploads/','2024-06-28 17:53:14','2024-06-28 17:53:14'),
(100,NULL,'1719597194-1.png','png',NULL,NULL,'uploads/','2024-06-28 17:53:14','2024-06-28 17:53:14'),
(101,NULL,'1719597276-2.png','png',NULL,NULL,'uploads/','2024-06-28 17:54:36','2024-06-28 17:54:36'),
(102,NULL,'1719597276-1.png','png',NULL,NULL,'uploads/','2024-06-28 17:54:36','2024-06-28 17:54:36'),
(103,NULL,'1719597342-3.png','png',NULL,NULL,'uploads/','2024-06-28 17:55:42','2024-06-28 17:55:42'),
(104,NULL,'1719597342-4.png','png',NULL,NULL,'uploads/','2024-06-28 17:55:42','2024-06-28 17:55:42'),
(105,NULL,'1719597342-1.png','png',NULL,NULL,'uploads/','2024-06-28 17:55:42','2024-06-28 17:55:42'),
(106,NULL,'1719597342-2.png','png',NULL,NULL,'uploads/','2024-06-28 17:55:42','2024-06-28 17:55:42'),
(107,NULL,'1719597487-2.png','png',NULL,NULL,'uploads/','2024-06-28 17:58:08','2024-06-28 17:58:08'),
(108,NULL,'1719597488-3.png','png',NULL,NULL,'uploads/','2024-06-28 17:58:08','2024-06-28 17:58:08'),
(109,NULL,'1719597488-1.png','png',NULL,NULL,'uploads/','2024-06-28 17:58:08','2024-06-28 17:58:08'),
(110,NULL,'1719597586-2.png','png',NULL,NULL,'uploads/','2024-06-28 17:59:47','2024-06-28 17:59:47'),
(111,NULL,'1719597587-3.png','png',NULL,NULL,'uploads/','2024-06-28 17:59:47','2024-06-28 17:59:47'),
(112,NULL,'1719597587-1.png','png',NULL,NULL,'uploads/','2024-06-28 17:59:47','2024-06-28 17:59:47'),
(113,NULL,'1719597953-4.png','png',NULL,NULL,'uploads/','2024-06-28 18:05:53','2024-06-28 18:05:53'),
(114,NULL,'1719597953-5.png','png',NULL,NULL,'uploads/','2024-06-28 18:05:53','2024-06-28 18:05:53'),
(115,NULL,'1719597953-1.png','png',NULL,NULL,'uploads/','2024-06-28 18:05:53','2024-06-28 18:05:53'),
(116,NULL,'1719597953-2.png','png',NULL,NULL,'uploads/','2024-06-28 18:05:53','2024-06-28 18:05:53'),
(117,NULL,'1719597953-3.png','png',NULL,NULL,'uploads/','2024-06-28 18:05:54','2024-06-28 18:05:54'),
(118,NULL,'1719598055-2.png','png',NULL,NULL,'uploads/','2024-06-28 18:07:35','2024-06-28 18:07:35'),
(119,NULL,'1719598055-3.png','png',NULL,NULL,'uploads/','2024-06-28 18:07:35','2024-06-28 18:07:35'),
(120,NULL,'1719598055-1.png','png',NULL,NULL,'uploads/','2024-06-28 18:07:35','2024-06-28 18:07:35'),
(121,NULL,'1719598128-untitled-design.png','png',NULL,NULL,'uploads/','2024-06-28 18:08:48','2024-06-28 18:08:48'),
(122,NULL,'1719598194-2.png','png',NULL,NULL,'uploads/','2024-06-28 18:09:54','2024-06-28 18:09:54'),
(123,NULL,'1719598194-3.png','png',NULL,NULL,'uploads/','2024-06-28 18:09:54','2024-06-28 18:09:54'),
(124,NULL,'1719598194-4.png','png',NULL,NULL,'uploads/','2024-06-28 18:09:55','2024-06-28 18:09:55'),
(125,NULL,'1719598195-1.png','png',NULL,NULL,'uploads/','2024-06-28 18:09:55','2024-06-28 18:09:55'),
(126,NULL,'1719598592-2.png','png',NULL,NULL,'uploads/','2024-06-28 18:16:32','2024-06-28 18:16:32'),
(127,NULL,'1719598592-3.png','png',NULL,NULL,'uploads/','2024-06-28 18:16:32','2024-06-28 18:16:32'),
(129,NULL,'1721055087-relacao-equipamentos-facilitrip-5.png','png',NULL,NULL,'uploads/','2024-07-15 14:51:27','2024-07-15 14:51:27'),
(130,NULL,'1721055087-relacao-equipamentos-facilitrip-4.png','png',NULL,NULL,'uploads/','2024-07-15 14:51:27','2024-07-15 14:51:27'),
(131,NULL,'1721055087-relacao-equipamentos-facilitrip-3.png','png',NULL,NULL,'uploads/','2024-07-15 14:51:27','2024-07-15 14:51:27'),
(132,NULL,'1721055087-relacao-equipamentos-facilitrip-2.png','png',NULL,NULL,'uploads/','2024-07-15 14:51:28','2024-07-15 14:51:28'),
(133,NULL,'1721055088-relacao-equipamentos-facilitrip-1.png','png',NULL,NULL,'uploads/','2024-07-15 14:51:28','2024-07-15 14:51:28'),
(135,NULL,'1721156895-carrinho-legend-7.png','png',NULL,NULL,'uploads/','2024-07-16 19:08:18','2024-07-16 19:08:18'),
(136,NULL,'1721157360-carrnho.png','png',NULL,NULL,'uploads/','2024-07-16 19:16:00','2024-07-16 19:16:00'),
(137,NULL,'1721237282-carrinho-de-bebe-eva-maxi-cosi-facilitrip-9.png','png',NULL,NULL,'uploads/','2024-07-17 17:28:02','2024-07-17 17:28:02'),
(138,NULL,'1721238589-carrinho-de-bebe-eva-maxi-cosi-facilitrip-9.png','png',NULL,NULL,'uploads/','2024-07-17 17:49:49','2024-07-17 17:49:49'),
(139,NULL,'1721238589-carrinho-de-bebe-eva-maxi-cosi-facilitrip-8.png','png',NULL,NULL,'uploads/','2024-07-17 17:49:49','2024-07-17 17:49:49'),
(140,NULL,'1721238589-carrinho-de-bebe-eva-maxi-cosi-facilitrip-7.png','png',NULL,NULL,'uploads/','2024-07-17 17:49:49','2024-07-17 17:49:49'),
(141,NULL,'1721238589-carrinho-de-bebe-eva-maxi-cosi-facilitrip-6.png','png',NULL,NULL,'uploads/','2024-07-17 17:49:49','2024-07-17 17:49:49'),
(142,NULL,'1721238589-carrinho-de-bebe-eva-maxi-cosi-facilitrip-5.png','png',NULL,NULL,'uploads/','2024-07-17 17:49:49','2024-07-17 17:49:49'),
(143,NULL,'1721238589-carrinho-de-bebe-eva-maxi-cosi-facilitrip-4.png','png',NULL,NULL,'uploads/','2024-07-17 17:49:49','2024-07-17 17:49:49'),
(144,NULL,'1721238589-carrinho-de-bebe-eva-maxi-cosi-facilitrip-3.png','png',NULL,NULL,'uploads/','2024-07-17 17:49:49','2024-07-17 17:49:49'),
(145,NULL,'1721238589-carrinho-de-bebe-eva-maxi-cosi-facilitrip-2.png','png',NULL,NULL,'uploads/','2024-07-17 17:49:49','2024-07-17 17:49:49'),
(146,NULL,'1721238589-carrinho-de-bebe-eva-maxi-cosi-facilitrip-1.png','png',NULL,NULL,'uploads/','2024-07-17 17:49:49','2024-07-17 17:49:49'),
(147,NULL,'1721238589-carrinho-de-bebe-eva-maxi-cosi-facilitrip.png','png',NULL,NULL,'uploads/','2024-07-17 17:49:49','2024-07-17 17:49:49'),
(148,NULL,'1721307470-equipamentos-facilitrip-para-arte.png','png',NULL,NULL,'uploads/','2024-07-18 12:57:50','2024-07-18 12:57:50'),
(149,NULL,'1721307490-37.png','png',NULL,NULL,'uploads/','2024-07-18 12:58:15','2024-07-18 12:58:15'),
(151,NULL,'1721415320-equipamentos-facilitrip.png','png',NULL,NULL,'uploads/','2024-07-19 18:55:20','2024-07-19 18:55:20'),
(152,NULL,'1721415524-copia-de-equipamentos-facilitrip.png','png',NULL,NULL,'uploads/','2024-07-19 18:58:48','2024-07-19 18:58:48'),
(153,NULL,'1721415570-equipamentos-facilitrip-1.png','png',NULL,NULL,'uploads/','2024-07-19 18:59:34','2024-07-19 18:59:34'),
(154,NULL,'1721416693-aviao.png','png',NULL,NULL,'uploads/','2024-07-19 19:18:13','2024-07-19 19:18:13'),
(156,NULL,'1721649287-13.png','png',NULL,NULL,'uploads/','2024-07-22 11:54:47','2024-07-22 11:54:47'),
(157,NULL,'1721649287-14.png','png',NULL,NULL,'uploads/','2024-07-22 11:54:47','2024-07-22 11:54:47'),
(158,NULL,'1721649287-15.png','png',NULL,NULL,'uploads/','2024-07-22 11:54:47','2024-07-22 11:54:47'),
(159,NULL,'1721649287-16.png','png',NULL,NULL,'uploads/','2024-07-22 11:54:47','2024-07-22 11:54:47'),
(160,NULL,'1721649287-17.png','png',NULL,NULL,'uploads/','2024-07-22 11:54:48','2024-07-22 11:54:48'),
(161,NULL,'1721649288-18.png','png',NULL,NULL,'uploads/','2024-07-22 11:54:48','2024-07-22 11:54:48'),
(164,NULL,'1721658128-exemplo5.png','png',NULL,NULL,'uploads/','2024-07-22 14:22:08','2024-07-22 14:22:08'),
(165,NULL,'1721658128-exemplo3.png','png',NULL,NULL,'uploads/','2024-07-22 14:22:08','2024-07-22 14:22:08'),
(166,NULL,'1721658128-exemplo4.png','png',NULL,NULL,'uploads/','2024-07-22 14:22:08','2024-07-22 14:22:08'),
(167,NULL,'1721658128-exemplo1.png','png',NULL,NULL,'uploads/','2024-07-22 14:22:11','2024-07-22 14:22:11'),
(168,NULL,'1721658131-exemplo2.png','png',NULL,NULL,'uploads/','2024-07-22 14:22:11','2024-07-22 14:22:11'),
(169,NULL,'1721660262-13.png','png',NULL,NULL,'uploads/','2024-07-22 14:57:42','2024-07-22 14:57:42'),
(170,NULL,'1721660262-14.png','png',NULL,NULL,'uploads/','2024-07-22 14:57:42','2024-07-22 14:57:42'),
(171,NULL,'1721660262-15.png','png',NULL,NULL,'uploads/','2024-07-22 14:57:42','2024-07-22 14:57:42'),
(172,NULL,'1721660262-16.png','png',NULL,NULL,'uploads/','2024-07-22 14:57:42','2024-07-22 14:57:42'),
(173,NULL,'1721660262-17.png','png',NULL,NULL,'uploads/','2024-07-22 14:57:42','2024-07-22 14:57:42'),
(174,NULL,'1721660262-18.png','png',NULL,NULL,'uploads/','2024-07-22 14:57:42','2024-07-22 14:57:42'),
(175,NULL,'1721660767-20.png','png',NULL,NULL,'uploads/','2024-07-22 15:06:07','2024-07-22 15:06:07'),
(176,NULL,'1721660767-21.png','png',NULL,NULL,'uploads/','2024-07-22 15:06:07','2024-07-22 15:06:07'),
(177,NULL,'1721660767-22.png','png',NULL,NULL,'uploads/','2024-07-22 15:06:07','2024-07-22 15:06:07'),
(178,NULL,'1721660767-23.png','png',NULL,NULL,'uploads/','2024-07-22 15:06:07','2024-07-22 15:06:07'),
(179,NULL,'1721665836-25.png','png',NULL,NULL,'uploads/','2024-07-22 16:30:36','2024-07-22 16:30:36'),
(180,NULL,'1721665836-26.png','png',NULL,NULL,'uploads/','2024-07-22 16:30:36','2024-07-22 16:30:36'),
(181,NULL,'1721665836-27.png','png',NULL,NULL,'uploads/','2024-07-22 16:30:36','2024-07-22 16:30:36'),
(182,NULL,'1721665836-28.png','png',NULL,NULL,'uploads/','2024-07-22 16:30:36','2024-07-22 16:30:36'),
(183,NULL,'1721665836-29.png','png',NULL,NULL,'uploads/','2024-07-22 16:30:36','2024-07-22 16:30:36'),
(184,NULL,'1721665836-30.png','png',NULL,NULL,'uploads/','2024-07-22 16:30:36','2024-07-22 16:30:36'),
(185,NULL,'1721666563-34.png','png',NULL,NULL,'uploads/','2024-07-22 16:42:43','2024-07-22 16:42:43'),
(186,NULL,'1721666563-35.png','png',NULL,NULL,'uploads/','2024-07-22 16:42:43','2024-07-22 16:42:43'),
(187,NULL,'1721666563-36.png','png',NULL,NULL,'uploads/','2024-07-22 16:42:43','2024-07-22 16:42:43'),
(188,NULL,'1721666563-37.png','png',NULL,NULL,'uploads/','2024-07-22 16:42:43','2024-07-22 16:42:43'),
(189,NULL,'1721666563-38.png','png',NULL,NULL,'uploads/','2024-07-22 16:42:43','2024-07-22 16:42:43'),
(190,NULL,'1721667066-40.png','png',NULL,NULL,'uploads/','2024-07-22 16:51:06','2024-07-22 16:51:06'),
(191,NULL,'1721667066-41.png','png',NULL,NULL,'uploads/','2024-07-22 16:51:06','2024-07-22 16:51:06'),
(192,NULL,'1721667066-42.png','png',NULL,NULL,'uploads/','2024-07-22 16:51:06','2024-07-22 16:51:06'),
(193,NULL,'1721667066-43.png','png',NULL,NULL,'uploads/','2024-07-22 16:51:06','2024-07-22 16:51:06'),
(194,NULL,'1721667066-44.png','png',NULL,NULL,'uploads/','2024-07-22 16:51:06','2024-07-22 16:51:06'),
(195,NULL,'1721667066-45.png','png',NULL,NULL,'uploads/','2024-07-22 16:51:06','2024-07-22 16:51:06'),
(196,NULL,'1721667066-46.png','png',NULL,NULL,'uploads/','2024-07-22 16:51:06','2024-07-22 16:51:06'),
(197,NULL,'1721667066-47.png','png',NULL,NULL,'uploads/','2024-07-22 16:51:06','2024-07-22 16:51:06'),
(198,NULL,'1721668529-49.png','png',NULL,NULL,'uploads/','2024-07-22 17:15:32','2024-07-22 17:15:32'),
(199,NULL,'1721668532-50.png','png',NULL,NULL,'uploads/','2024-07-22 17:15:34','2024-07-22 17:15:34'),
(200,NULL,'1721668534-51.png','png',NULL,NULL,'uploads/','2024-07-22 17:15:37','2024-07-22 17:15:37'),
(201,NULL,'1721668537-52.png','png',NULL,NULL,'uploads/','2024-07-22 17:15:40','2024-07-22 17:15:40'),
(202,NULL,'1721668540-53.png','png',NULL,NULL,'uploads/','2024-07-22 17:15:43','2024-07-22 17:15:43'),
(203,NULL,'1721668543-54.png','png',NULL,NULL,'uploads/','2024-07-22 17:15:46','2024-07-22 17:15:46'),
(206,NULL,'1721671299-foto5.jpeg','jpeg',NULL,NULL,'uploads/','2024-07-22 18:01:40','2024-07-22 18:01:40'),
(207,NULL,'1721671300-fotoc4.jpeg','jpeg',NULL,NULL,'uploads/','2024-07-22 18:01:41','2024-07-22 18:01:41'),
(208,NULL,'1721671301-fotoc3.jpeg','jpeg',NULL,NULL,'uploads/','2024-07-22 18:01:42','2024-07-22 18:01:42'),
(209,NULL,'1721671302-fotoc2.jpeg','jpeg',NULL,NULL,'uploads/','2024-07-22 18:01:42','2024-07-22 18:01:42'),
(210,NULL,'1721671302-fotoc1.jpeg','jpeg',NULL,NULL,'uploads/','2024-07-22 18:01:43','2024-07-22 18:01:43'),
(211,NULL,'1721673546-63.png','png',NULL,NULL,'uploads/','2024-07-22 18:39:06','2024-07-22 18:39:06'),
(212,NULL,'1721673546-64.png','png',NULL,NULL,'uploads/','2024-07-22 18:39:06','2024-07-22 18:39:06'),
(213,NULL,'1721673546-65.png','png',NULL,NULL,'uploads/','2024-07-22 18:39:06','2024-07-22 18:39:06'),
(214,NULL,'1721673546-66.png','png',NULL,NULL,'uploads/','2024-07-22 18:39:06','2024-07-22 18:39:06'),
(215,NULL,'1721673546-67.png','png',NULL,NULL,'uploads/','2024-07-22 18:39:06','2024-07-22 18:39:06'),
(216,NULL,'1721673546-68.png','png',NULL,NULL,'uploads/','2024-07-22 18:39:06','2024-07-22 18:39:06'),
(217,NULL,'1721673947-75.png','png',NULL,NULL,'uploads/','2024-07-22 18:45:47','2024-07-22 18:45:47'),
(218,NULL,'1721673947-76.png','png',NULL,NULL,'uploads/','2024-07-22 18:45:47','2024-07-22 18:45:47'),
(219,NULL,'1721677836-78.png','png',NULL,NULL,'uploads/','2024-07-22 19:50:39','2024-07-22 19:50:39'),
(220,NULL,'1721677839-79.png','png',NULL,NULL,'uploads/','2024-07-22 19:50:43','2024-07-22 19:50:43'),
(221,NULL,'1721677843-80.png','png',NULL,NULL,'uploads/','2024-07-22 19:50:46','2024-07-22 19:50:46'),
(222,NULL,'1721677846-81.png','png',NULL,NULL,'uploads/','2024-07-22 19:50:50','2024-07-22 19:50:50'),
(223,NULL,'1721678457-87.png','png',NULL,NULL,'uploads/','2024-07-22 20:00:58','2024-07-22 20:00:58'),
(224,NULL,'1721678675-81.png','png',NULL,NULL,'uploads/','2024-07-22 20:04:35','2024-07-22 20:04:35'),
(225,NULL,'1721678675-82.png','png',NULL,NULL,'uploads/','2024-07-22 20:04:35','2024-07-22 20:04:35'),
(226,NULL,'1721679866-banner2.jpeg','jpeg',NULL,NULL,'uploads/','2024-07-22 20:24:26','2024-07-22 20:24:26'),
(227,NULL,'1721679932-banner1.jpeg','jpeg',NULL,NULL,'uploads/','2024-07-22 20:25:33','2024-07-22 20:25:33'),
(228,NULL,'1721757884-81.png','png',NULL,NULL,'uploads/','2024-07-23 18:04:49','2024-07-23 18:04:49'),
(229,NULL,'1721757889-82.png','png',NULL,NULL,'uploads/','2024-07-23 18:04:56','2024-07-23 18:04:56'),
(230,NULL,'1721758476-84.png','png',NULL,NULL,'uploads/','2024-07-23 18:14:40','2024-07-23 18:14:40'),
(231,NULL,'1721758480-85.png','png',NULL,NULL,'uploads/','2024-07-23 18:14:43','2024-07-23 18:14:43'),
(232,NULL,'1721758483-86.png','png',NULL,NULL,'uploads/','2024-07-23 18:14:47','2024-07-23 18:14:47'),
(233,NULL,'1721763255-fotoprod10.jpg','jpg',NULL,NULL,'uploads/','2024-07-23 19:34:16','2024-07-23 19:34:16'),
(234,NULL,'1721763256-fotoprod9.jpg','jpg',NULL,NULL,'uploads/','2024-07-23 19:34:17','2024-07-23 19:34:17'),
(235,NULL,'1721763257-fotoprod8.jpg','jpg',NULL,NULL,'uploads/','2024-07-23 19:34:18','2024-07-23 19:34:18'),
(236,NULL,'1721763258-fotoprod7.jpg','jpg',NULL,NULL,'uploads/','2024-07-23 19:34:19','2024-07-23 19:34:19'),
(237,NULL,'1721763259-fotoprod6.jpg','jpg',NULL,NULL,'uploads/','2024-07-23 19:34:20','2024-07-23 19:34:20'),
(238,NULL,'1721763260-fotoprod5.jpg','jpg',NULL,NULL,'uploads/','2024-07-23 19:34:21','2024-07-23 19:34:21'),
(239,NULL,'1721763261-fotoprod4.jpg','jpg',NULL,NULL,'uploads/','2024-07-23 19:34:22','2024-07-23 19:34:22'),
(240,NULL,'1721763262-fotoprod3.jpg','jpg',NULL,NULL,'uploads/','2024-07-23 19:34:23','2024-07-23 19:34:23'),
(241,NULL,'1721763263-fotoprod2.jpg','jpg',NULL,NULL,'uploads/','2024-07-23 19:34:24','2024-07-23 19:34:24'),
(242,NULL,'1721763264-fotoprod1.jpg','jpg',NULL,NULL,'uploads/','2024-07-23 19:34:24','2024-07-23 19:34:24'),
(243,NULL,'1722346263-4.png','png',NULL,NULL,'uploads/','2024-07-30 13:31:03','2024-07-30 13:31:03'),
(244,NULL,'1722346276-2.png','png',NULL,NULL,'uploads/','2024-07-30 13:31:17','2024-07-30 13:31:17'),
(245,NULL,'1722346277-3.png','png',NULL,NULL,'uploads/','2024-07-30 13:31:17','2024-07-30 13:31:17'),
(246,NULL,'1722346277-4.png','png',NULL,NULL,'uploads/','2024-07-30 13:31:17','2024-07-30 13:31:17'),
(247,NULL,'1722346277-5.png','png',NULL,NULL,'uploads/','2024-07-30 13:31:17','2024-07-30 13:31:17'),
(248,NULL,'1722346277-6.png','png',NULL,NULL,'uploads/','2024-07-30 13:31:17','2024-07-30 13:31:17'),
(249,NULL,'1722346277-7.png','png',NULL,NULL,'uploads/','2024-07-30 13:31:17','2024-07-30 13:31:17'),
(250,NULL,'1722346277-8.png','png',NULL,NULL,'uploads/','2024-07-30 13:31:17','2024-07-30 13:31:17'),
(251,NULL,'1722346277-9.png','png',NULL,NULL,'uploads/','2024-07-30 13:31:17','2024-07-30 13:31:17'),
(252,NULL,'1722346277-10.png','png',NULL,NULL,'uploads/','2024-07-30 13:31:17','2024-07-30 13:31:17'),
(253,NULL,'1722346277-11.png','png',NULL,NULL,'uploads/','2024-07-30 13:31:17','2024-07-30 13:31:17'),
(254,NULL,'1722453995-equipamentos-facilitrip-4.png','png',NULL,NULL,'uploads/','2024-07-31 19:26:38','2024-07-31 19:26:38'),
(255,NULL,'1722453998-equipamentos-facilitrip-3.png','png',NULL,NULL,'uploads/','2024-07-31 19:26:41','2024-07-31 19:26:41'),
(256,NULL,'1722454001-equipamentos-facilitrip-2.png','png',NULL,NULL,'uploads/','2024-07-31 19:26:45','2024-07-31 19:26:45'),
(257,NULL,'1722454005-equipamentos-facilitrip-1.png','png',NULL,NULL,'uploads/','2024-07-31 19:26:48','2024-07-31 19:26:48'),
(258,NULL,'1722454008-equipamentos-facilitrip.png','png',NULL,NULL,'uploads/','2024-07-31 19:26:52','2024-07-31 19:26:52'),
(259,NULL,'1722458179-48.png','png',NULL,NULL,'uploads/','2024-07-31 20:36:22','2024-07-31 20:36:22'),
(260,NULL,'1722458182-49.png','png',NULL,NULL,'uploads/','2024-07-31 20:36:25','2024-07-31 20:36:25'),
(261,NULL,'1722458185-50.png','png',NULL,NULL,'uploads/','2024-07-31 20:36:29','2024-07-31 20:36:29'),
(262,NULL,'1722458189-51.png','png',NULL,NULL,'uploads/','2024-07-31 20:36:32','2024-07-31 20:36:32'),
(263,NULL,'1722458192-52.png','png',NULL,NULL,'uploads/','2024-07-31 20:36:35','2024-07-31 20:36:35'),
(264,NULL,'1722458195-53.png','png',NULL,NULL,'uploads/','2024-07-31 20:36:39','2024-07-31 20:36:39'),
(265,NULL,'1723038193-copia-de-copia-de-banner-facilitrip-2.png','png',NULL,NULL,'uploads/','2024-08-07 13:43:19','2024-08-07 13:43:19'),
(266,NULL,'1723038494-copia-de-copia-de-banner-facilitrip-3.png','png',NULL,NULL,'uploads/','2024-08-07 13:48:15','2024-08-07 13:48:15'),
(267,NULL,'1723038598-copia-de-copia-de-banner-facilitrip-4.png','png',NULL,NULL,'uploads/','2024-08-07 13:50:00','2024-08-07 13:50:00'),
(268,NULL,'1723038726-copia-de-copia-de-banner-facilitrip-1-1.png','png',NULL,NULL,'uploads/','2024-08-07 13:52:07','2024-08-07 13:52:07'),
(269,NULL,'1724333819-fotoprod10.jpg','jpg',NULL,NULL,'uploads/','2024-08-22 13:37:00','2024-08-22 13:37:00'),
(270,NULL,'1724933677-1.png','png',NULL,NULL,'uploads/','2024-08-29 12:14:39','2024-08-29 12:14:39'),
(271,NULL,'1724933958-2.png','png',NULL,NULL,'uploads/','2024-08-29 12:19:19','2024-08-29 12:19:19'),
(272,NULL,'1724934539-1.png','png',NULL,NULL,'uploads/','2024-08-29 12:29:01','2024-08-29 12:29:01'),
(273,NULL,'1724934583-2.png','png',NULL,NULL,'uploads/','2024-08-29 12:29:46','2024-08-29 12:29:46'),
(274,NULL,'1725025667-1.png','png',NULL,NULL,'uploads/','2024-08-30 13:47:50','2024-08-30 13:47:50'),
(275,NULL,'1725025709-2.png','png',NULL,NULL,'uploads/','2024-08-30 13:48:31','2024-08-30 13:48:31'),
(276,NULL,'1725036250-1.png','png',NULL,NULL,'uploads/','2024-08-30 16:44:10','2024-08-30 16:44:10'),
(277,NULL,'1725298387-chega-de-perrengue.png','png',NULL,NULL,'uploads/','2024-09-02 17:33:07','2024-09-02 17:33:07'),
(278,NULL,'1725298932-para-que-sua-viagem-tenha-mais.png','png',NULL,NULL,'uploads/','2024-09-02 17:42:12','2024-09-02 17:42:12'),
(279,NULL,'1725300035-para-que-sua-viagem-tenha-mais-1.png','png',NULL,NULL,'uploads/','2024-09-02 18:00:35','2024-09-02 18:00:35'),
(280,NULL,'1725300634-para-que-sua-viagem-tenha-mais-1.png','png',NULL,NULL,'uploads/','2024-09-02 18:10:34','2024-09-02 18:10:34'),
(281,NULL,'1725301266-banner-mobile-facilitrip.png','png',NULL,NULL,'uploads/','2024-09-02 18:21:07','2024-09-02 18:21:07'),
(282,NULL,'1725301517-banner-mobile-facilitrip-1.png','png',NULL,NULL,'uploads/','2024-09-02 18:25:17','2024-09-02 18:25:17'),
(283,NULL,'1725303870-1.png','png',NULL,NULL,'uploads/','2024-09-02 19:04:30','2024-09-02 19:04:30'),
(284,NULL,'1725304034-2.png','png',NULL,NULL,'uploads/','2024-09-02 19:07:14','2024-09-02 19:07:14'),
(285,NULL,'1725304489-1.png','png',NULL,NULL,'uploads/','2024-09-02 19:14:49','2024-09-02 19:14:49'),
(286,NULL,'1725304524-2.png','png',NULL,NULL,'uploads/','2024-09-02 19:15:25','2024-09-02 19:15:25'),
(287,NULL,'1725305878-banner-mobile-facilitrip.png','png',NULL,NULL,'uploads/','2024-09-02 19:37:58','2024-09-02 19:37:58'),
(288,NULL,'1725363132-chega-de-perrengue.png','png',NULL,NULL,'uploads/','2024-09-03 11:32:14','2024-09-03 11:32:14'),
(289,NULL,'1725389096-chega-de-perrengue-1.png','png',NULL,NULL,'uploads/','2024-09-03 18:44:57','2024-09-03 18:44:57'),
(290,NULL,'1725389438-chega-de-perrengue-2.png','png',NULL,NULL,'uploads/','2024-09-03 18:50:38','2024-09-03 18:50:38'),
(291,NULL,'1725389733-chega-de-perrengue.png','png',NULL,NULL,'uploads/','2024-09-03 18:55:35','2024-09-03 18:55:35'),
(292,NULL,'1725390021-chega-de-perrengue.png','png',NULL,NULL,'uploads/','2024-09-03 19:00:23','2024-09-03 19:00:23'),
(293,NULL,'1725390539-banner-desktop.png','png',NULL,NULL,'uploads/','2024-09-03 19:09:00','2024-09-03 19:09:00'),
(294,NULL,'1725393272-banner-desktop-1.png','png',NULL,NULL,'uploads/','2024-09-03 19:54:33','2024-09-03 19:54:33'),
(295,NULL,'1725394174-banner-desktop.png','png',NULL,NULL,'uploads/','2024-09-03 20:09:36','2024-09-03 20:09:36'),
(296,NULL,'1725464683-banner-desktop-facilitrip.png','png',NULL,NULL,'uploads/','2024-09-04 15:44:45','2024-09-04 15:44:45'),
(297,NULL,'1726157403-1722458185-50.png','png',NULL,NULL,'uploads/','2024-09-12 16:10:04','2024-09-12 16:10:04'),
(298,NULL,'1726157522-1721671302-fotoc1.jpeg','jpeg',NULL,NULL,'uploads/','2024-09-12 16:12:02','2024-09-12 16:12:02'),
(299,NULL,'1726157677-1721238589-carrinho-de-bebe-eva-maxi-cosi-facilitrip.png','png',NULL,NULL,'uploads/','2024-09-12 16:14:37','2024-09-12 16:14:37'),
(300,NULL,'1726157831-1721660767-20.png','png',NULL,NULL,'uploads/','2024-09-12 16:17:11','2024-09-12 16:17:11'),
(301,NULL,'1726161436-banner-desktop-facilitrip.png','png',NULL,NULL,'uploads/','2024-09-12 17:17:19','2024-09-12 17:17:19'),
(302,NULL,'1726164329-banner-mobile-facilitrip.png','png',NULL,NULL,'uploads/','2024-09-12 18:05:29','2024-09-12 18:05:29'),
(303,NULL,'1727362227-banner-mobile-facilitrip.png','png',NULL,NULL,'uploads/','2024-09-26 14:50:27','2024-09-26 14:50:27'),
(304,NULL,'1727362527-banner-mobile-facilitrip.png','png',NULL,NULL,'uploads/','2024-09-26 14:55:27','2024-09-26 14:55:27'),
(305,NULL,'1727362602-banner-desktop-facilitrip.png','png',NULL,NULL,'uploads/','2024-09-26 14:56:44','2024-09-26 14:56:44'),
(306,NULL,'1727363281-whatsapp-image-2024-09-26-at-080224.jpeg','jpeg',NULL,NULL,'uploads/','2024-09-26 15:08:01','2024-09-26 15:08:01'),
(307,NULL,'1727363371-whatsapp-image-2024-09-26-at-080741.jpeg','jpeg',NULL,NULL,'uploads/','2024-09-26 15:09:31','2024-09-26 15:09:31'),
(308,NULL,'1727372935-whatsapp-image-2024-09-26-at-134501.jpeg','jpeg',NULL,NULL,'uploads/','2024-09-26 17:48:55','2024-09-26 17:48:55'),
(309,NULL,'1727374991-whatsapp-image-2024-09-26-at-143445.jpeg','jpeg',NULL,NULL,'uploads/','2024-09-26 18:23:11','2024-09-26 18:23:11'),
(310,NULL,'1727377092-whatsapp-image-2024-09-26-at-155536.jpeg','jpeg',NULL,NULL,'uploads/','2024-09-26 18:58:13','2024-09-26 18:58:13'),
(311,NULL,'1727377665-whatsapp-image-2024-09-26-at-160107.jpeg','jpeg',NULL,NULL,'uploads/','2024-09-26 19:07:45','2024-09-26 19:07:45');

/*Table structure for table `migrations` */

DROP TABLE IF EXISTS `migrations`;

CREATE TABLE `migrations` (
  `id` int(10) unsigned NOT NULL AUTO_INCREMENT,
  `migration` varchar(255) NOT NULL,
  `batch` int(11) NOT NULL,
  PRIMARY KEY (`id`)
) ENGINE=InnoDB AUTO_INCREMENT=25 DEFAULT CHARSET=utf8mb4 COLLATE=utf8mb4_unicode_ci;

/*Data for the table `migrations` */

insert  into `migrations`(`id`,`migration`,`batch`) values 
(1,'2014_10_12_0000014_create_users_table',1),
(2,'2014_10_12_100003_create_password_reset_tokens_table',1),
(3,'2019_08_19_000003_create_failed_jobs_table',1),
(4,'2019_12_14_000001_create_personal_access_tokens_table',1),
(5,'2024_03_23_142146_create_dados_clientes_table',1),
(6,'2024_03_23_142420_create_franquias_table',1),
(7,'2024_03_23_143018_create_media_table',1),
(8,'2024_03_23_143250_create_cupons_table',1),
(9,'2024_03_23_143903_create_pedidos_table',1),
(10,'2024_04_22_161549_create_base_conhecimentos_table',1),
(11,'2024_04_22_162714_create_base_conhecimento_categorias_table',1),
(12,'2024_04_22_165403_create_configuracoes_table',1),
(13,'2024_04_22_171259_create_banners_table',1),
(14,'2024_04_22_171952_create_regiao_atendidas_table',1),
(15,'2024_04_22_173102_create_avaliacoes_table',1),
(16,'2024_04_22_175433_create_produto_categorias_table',1),
(17,'2024_04_22_180454_create_produtos_table',1),
(18,'2024_04_22_181955_create_produtos_caracteristicas_table',1),
(19,'2024_04_22_183048_create_produtos_videos_table',1),
(20,'2024_04_22_183536_create_produtos_fotos_table',1),
(21,'2024_04_22_184542_create_estoques_table',1),
(22,'2024_05_08_145856_create_itens_pedido_table',1),
(23,'2024_05_08_152123_create_entrega_pedido_table',1),
(24,'2024_09_10_144849_create_feed_logs_table',2);

/*Table structure for table `password_reset_tokens` */

DROP TABLE IF EXISTS `password_reset_tokens`;

CREATE TABLE `password_reset_tokens` (
  `email` varchar(255) NOT NULL,
  `token` varchar(255) NOT NULL,
  `created_at` timestamp NULL DEFAULT NULL,
  PRIMARY KEY (`email`)
) ENGINE=InnoDB DEFAULT CHARSET=utf8mb4 COLLATE=utf8mb4_unicode_ci;

/*Data for the table `password_reset_tokens` */

/*Table structure for table `pedidos` */

DROP TABLE IF EXISTS `pedidos`;

CREATE TABLE `pedidos` (
  `id` bigint(20) unsigned NOT NULL AUTO_INCREMENT,
  `numero` varchar(255) NOT NULL,
  `id_franquia` bigint(20) DEFAULT NULL,
  `id_cliente` int(11) DEFAULT NULL,
  `id_endereco_entrega` bigint(20) DEFAULT NULL,
  `id_endereco_devolucao` bigint(20) DEFAULT NULL,
  `id_forma_pagamento` bigint(20) DEFAULT NULL,
  `gateway_pagamento` varchar(255) DEFAULT NULL,
  `id_transacao` varchar(255) DEFAULT NULL,
  `valor_taxa` decimal(10,2) DEFAULT NULL,
  `valor_frete` decimal(10,2) DEFAULT NULL,
  `tipo_frete` enum('economico','expresso','retirar_loja') DEFAULT NULL,
  `valor_desconto` decimal(10,2) DEFAULT NULL,
  `valor_liquido` decimal(10,2) DEFAULT NULL,
  `valor_total_produtos` decimal(10,2) DEFAULT NULL,
  `valor_total` decimal(10,2) DEFAULT NULL,
  `id_cupom` bigint(20) DEFAULT NULL,
  `observacoes` varchar(255) DEFAULT NULL,
  `nome_receber` varchar(255) DEFAULT NULL,
  `telefone_receber` varchar(255) DEFAULT NULL,
  `id_retirada` bigint(20) DEFAULT NULL,
  `qr_code` varchar(255) DEFAULT NULL,
  `qr_code_url` varchar(255) DEFAULT NULL,
  `id_status` bigint(20) DEFAULT NULL,
  `created_at` timestamp NULL DEFAULT NULL,
  `tipo` enum('automatico','manual') DEFAULT NULL,
  `updated_at` timestamp NULL DEFAULT NULL,
  `deleted_at` timestamp NULL DEFAULT NULL,
  PRIMARY KEY (`id`)
) ENGINE=InnoDB AUTO_INCREMENT=77 DEFAULT CHARSET=utf8mb4 COLLATE=utf8mb4_unicode_ci;

/*Data for the table `pedidos` */

insert  into `pedidos`(`id`,`numero`,`id_franquia`,`id_cliente`,`id_endereco_entrega`,`id_endereco_devolucao`,`id_forma_pagamento`,`gateway_pagamento`,`id_transacao`,`valor_taxa`,`valor_frete`,`tipo_frete`,`valor_desconto`,`valor_liquido`,`valor_total_produtos`,`valor_total`,`id_cupom`,`observacoes`,`nome_receber`,`telefone_receber`,`id_retirada`,`qr_code`,`qr_code_url`,`id_status`,`created_at`,`tipo`,`updated_at`,`deleted_at`) values 
(59,'55-9601',2,NULL,16,16,NULL,NULL,NULL,NULL,32.00,'economico',NULL,NULL,70.00,102.00,NULL,NULL,NULL,NULL,NULL,NULL,NULL,1,'2024-09-16 19:37:01',NULL,'2024-09-16 19:37:01',NULL),
(60,'55-6457',2,18,17,17,1,NULL,NULL,NULL,48.00,'expresso',NULL,NULL,225.00,273.00,NULL,NULL,NULL,NULL,NULL,NULL,NULL,1,'2024-09-16 19:37:19',NULL,'2024-09-16 19:40:53',NULL),
(61,'55-9660',2,19,18,18,NULL,NULL,NULL,NULL,32.00,'economico',NULL,NULL,171.50,203.50,NULL,NULL,NULL,NULL,NULL,NULL,NULL,1,'2024-09-16 19:45:56',NULL,'2024-09-16 19:46:46',NULL),
(62,'55-4345',2,18,19,19,2,NULL,NULL,NULL,48.00,'expresso',NULL,NULL,350.00,398.00,NULL,NULL,NULL,NULL,NULL,NULL,NULL,1,'2024-09-16 19:55:24',NULL,'2024-09-16 20:01:12',NULL),
(63,'55-6369',2,15,20,20,NULL,NULL,NULL,NULL,48.00,'expresso',NULL,NULL,280.00,328.00,NULL,NULL,NULL,NULL,NULL,NULL,NULL,1,'2024-09-17 17:58:23',NULL,'2024-09-17 17:58:23',NULL),
(64,'55-4386',2,15,NULL,NULL,NULL,NULL,NULL,NULL,0.00,NULL,NULL,NULL,280.00,280.00,NULL,NULL,NULL,NULL,NULL,NULL,NULL,1,'2024-09-17 18:14:33',NULL,'2024-09-17 18:14:33',NULL),
(65,'55-9165',2,15,21,21,NULL,NULL,NULL,NULL,32.00,'economico',NULL,NULL,280.00,312.00,NULL,NULL,NULL,NULL,NULL,NULL,NULL,1,'2024-09-17 18:14:54',NULL,'2024-09-17 18:14:54',NULL),
(66,'55-8164',2,19,22,22,NULL,NULL,NULL,NULL,32.00,'economico',NULL,NULL,280.00,312.00,NULL,NULL,NULL,NULL,NULL,NULL,NULL,1,'2024-09-17 18:29:50',NULL,'2024-09-17 18:29:50',NULL),
(67,'55-4832',2,19,23,23,2,NULL,NULL,NULL,32.00,'economico',NULL,NULL,280.00,312.00,NULL,NULL,NULL,NULL,NULL,NULL,NULL,1,'2024-09-17 19:04:37',NULL,'2024-09-17 19:43:06',NULL),
(68,'55-7432',2,19,24,24,2,NULL,NULL,NULL,32.00,'economico',NULL,NULL,280.00,312.00,NULL,NULL,NULL,NULL,NULL,NULL,NULL,1,'2024-09-19 12:52:35',NULL,'2024-09-19 12:56:24',NULL),
(69,'55-9375',2,NULL,NULL,NULL,NULL,NULL,NULL,NULL,0.00,'retirar_loja',NULL,NULL,50.00,50.00,NULL,NULL,NULL,NULL,NULL,NULL,NULL,1,'2024-09-25 23:08:05',NULL,'2024-09-25 23:08:05',NULL),
(70,'55-5634',2,15,25,25,1,NULL,NULL,NULL,32.00,'economico',NULL,NULL,140.00,172.00,NULL,NULL,NULL,NULL,NULL,NULL,NULL,1,'2024-09-26 12:11:10',NULL,'2024-09-26 12:12:18',NULL),
(71,'55-6728',2,18,NULL,NULL,NULL,NULL,NULL,NULL,16.00,'economico',NULL,187.50,171.50,187.50,NULL,NULL,NULL,NULL,NULL,NULL,NULL,1,'2024-09-30 16:23:27',NULL,'2024-09-30 16:23:27',NULL),
(72,'55-1172',2,NULL,26,26,NULL,NULL,NULL,NULL,32.00,'economico',NULL,NULL,105.00,137.00,NULL,NULL,NULL,NULL,NULL,NULL,NULL,1,'2024-10-10 18:27:39',NULL,'2024-10-10 18:27:39',NULL),
(73,'55-2932',2,NULL,27,27,NULL,NULL,NULL,NULL,32.00,'economico',NULL,NULL,105.00,137.00,NULL,NULL,NULL,NULL,NULL,NULL,NULL,1,'2024-10-10 18:32:56',NULL,'2024-10-10 18:32:56',NULL),
(74,'55-5026',2,NULL,28,28,NULL,NULL,NULL,NULL,32.00,'economico',NULL,NULL,105.00,137.00,NULL,NULL,NULL,NULL,NULL,NULL,NULL,1,'2024-10-10 18:34:10',NULL,'2024-10-10 18:34:10',NULL),
(75,'55-9868',2,23,29,29,1,NULL,NULL,NULL,48.00,'expresso',NULL,NULL,105.00,153.00,NULL,NULL,NULL,NULL,NULL,NULL,NULL,1,'2024-10-10 19:38:47',NULL,'2024-10-10 19:44:50',NULL),
(76,'55-2337',2,24,NULL,NULL,1,'Pagar.me','or_PlGzaBpFGFM0DNmn',NULL,0.00,'retirar_loja',NULL,NULL,87.00,87.00,NULL,NULL,NULL,NULL,NULL,'00020101021226820014br.gov.bcb.pix2560pix.stone.com.br/pix/v2/5a719ce6-34ef-42b1-a283-fa22e02b21ab520400005303986540587.005802BR5925FACILITRIP ADMINISTRACAO 6014RIO DE JANEIRO62290525907c714148ee9ff3549beab746304E6DD','https://api.pagar.me/core/v5/transactions/tran_8ayE1jPtetrl7nOD/qrcode?payment_method=pix',2,'2024-10-14 12:59:21',NULL,'2024-10-14 13:06:14',NULL);

/*Table structure for table `perguntas_frequentes` */

DROP TABLE IF EXISTS `perguntas_frequentes`;

CREATE TABLE `perguntas_frequentes` (
  `id` bigint(20) NOT NULL AUTO_INCREMENT,
  `id_produto` bigint(20) DEFAULT NULL,
  `id_cliente` bigint(20) DEFAULT NULL,
  `email` varchar(255) DEFAULT NULL,
  `nome` varchar(255) DEFAULT NULL,
  `pergunta` longtext DEFAULT NULL,
  `resposta` longtext DEFAULT NULL,
  `status` enum('ativo','inativo') DEFAULT NULL,
  `created_at` timestamp NULL DEFAULT NULL,
  `updated_at` timestamp NULL DEFAULT NULL,
  `deleted_at` timestamp NULL DEFAULT NULL,
  PRIMARY KEY (`id`)
) ENGINE=InnoDB AUTO_INCREMENT=10 DEFAULT CHARSET=latin1 COLLATE=latin1_swedish_ci;

/*Data for the table `perguntas_frequentes` */

insert  into `perguntas_frequentes`(`id`,`id_produto`,`id_cliente`,`email`,`nome`,`pergunta`,`resposta`,`status`,`created_at`,`updated_at`,`deleted_at`) values 
(4,12,NULL,NULL,NULL,'dfhhfghgfh',NULL,'ativo','2024-06-19 14:32:07','2024-06-19 14:32:07',NULL),
(5,12,11,NULL,NULL,'teste',NULL,'ativo','2024-06-19 18:53:57','2024-06-19 18:53:57',NULL),
(6,12,11,NULL,NULL,'teste',NULL,'ativo','2024-06-19 18:54:21','2024-06-19 18:54:21',NULL),
(7,12,NULL,NULL,NULL,'teste','teste','ativo','2024-06-21 19:00:21','2024-06-21 19:01:25',NULL),
(8,63,1,'Admin@admin.com','Admin','ah tem azul?','não tem azul','ativo','2024-08-22 13:55:26','2024-08-22 14:06:48','2024-08-22 14:06:48'),
(9,63,NULL,'dede.ginevro@gmail.com','andressa','é rosa?','não é preto','ativo','2024-08-22 13:56:50','2024-09-09 18:46:58','2024-09-09 18:46:58');

/*Table structure for table `personal_access_tokens` */

DROP TABLE IF EXISTS `personal_access_tokens`;

CREATE TABLE `personal_access_tokens` (
  `id` bigint(20) unsigned NOT NULL AUTO_INCREMENT,
  `tokenable_type` varchar(255) NOT NULL,
  `tokenable_id` bigint(20) unsigned NOT NULL,
  `name` varchar(255) NOT NULL,
  `token` varchar(64) NOT NULL,
  `abilities` text DEFAULT NULL,
  `last_used_at` timestamp NULL DEFAULT NULL,
  `expires_at` timestamp NULL DEFAULT NULL,
  `created_at` timestamp NULL DEFAULT NULL,
  `updated_at` timestamp NULL DEFAULT NULL,
  PRIMARY KEY (`id`),
  UNIQUE KEY `personal_access_tokens_token_unique` (`token`),
  KEY `personal_access_tokens_tokenable_type_tokenable_id_index` (`tokenable_type`,`tokenable_id`)
) ENGINE=InnoDB DEFAULT CHARSET=utf8mb4 COLLATE=utf8mb4_unicode_ci;

/*Data for the table `personal_access_tokens` */

/*Table structure for table `produto_categorias` */

DROP TABLE IF EXISTS `produto_categorias`;

CREATE TABLE `produto_categorias` (
  `id` bigint(20) unsigned NOT NULL AUTO_INCREMENT,
  `nome` varchar(255) NOT NULL,
  `slug` varchar(255) DEFAULT NULL,
  `descricao` longtext NOT NULL,
  `id_parent` int(11) DEFAULT NULL,
  `id_media` int(11) DEFAULT NULL,
  `status` enum('ativo','inativo') NOT NULL,
  `created_at` timestamp NULL DEFAULT NULL,
  `updated_at` timestamp NULL DEFAULT NULL,
  `deleted_at` timestamp NULL DEFAULT NULL,
  PRIMARY KEY (`id`)
) ENGINE=InnoDB AUTO_INCREMENT=16 DEFAULT CHARSET=utf8mb4 COLLATE=utf8mb4_unicode_ci;

/*Data for the table `produto_categorias` */

insert  into `produto_categorias`(`id`,`nome`,`slug`,`descricao`,`id_parent`,`id_media`,`status`,`created_at`,`updated_at`,`deleted_at`) values 
(7,'Carrinho de Passeio','carrinho-de-passeio-7','Carrinho de Passeio',NULL,299,'ativo','2024-06-19 13:44:57','2024-09-12 16:14:50',NULL),
(8,'Banheiras','banheiras-8','Banheiras',NULL,297,'ativo','2024-06-19 19:35:16','2024-09-12 16:10:32',NULL),
(9,'Cadeirinha para carro','cadeirinha-para-carro-9','Cadeirinha para carro',NULL,300,'ativo','2024-06-26 16:59:37','2024-09-12 16:17:22',NULL),
(10,'Berço','berco-10','Berço',NULL,30,'ativo','2024-06-26 17:02:19','2024-06-26 17:02:19',NULL),
(11,'Bebê conforto','bebe-conforto-11','Bebê conforto',NULL,31,'inativo','2024-06-26 17:04:09','2024-09-12 19:12:27',NULL),
(12,'Cadeira de alimentação','cadeira-de-alimentacao-12','Cadeira de alimentação',NULL,298,'ativo','2024-06-26 17:11:57','2024-09-12 16:12:14',NULL),
(13,'Outros','outros-13','Outros',NULL,33,'inativo','2024-06-26 17:15:07','2024-09-12 19:13:19',NULL),
(14,'teste','teste-14','aaaaaa',NULL,218,'ativo','2024-07-22 19:25:18','2024-07-22 19:25:25','2024-07-22 19:25:25'),
(15,'Acessórios Adicionais','acessorios-adicionais-15','Acessórios Adicionais  para viagem',NULL,217,'ativo','2024-07-22 19:37:48','2024-07-22 19:37:48',NULL);

/*Table structure for table `produtos` */

DROP TABLE IF EXISTS `produtos`;

CREATE TABLE `produtos` (
  `id` bigint(20) unsigned NOT NULL AUTO_INCREMENT,
  `nome` varchar(255) NOT NULL,
  `slug` varchar(255) DEFAULT NULL,
  `id_categoria` int(11) DEFAULT NULL,
  `marca` varchar(255) DEFAULT NULL,
  `descricao` longtext DEFAULT NULL,
  `idade` varchar(255) DEFAULT NULL,
  `valor_base_diaria` decimal(10,2) DEFAULT NULL,
  `peso_maximo` varchar(255) DEFAULT NULL,
  `tempo_entrega` varchar(255) DEFAULT NULL,
  `orientacoes` longtext DEFAULT NULL,
  `tipo` enum('aluguel','venda') DEFAULT NULL,
  `id_produto_relacionado` int(20) DEFAULT NULL,
  `id_produto_recomendado` bigint(20) DEFAULT NULL,
  `status` enum('ativo','inativo') DEFAULT NULL,
  `created_at` timestamp NULL DEFAULT NULL,
  `updated_at` timestamp NULL DEFAULT NULL,
  `deleted_at` timestamp NULL DEFAULT NULL,
  PRIMARY KEY (`id`)
) ENGINE=InnoDB AUTO_INCREMENT=77 DEFAULT CHARSET=utf8mb4 COLLATE=utf8mb4_unicode_ci;

/*Data for the table `produtos` */

insert  into `produtos`(`id`,`nome`,`slug`,`id_categoria`,`marca`,`descricao`,`idade`,`valor_base_diaria`,`peso_maximo`,`tempo_entrega`,`orientacoes`,`tipo`,`id_produto_relacionado`,`id_produto_recomendado`,`status`,`created_at`,`updated_at`,`deleted_at`) values 
(12,'Carrinho de Bebê Legend','carrinho-de-bebe-legend-12',7,'Infanti','O carrinho Legend da Infanti possui estrutura leve de\r\nalumínio, com acabamento cromado, para um visual\r\nmoderno e tecidos macios com toque diferenciado. O\r\nfechamento é compacto e rápido, feito com apenas uma das\r\nmãos e possui também alça para carregar. Toda a praticidade\r\nque desejamos com o conforto que o bebê merece.\r\nFechamento compacto com alça para carregar. Capota ampla\r\ncom aba de sol, visor de imã e proteção UV50+. Abertura\r\ntraseira super ampla com zíper e tela de proteção.\r\nAcompanha mosquiteiro para proteção contra insetos e que\r\nbarra luz excessiva. Barra frontal com abertura central.\r\nAcopla ao Bebê Conforto Fly Infanti.','36',100.00,'15',NULL,NULL,NULL,NULL,NULL,'ativo','2024-06-19 13:59:07','2024-06-26 18:12:58','2024-06-26 18:12:58'),
(13,'Carrinho de Bebê Lucca','carrinho-de-bebe-lucca-13',7,'Infanti','O carrinho Lucca é um companheiro versátil e confortável para pais e bebês.\r\nProjetado para uso desde o nascimento até por volta dos 4 anos, oferece um\r\nencosto reclinável em múltiplas posições para acompanhar o crescimento do\r\nbebê. Com rodas dianteiras e traseiras com suspensão, proporciona um passeio\r\nsuave em qualquer fase. A capota com proteção UV50+ e janela de ventilação\r\nmantém o bebê protegido e confortável, enquanto os pais podem ficar de olho\r\natravés do visor na capota. Com um porta-copos conveniente para os adultos e\r\num freio de único ponto de acionamento, oferece praticidade no dia a dia. Além\r\ndisso, possui uma barra frontal forrada e removível para maior conforto das\r\nmãos do bebê, e uma bolsa de transporte para facilitar o transporte. O carrinho\r\nLucca é uma escolha inteligente e confortável para famílias em movimento.',NULL,120.00,NULL,NULL,NULL,NULL,NULL,NULL,'ativo','2024-06-19 14:49:17','2024-06-26 18:13:02','2024-06-26 18:12:58'),
(14,'Banheira Rosa P - Baby Pil','banheira-rosa-p-baby-pil-14',8,'Baby pil','<div>A banheira dobrável da Baby Pil possui dreno duplo tornando o esvaziamento rápido e fácil. Conta com um plug de sílica gel sensível que muda de cor conforme a temperatura da água, evitando que fique muito quente ou fria [Acima de 37 graus fica vermelho e abaixo de 37 fica azul]. A banheira possui pé dobrável antiderrapante e suporta até 20 litros de água. É maleável e resistente. Possui 2 regulagens de altura. A primeira para ser utilizada desde recém-nascido até os 10 meses e a segunda mais funda a partir de 10 meses recomendado até os 03 anos de idade.&nbsp;<br></div><div><br></div>','0 a 3 anos',100.00,'80',NULL,NULL,NULL,NULL,NULL,'ativo','2024-06-19 19:46:39','2024-07-19 18:33:51','2024-07-19 18:33:51'),
(15,'Banheira do bebê dobrável Banheira turística Dreno','banheira-do-bebe-dobravel-banheira-turistica-dreno-15',8,'Ecotoys','Dedicado às crianças desde os primeiros dias de vida Construção estável (plástico, silicone) Tampa de drenagem que muda de cor quando a água está muito quente&nbsp;','0 a 12 meses',100.00,NULL,NULL,NULL,NULL,NULL,NULL,'ativo','2024-06-26 17:31:10','2024-07-19 18:33:55','2024-07-19 18:33:55'),
(16,'Banheira do bebê dobrável Banheira turística Dreno','banheira-do-bebe-dobravel-banheira-turistica-dreno-16',8,'Ecotoys','Dedicado às crianças desde os primeiros dias de vida Construção estável (plástico, silicone) Tampa de drenagem que muda de cor quando a água está muito quente&nbsp;','0 a 12 meses',100.00,NULL,NULL,NULL,NULL,NULL,NULL,'ativo','2024-06-26 17:31:14','2024-06-26 17:50:06','2024-06-26 17:50:06'),
(17,'Banheira do bebê dobrável Banheira turística Dreno','banheira-do-bebe-dobravel-banheira-turistica-dreno-17',8,'Ecotoys','Dedicado às crianças desde os primeiros dias de vida Construção estável (plástico, silicone) Tampa de drenagem que muda de cor quando a água está muito quente&nbsp;','0 a 12 meses',100.00,NULL,NULL,NULL,NULL,NULL,NULL,'ativo','2024-06-26 17:31:15','2024-06-26 17:49:53','2024-06-26 17:49:53'),
(18,'Banheira do bebê dobrável Banheira turística Dreno','banheira-do-bebe-dobravel-banheira-turistica-dreno-18',8,'Ecotoys','Dedicado às crianças desde os primeiros dias de vida Construção estável (plástico, silicone) Tampa de drenagem que muda de cor quando a água está muito quente&nbsp;','0 a 12 meses',100.00,NULL,NULL,NULL,NULL,NULL,NULL,'ativo','2024-06-26 17:32:18','2024-06-26 17:49:56','2024-06-26 17:49:56'),
(19,'Banheira dobrável Comfy & Safe Acqua Green - Safety 1st','banheira-dobravel-comfy-safe-acqua-green-safety-1st-19',8,'Safety 1st','Seu tamanho é ideal para deixá-la atrás da porta sem ocupar muito espação e seus pezinhos dobráveis são práticos e a deixa fixa no chão com segurança. Ela já acompanha um suporte para recém nascidos e é indicada para bebês de até 30kg, ou seja, irá acompanhar o crescimento do seu filho. A banheira Comfy and Safe ainda possui uma válvula de escoamento, porta objetos e porta chuveirinho, na cor verde ela é perfeita para deixar o banho do bebê seguro e confortável.',NULL,100.00,'30',NULL,NULL,NULL,NULL,NULL,'ativo','2024-06-26 17:56:39','2024-07-19 18:33:58','2024-07-19 18:33:58'),
(20,'Safety Smart Vision 110V/220V branco 3.2 polegadas','safety-smart-vision-110v220v-branco-32-polegadas-20',13,'Safety 1st','Desenvolvida com todo cuidado para seu pequeno(a)!\r\nTela de 3.2’’, alcance de até 260m, visão noturna, tecnologia Talk Back, bateria de longa duração e\r\nmuito mais!\r\nA Smart Vision da Safety 1st é a babá eletrônica para quem procura tranquilidade e segurança, dia\r\ne noite. Foi pensada para ter seu filho(a) sempre\r\ncom você, independente do ambiente da casa em que esteja. Possui um alcance de até 260m,\r\nconexão Wireless de 2.4G, bateria recarregável de longa\r\nduração, visão noturna e a tecnologia Talk Back, que permite que você fale com seu bebê à\r\ndistância.\r\nFocada em cuidar do seu bebê, ela possui sensor de temperatura que mede quantos graus está no\r\nambiente, 8 canções de ninar para deixar o soninho\r\nmais gostoso e acionamento por voz, que liga o monitor ao menor ruído. Tudo isso em seu monitor\r\ncolorido de 3.2’’.\r\nSeu design é clean e moderno , e vai bem com qualquer ambiente. Possui suporte para vários\r\nidiomas e ainda é possível ajustar o alarme para um alerta\r\nem horários específicos.',NULL,100.00,NULL,NULL,NULL,NULL,NULL,NULL,'ativo','2024-06-26 18:25:10','2024-07-19 18:34:01','2024-07-19 18:34:01'),
(21,'Conectores para carrinhos - Double (Kiddo)','conectores-para-carrinhos-double-kiddo-21',7,'Kiddo','transforma dois carrinhos individuais em carrinho duplo.\r\nfacilita o manuseio de dois carrinhos ao mesmo tempo. para fechar os carrinhos, não precisa\r\ndesconectar',NULL,100.00,NULL,NULL,NULL,NULL,NULL,NULL,'ativo','2024-06-26 18:36:09','2024-07-19 18:34:04','2024-07-19 18:34:04'),
(22,'Stroller Ride Board Universal Standing Removível Multi','stroller-ride-board-universal-standing-removivel-multi-22',7,'Generic','<div>: A prancha planadora Rider é projetada com um sistema de encaixe universal</div><div>que se adapta a quase todos os carrinhos de bebê, eliminando questões de compatibilidade.</div><div>Ampla faixa etária: a prancha planadora de carrinho é adequada para crianças de 2 a 7 anos,</div><div>pesando até 25 kg (55 libras). A prancha se adapta perfeitamente a crianças de várias faixas</div><div>etárias. Vários modos: o assento removível permite que as crianças se sentem ou fiquem em pé.</div><div>Quando não estiver em uso, a prancha pode ser convenientemente armazenada usando a alça de</div><div>armazenamento embutida. Versátil em vários cenários: seja fazendo compras, indo ao</div><div>supermercado, passeando no parque ou viajando, a instalação da prancha de carrinho permite que</div><div>seu filho se mova com mais liberdade e se divirta mais. ABS: cuidadosamente projetado e feito</div><div>com materiais ABS, garantindo uma experiência de usuário segura, estável e confortável. Oferecer</div><div>o melhor para seu filho significa proporcionar a ele um ambiente feliz para crescer.</div><div><br></div>','2 a 7 anos',100.00,'25',NULL,NULL,NULL,NULL,NULL,'ativo','2024-06-26 18:40:24','2024-07-19 18:34:07','2024-07-19 18:34:07'),
(23,'Stroller Ride Board Universal Standing Removível Multi','stroller-ride-board-universal-standing-removivel-multi-23',7,'Generic','<div>: A prancha planadora Rider é projetada com um sistema de encaixe universal</div><div>que se adapta a quase todos os carrinhos de bebê, eliminando questões de compatibilidade.</div><div>Ampla faixa etária: a prancha planadora de carrinho é adequada para crianças de 2 a 7 anos,</div><div>pesando até 25 kg (55 libras). A prancha se adapta perfeitamente a crianças de várias faixas</div><div>etárias. Vários modos: o assento removível permite que as crianças se sentem ou fiquem em pé.</div><div>Quando não estiver em uso, a prancha pode ser convenientemente armazenada usando a alça de</div><div>armazenamento embutida. Versátil em vários cenários: seja fazendo compras, indo ao</div><div>supermercado, passeando no parque ou viajando, a instalação da prancha de carrinho permite que</div><div>seu filho se mova com mais liberdade e se divirta mais. ABS: cuidadosamente projetado e feito</div><div>com materiais ABS, garantindo uma experiência de usuário segura, estável e confortável. Oferecer</div><div>o melhor para seu filho significa proporcionar a ele um ambiente feliz para crescer.</div><div><br></div>','2 a 7 anos',100.00,'25',NULL,NULL,NULL,NULL,NULL,'ativo','2024-06-26 18:43:29','2024-06-28 18:02:06','2024-06-28 18:02:06'),
(24,'Carrinho De Bebê De Passeio Maxi-cosi Eva Ts Trio','carrinho-de-bebe-de-passeio-maxi-cosi-eva-ts-trio-24',7,'Maxi-Cosi','<div>A cor principal é cinza.</div><div>Carrinho de bebê e base para o carro.</div><div>Com 3 posições para reclinar.</div><div>Com freios, capota retrátil e sistema de suspensão.</div><div>Possui capota com visor.</div><div>Possui tecido removível.</div><div>Possui tiras ajustáveis.</div><div>Acessórios incluídos: almofadas</div><div><br></div>',NULL,100.00,'15',NULL,NULL,NULL,NULL,NULL,'ativo','2024-06-26 18:52:09','2024-06-26 19:19:41','2024-06-26 19:19:41'),
(25,'Carrinho De Bebê De Paseio Maxi-cosi Eva Ts Trio','carrinho-de-bebe-de-paseio-maxi-cosi-eva-ts-trio-25',7,'Maxi-Cosi','<div>A cor principal é cinza.</div><div>Carrinho de bebê e base para o carro.</div><div>Com 3 posições para reclinar.</div><div>Dimensões do carrinho aberto: 49 cm de largura x 106 cm de altura.</div><div>Com freios, capota retrátil e sistema de suspensão.</div><div>Possui capota com visor.</div><div>Possui tecido removível.</div><div>Possui tiras ajustáveis.</div><div>Acessórios incluídos: almofadas</div><div><br></div>',NULL,100.00,'15',NULL,NULL,NULL,NULL,NULL,'ativo','2024-06-26 18:56:23','2024-07-19 18:34:11','2024-07-19 18:34:11'),
(26,'Carrinho Nuna Pepp Luxx','carrinho-nuna-pepp-luxx-26',7,'Luxx','<font style=\"box-sizing: inherit; color: rgb(68, 68, 68); font-family: Lato, sans-serif; font-size: 17.28px; text-align: justify; vertical-align: inherit;\">O famoso empurrão com uma mão da linha Pepp é conseguido graças ao seu formato particular com centro de gravidade mais baixo. As rodas mais largas são equipadas com suspensão e boas até para as calçadas irregulares da cidade, são dobradas na frente para melhor estabilidade. O próprio sistema de suspensão também é complementado com a flexibilidade natural do chassi em forma de L.</font>','0 a 30 meses',100.00,'18',NULL,NULL,NULL,NULL,NULL,'ativo','2024-06-26 19:06:51','2024-07-19 18:34:15','2024-07-19 18:34:15'),
(27,'Conjunto Travel System Legend Trio Fly Cinza - Infanti','conjunto-travel-system-legend-trio-fly-cinza-infanti-27',7,'Infanti','<span style=\"color: rgb(64, 64, 64); font-family: Roboto, sans-serif; text-align: justify;\">O conjunto Travel System Legend Ts Trio Fly da Infanti é composto pelo bebê conforto Fly, base veicular Elos e o carrinho Legend, com estrutura leve de alumínio, acabamento cromado, para um visual moderno e tecidos macios com toque diferenciado. O fechamento é compacto e rápido, feito com apenas uma das mãos e possui também alça para carregar. Toda a praticidade que desejamos com o conforto que o bebê merece. O conforto extra é garantido pela forração do assento, em tecido com espuma, macio e respirável, e 3 posições de inclinação para os bebês recém-nascidos e maiores. A capota com proteção UV50+, é bem ampla, com quebra-sol e tem visor com fechamento em imã, confeccionada em tecido esportivo, que não amassa e é muito macio ao toque, tem bolso com zíper para pequenos objetos, com capacidade para 2 kg e mais uma abertura gigante, com zíper e tela, na parte traseira, para visualizar facilmente todo o interior do carrinho, além de deixar mais arejado e fresquinho para o bebê quando necessário.</span>',NULL,100.00,'13',NULL,NULL,NULL,NULL,NULL,'ativo','2024-06-26 19:16:42','2024-07-19 18:34:37','2024-07-19 18:34:37'),
(28,'Carrinho de Bebê DuoLee Galzerano','carrinho-de-bebe-duolee-galzerano-28',7,'Galzerano','<div>O Duolee é um carrinho para gêmeos ou crianças de idades diferentes prático, moderno, sofisticado e fácil de transportar. Oferece conforto, segurança e a qualidade que o seu bebê merece.<br></div>',NULL,100.00,'15',NULL,NULL,NULL,NULL,NULL,'ativo','2024-06-26 19:42:05','2024-07-19 18:34:41','2024-07-19 18:34:41'),
(29,'Ingenuity Multi Assento Baby Base 2 Em 1','ingenuity-multi-assento-baby-base-2-em-1-29',12,'Ingenuity','<p>A Cadeira de Alimentação Baby Base 2 em 1 da Ingenuity é ideal para os momentos de refeição&nbsp;<span style=\"font-size: 1rem; background-color: var(--bs-card-bg); text-align: var(--bs-body-text-align);\">e também para os momentos de atividades, mantendo o bebê sempre seguro e confortável.</span></p><p>Recomendado para uso a partir de 6 meses até 36 meses ou 15Kg.</p><p>O produto possui 2 modos de uso: no chão ou encaixado em uma cadeira de jantar para uso&nbsp;<span style=\"font-size: 1rem; background-color: var(--bs-card-bg); text-align: var(--bs-body-text-align);\">como assento de elevação.</span></p><p>A base para bebês da Ingenuity pode ser facilmente acoplada às cadeiras para que seu bebê&nbsp;<span style=\"font-size: 1rem; background-color: var(--bs-card-bg); text-align: var(--bs-body-text-align);\">possa sentar-se mais alto e participar dos momentos das refeições em família, ou também&nbsp;</span><span style=\"font-size: 1rem; background-color: var(--bs-card-bg); text-align: var(--bs-body-text-align);\">funciona como uma cadeira no chão durante as brincadeiras. Mantendo o bebê confortável e&nbsp;</span><span style=\"font-size: 1rem; background-color: var(--bs-card-bg); text-align: var(--bs-body-text-align);\">seguro!</span></p><p>Além disso, acompanha sua própria bandeja, que pode ser removida quando não está em uso e&nbsp;<span style=\"font-size: 1rem; background-color: var(--bs-card-bg); text-align: var(--bs-body-text-align);\">facilmente encaixada abaixo do assento, facilitando o armazenamento e transporte.</span></p><p>A inserção de espuma oferece amortecimento e conforto extra para o bebê e pode ser removida&nbsp;<span style=\"font-size: 1rem; background-color: var(--bs-card-bg); text-align: var(--bs-body-text-align);\">para que o assento permaneça confortável e se ajuste à medida que a criança cresce.</span></p><p>            \r\n        </p>','6 meses a 4 anos',100.00,'15',NULL,NULL,NULL,NULL,NULL,'ativo','2024-06-26 20:03:11','2024-07-19 18:34:44','2024-07-19 18:34:44'),
(30,'Cadeira Alimentação Multi Assento Bumbo','cadeira-alimentacao-multi-assento-bumbo-30',12,'Bumbo','<div>O multi assento possui altura ajustável, almofada de espuma macia removível&nbsp;<span style=\"background-color: var(--bs-card-bg); font-size: var(--bs-body-font-size); text-align: var(--bs-body-text-align);\">que pode ser armazenada dentro do assento, cinto de segurança de 3 pontas&nbsp;</span><span style=\"background-color: var(--bs-card-bg); font-size: var(--bs-body-font-size); text-align: var(--bs-body-text-align);\">que DEVE ser sempre usado, cinto retrátil para fixar o assento na cadeira,</span></div><div>bandeja removível que pode ser guardada no próprio multi assento e com 2&nbsp;<span style=\"background-color: var(--bs-card-bg); font-size: var(--bs-body-font-size); text-align: var(--bs-body-text-align);\">ajustes de altura para acomodar seu filho em crescimento.</span></div><div>Com 3 opções de uso de acordo com a idade da criança.</div><div>1) assento de chão, para crianças que já sentam eretas, com uso da bandeja ou&nbsp;<span style=\"background-color: var(--bs-card-bg); font-size: var(--bs-body-font-size); text-align: var(--bs-body-text-align);\">não.</span></div><div>2) assento de alimentação com a bandeja.</div><div>3) cadeira de alimentação, fixo em cadeira comum que adapta crianças&nbsp;<span style=\"background-color: var(--bs-card-bg); font-size: var(--bs-body-font-size); text-align: var(--bs-body-text-align);\">maiores à mesa sendo que a almofada poderá ser removida ou como booster.</span></div>','6 meses a 3 anos',100.00,'15',NULL,NULL,NULL,NULL,NULL,'ativo','2024-06-26 20:10:56','2024-06-26 20:12:49','2024-06-26 20:12:49'),
(31,'Cadeira Alimentação Multi Assento Bumbo','cadeira-alimentacao-multi-assento-bumbo-31',12,'Bumbo','<div>O multi assento possui altura ajustável, almofada de espuma macia removível&nbsp;<span style=\"background-color: var(--bs-card-bg); font-size: var(--bs-body-font-size); text-align: var(--bs-body-text-align);\">que pode ser armazenada dentro do assento, cinto de segurança de 3 pontas&nbsp;</span><span style=\"background-color: var(--bs-card-bg); font-size: var(--bs-body-font-size); text-align: var(--bs-body-text-align);\">que DEVE ser sempre usado, cinto retrátil para fixar o assento na cadeira,</span></div><div>bandeja removível que pode ser guardada no próprio multi assento e com 2&nbsp;<span style=\"background-color: var(--bs-card-bg); font-size: var(--bs-body-font-size); text-align: var(--bs-body-text-align);\">ajustes de altura para acomodar seu filho em crescimento.</span></div><div>Com 3 opções de uso de acordo com a idade da criança.</div><div>1) assento de chão, para crianças que já sentam eretas, com uso da bandeja ou&nbsp;<span style=\"background-color: var(--bs-card-bg); font-size: var(--bs-body-font-size); text-align: var(--bs-body-text-align);\">não.</span></div><div>2) assento de alimentação com a bandeja.</div><div>3) cadeira de alimentação, fixo em cadeira comum que adapta crianças&nbsp;<span style=\"background-color: var(--bs-card-bg); font-size: var(--bs-body-font-size); text-align: var(--bs-body-text-align);\">maiores à mesa sendo que a almofada poderá ser removida ou como booster.</span></div>','6 meses a 3 anos',100.00,'15',NULL,NULL,NULL,NULL,NULL,'ativo','2024-06-26 20:10:56','2024-06-26 20:12:41','2024-06-26 20:12:41'),
(32,'Cadeira Alimentação Multi Assento Bumbo','cadeira-alimentacao-multi-assento-bumbo-32',12,'Bumbo','<div>O multi assento possui altura ajustável, almofada de espuma macia removível&nbsp;<span style=\"background-color: var(--bs-card-bg); font-size: var(--bs-body-font-size); text-align: var(--bs-body-text-align);\">que pode ser armazenada dentro do assento, cinto de segurança de 3 pontas&nbsp;</span><span style=\"background-color: var(--bs-card-bg); font-size: var(--bs-body-font-size); text-align: var(--bs-body-text-align);\">que DEVE ser sempre usado, cinto retrátil para fixar o assento na cadeira,</span></div><div>bandeja removível que pode ser guardada no próprio multi assento e com 2&nbsp;<span style=\"background-color: var(--bs-card-bg); font-size: var(--bs-body-font-size); text-align: var(--bs-body-text-align);\">ajustes de altura para acomodar seu filho em crescimento.</span></div><div>Com 3 opções de uso de acordo com a idade da criança.</div><div>1) assento de chão, para crianças que já sentam eretas, com uso da bandeja ou&nbsp;<span style=\"background-color: var(--bs-card-bg); font-size: var(--bs-body-font-size); text-align: var(--bs-body-text-align);\">não.</span></div><div>2) assento de alimentação com a bandeja.</div><div>3) cadeira de alimentação, fixo em cadeira comum que adapta crianças&nbsp;<span style=\"background-color: var(--bs-card-bg); font-size: var(--bs-body-font-size); text-align: var(--bs-body-text-align);\">maiores à mesa sendo que a almofada poderá ser removida ou como booster.</span></div>','6 meses a 3 anos',100.00,'15',NULL,NULL,NULL,NULL,NULL,'ativo','2024-06-26 20:12:24','2024-07-19 18:34:23','2024-07-19 18:34:23'),
(33,'Cadeirinha de Assento - Bumbo','cadeirinha-de-assento-bumbo-33',13,'Bumbo','O Bumbo é uma inovadora cadeirinha para bebês, proporcionando uma posição sentada segura para os pequenos que ainda não conseguem fazê-lo sozinhos. Com um design que abraça a criança de forma confortável, permite movimento livre para os braços e pernas, estimulando sua curiosidade e desenvolvimento. Feito de espuma leve e antialérgica, é fácil de transportar e limpar, ideal para alimentação e viagens. Projetado por especialistas para garantir o posicionamento adequado da coluna do bebê. Importante ressaltar que não deve ser colocado em superfícies elevadas, como cadeiras, sofás ou mesas.','6 a 12 meses',100.00,NULL,NULL,NULL,NULL,NULL,NULL,'ativo','2024-06-28 13:50:18','2024-07-19 18:34:19','2024-07-19 18:34:19'),
(34,'Cadeira de Alimentação Portátil Toast','cadeira-de-alimentacao-portatil-toast-34',12,'Infanti','Portátil e ultracompacta, pode ser levada em viagens ou passeios e acoplada em cadeiras comuns de adulto. Regulagem de altura e capa protetora para maior conforto. Adapta-se facilmente as cadeiras comuns de adulto, com tiras de fixação para maior segurança, ajustável em 3 posições de altura, cintos de segurança para o bebê, bandeja removível e fechamento muito fácil e ultra-compacto com alça para transporte. Capa protetora do assento, acolchoada para maior conforto, impermeável, facilmente removível e lavável.',NULL,100.00,NULL,NULL,NULL,NULL,NULL,NULL,'ativo','2024-06-28 13:54:25','2024-07-19 18:34:33','2024-07-19 18:34:33'),
(35,'Bebê conforto Citi com Base Máxi Cosi','bebe-conforto-citi-com-base-maxi-cosi-35',11,'Maxi-Cosi','O Bebê conforto com base Citi é um produto que preza pela proteção e bem-estar do bebê. Leve e fácil de carregar, ele possui cinto de segurança de 3 pontos, protetores de ombros e é regulável em duas alturas. Ele também possui redutor de assento e cabeça macios e acolchoados, com capota removível e em tecido esportivo que não amassa. Este bebê conforto Maxi-Cosi Citi suporta até 13 kg, permitindo que seu bebê use mesmo vestindo roupas mais densas. É um equipamento muito seguro, que conta, ainda, com manual de instruções, para que não haja dúvidas na hora de utilizá-lo e mesmo incluindo a base para bebê conforto, ele pode ser utilizado sozinho. Mas saiba que a base garante mais estabilidade e segurança durante o deslocamento, principalmente em carros grandes, e não ocupa muito espaço.',NULL,100.00,'13',NULL,NULL,NULL,NULL,NULL,'ativo','2024-06-28 14:04:26','2024-07-19 18:34:26','2024-07-19 18:34:26'),
(36,'Cadeirinha de automóvel Alfa Voyage','cadeirinha-de-automovel-alfa-voyage-36',9,'Voyage','<p class=\"MsoNormal\">A Cadeira para Auto Alfa da Voyage é versátil e acompanha o\r\ncrescimento da criança. Possui almofadas redutoras removíveis para os menores e\r\nopção de assento de elevação (booster) para os maiores. Conta também com apoio\r\nde cabeça ajustável em altura, protetores de ombro e apoios para os braços. Sua\r\ncapa pode ser facilmente removida e lavada na máquina, enquanto as partes\r\nplásticas podem ser limpas com esponja e detergente neutro, facilitando a\r\nhigienização. Pode ser utilizada em três estágios diferentes: para crianças até\r\n10 kg ou 70 cm ou 9 meses de idade, recomendando-se a instalação voltada para\r\ntrás no banco traseiro do automóvel; para crianças até 13 kg ou 80 cm ou 1 ano\r\nde idade, também com instalação voltada para trás no banco traseiro; e para\r\ncrianças de 9 a 18 kg ou até 1,6 ano de idade, instalada somente no banco\r\ntraseiro, sempre com a criança presa pelos cintos da cadeirinha e do automóvel.<o:p></o:p></p>','0 a 24 meses',100.00,'36',NULL,NULL,NULL,NULL,NULL,'ativo','2024-06-28 14:19:28','2024-07-19 18:34:29','2024-07-19 18:34:29'),
(37,'Bebê Conforto Grid Galzerano','bebe-conforto-grid-galzerano-37',11,'Galzerano','O Bebê Conforto Grid da Galzerano é o item ideal para o transporte do bebê. De fácil instalação, o Grid é indicado para crianças do grupo 0+, do nascimento até 13 kg. Prático e confortável para o dia a dia, ele possui o melhor custo benefício e, além disso, acopla nos carrinhos com facilidade.',NULL,100.00,'13',NULL,NULL,NULL,NULL,NULL,'ativo','2024-06-28 14:27:08','2024-07-19 18:34:47','2024-07-19 18:34:47'),
(38,'Bebê Conforto Fly Infanti','bebe-conforto-fly-infanti-38',11,'Infanti','O Bebê conforto Fly Infanti é extremamente confortável, feito em tecidos especiais e com toque muito mais macio. A Alça possui 4 posições de ajuste para 5 modos de uso: para transportar, instalar no veículo, modo fixo, balanço ou acoplar no carrinho. O seu modo de ajuste para as posições fixo ou balanço permite o uso como uma cadeira de descanso ou bouncer dentro de casa.','0 a 1 ano',100.00,'13',NULL,NULL,NULL,NULL,NULL,'ativo','2024-06-28 14:39:30','2024-07-19 18:34:51','2024-07-19 18:34:51'),
(39,'Cadeirinha Automóvel Tour Cosco','cadeirinha-automovel-tour-cosco-39',9,'Cosco','<p class=\"MsoNormal\">Cadeirinha que acompanha o crescimento da criança, redutores\r\nreposicionáveis para os menores, apoio de cabeça ajustável em altura e assento\r\nde elevação para os maiores. Capa da cadeira lavável. A cadeirinha Tour da\r\nCosco atende crianças dos 9 aos 36 kg, aproximadamente de 1 aos 10 anos de\r\nidade. Com almofadas redutoras para acomodar melhor as crianças menores,\r\nreposicionáveis e removíveis acompanhando o crescimento, juntamente com o apoio\r\nde cabeça ajustável em altura, cinto de 5 pontos com protetores acolchoados e\r\napoio de braços, transforma-se em assento de elevação para os maiores a partir\r\ndo grupo 3.<o:p></o:p></p>','1 a 10 anos',100.00,'36',NULL,NULL,NULL,NULL,NULL,'ativo','2024-06-28 14:56:07','2024-07-19 18:35:04','2024-07-19 18:35:04'),
(40,'Cadeirinha de Automóvel Holiday FX Black Intense Infanti','cadeirinha-de-automovel-holiday-fx-black-intense-infanti-40',9,'Infanti','<p class=\"MsoNormal\">Almofadas internas para reduzir o espaço, aumentam o\r\nconforto e segurança no posicionamento das crianças menores, com espuma extra\r\nremovível na região do assento, permitindo um ajuste que acompanhe o\r\ncrescimento do seu filho. Conforme o tempo passa, além de reverter o assento, o\r\najuste da altura do apoio de cabeça em conjunto com os cintos internos da\r\nHoliday, torna esta tarefa muito mais simples, até o momento em que seu filho\r\ncomece a usar os cintos do carro sobre a cadeirinha, isso significa um longo\r\ntempo de uso para este produto. Vamos lá sair de casa - passeios, viagens,\r\nférias e todos os momentos em que seja necessário se deslocar, serão mais\r\nagradáveis e seguros com a escolha da cadeirinha certa para todas as fases do\r\nseu filho. Aprovada pelo Inmetro para uso do nascimento aos 36 kg!<o:p></o:p></p>',NULL,100.00,'36',NULL,NULL,NULL,NULL,NULL,'ativo','2024-06-28 15:05:10','2024-07-19 18:35:47','2024-07-19 18:35:47'),
(41,'Berço Next2Me Pearl - Chicco','berco-next2me-pearl-chicco-41',10,'Chicco','<p class=\"MsoNormal\">O Berço Portátil - Next2Me - Pearl - Chicco oferece uma\r\ntransição suave do útero para o ambiente externo, promovendo conforto e\r\nsegurança desde os primeiros meses. Projetado para fortalecer o vínculo entre\r\npais e bebê, facilita a amamentação e promove noites tranquilas. Sua instalação\r\njunto à cama dos pais é simples e segura, permitindo fácil acesso para cuidados\r\nnoturnos. Com colchão macio e janela em rede para circulação de ar, é indicado\r\npara bebês até 9 kg. Possui rodas giratórias com freios, facilitando o\r\ntransporte e pode ser inclinado em até duas posições para maior conforto,\r\nreduzindo refluxo e congestão nasal. Após a utilização, pode ser facilmente\r\nmovido para outros ambientes, garantindo o conforto ideal em todos os momentos\r\ndo dia.<o:p></o:p></p>',NULL,100.00,'9',NULL,NULL,NULL,NULL,NULL,'ativo','2024-06-28 15:19:00','2024-07-19 18:35:51','2024-07-19 18:35:51'),
(42,'Colchão Berço Portátil Impermeável','colchao-berco-portatil-impermeavel-42',10,'Luckspuma','<p>Possui tecido anti-alérgico, tratamento anti-ácaro e bactérias. Espuema com densidade 18, á mais recomendada para colchões de berço, proporcionando suporte ideal para o sono do seu bebê. Possui revestimento plástico em uma face para proteção anti-vazamento.</p><p>Compativel com os Berços:</p><p>- Berço Portátil Angel | Burigotto</p><p>- Berço DayDream | MultiKids</p><p>- Berço Fit | Voyage</p><p>Construído com espuma de poliuretano. Este tipo de material faz com que a posição adotada pelo corpo seja ergonômica e permite que o peso seja distribuído sobre a superfície de forma equilibrada. Sua composição de anti-ácaros, o tecido grosso deste produto evita que os ácaros da poeira entrem em contato com a pele.            \r\n        </p>',NULL,100.00,NULL,NULL,NULL,NULL,NULL,NULL,'ativo','2024-06-28 15:35:21','2024-07-19 18:35:54','2024-07-19 18:35:54'),
(43,'Colchão Berço Portátil Soneca Bee','colchao-berco-portatil-soneca-bee-43',10,'Bee','<p>Colchonete composto em material 100% espuma de poliuretano de alta performance que traz muito conforto para o seu bebê. Sua capa é composta em malha 100% algodão para maior conforto e aconchego do seu bebê.</p><p>- Compatível com Berço: Mini Play | Safety 1st.            \r\n        </p>',NULL,100.00,NULL,NULL,NULL,NULL,NULL,NULL,'ativo','2024-06-28 16:12:42','2024-07-19 18:34:59','2024-07-19 18:34:59'),
(44,'Berço Portátil Mini Play Grey','berco-portatil-mini-play-grey-44',10,'Safety 1st','Leve, compacto e confortável para o bebê. Com rodas para movimentação laterais, com tela arejada, bolsa de transporte com alça e mosquiteiro. Bolso porta-objetos removível e reposicionável. Colchonete macio e com 2 posições de altura preso com zíper conforme os padrões de segurança mais modernos, que elimina espaços indesejados, evita acidentes e protege o bebê.','0 a 2 anos',100.00,'15',NULL,NULL,NULL,NULL,NULL,'ativo','2024-06-28 16:30:57','2024-07-19 18:35:57','2024-07-19 18:35:57'),
(45,'Berço Portátil Fit - Voyage','berco-portatil-fit-voyage-45',10,'Voyage','Prático para o dia a dia dos pais, possui colchonete com regulagem de 2 alturas para ser usado como berço ou cercadinho, acompanhando mosquiteiro. Leve, compacto e seguro para o bebê, com rodas para movimentação, laterais com tela e bolsa de transporte com alça, excelente para viagens. Aprovado pelo INMETRO conforme a norma ABNT NBR 15.860 para crianças do nascimento aos 15kg.',NULL,100.00,'15',NULL,NULL,NULL,NULL,NULL,'ativo','2024-06-28 16:49:03','2024-07-19 18:35:41','2024-07-19 18:35:41'),
(46,'Berço Portátil Cercadinho Preto Serenata Burigotto','berco-portatil-cercadinho-preto-serenata-burigotto-46',10,'Burigotto','<div>Garanta o máximo de conforto e segurança para o seu bebê com o Berço Serenata da Burigotto. Projetado com excelência, esse berço é o sonho de qualquer mãe preocupada com o bem-estar do seu pequeno. Com design moderno e elegante, o Serenata se destaca pela sua durabilidade e praticidade.</div><div>Com uma base regulável em duas alturas, adaptável ao crescimento do seu bebê, você poderá ajustar a altura do colchão de acordo com a idade e as necessidades dele. Além disso, o berço possui um espaçoso compartimento de armazenamento na parte inferior, perfeito para guardar os itens essenciais do seu bebê, mantendo tudo organizado e ao alcance das mãos.</div>',NULL,100.00,'15',NULL,NULL,NULL,NULL,NULL,'ativo','2024-06-28 17:08:26','2024-07-19 18:35:33','2024-07-19 18:35:33'),
(47,'Moisés Berço Portátil Com Balanço Comfy Maxi Baby','moises-berco-portatil-com-balanco-comfy-maxi-baby-47',10,'Maxi Baby','<div>O berço moisés portátil Comfy da Maxi Baby Feito em estrutura de alumínio leve, porém resistente. Fácil de montar e desmontar. A soneca do seu bebê com conforto onde você estiver!</div><div><br></div><div>Ideal para crianças de 0 à 9 meses, 2 funções (fixa ou balanço), com fechamento compacto que cabe em todos os cômodos da casa.</div><div>Laterais com tela arejada para evitar sufocamento do bebê, e um colchoado macio removível que facilita na limpeza.</div>','0 a 9 meses',100.00,'9',NULL,NULL,NULL,NULL,NULL,'ativo','2024-06-28 17:15:20','2024-07-19 18:35:30','2024-07-19 18:35:30'),
(48,'Berço Techno Portátil 4 Em 1 Com Bluetooth Mastela','berco-techno-portatil-4-em-1-com-bluetooth-mastela-48',10,'Mastela','<div>O Berço Techno Bluetooth é o mais completo do mercado com sua função automática, opção de acoplar na cama e muito mais. Ele é recomendado desde RN até 13,600Kg. Possui 5 velocidades de balanço, timer de 15, 30 e 45 minutos e após inatividade por 60 minutos ele desliga automaticamente. O BerçoTechno é versátil, possui duas alturas reguláveis, o cesto pode ser removido, transformando-o em um Moisés. A lateral abaixa possibilitando que o berço seja acoplado à cama dos pais. A capota acompanha móbile de brinquedos em plush e mosquiteiro acoplado. A base possui rodinhas com trava de segurança e pés antiderrapantes.</div><div><br></div><div>Possui painel de controle Touch Screen, interação por controle remoto e bluetooth dando a opção de colocar uma playlist personalizada para o bebê. Possui 15 melodias.</div>','o a 2 anos',100.00,'14',NULL,NULL,NULL,NULL,NULL,'ativo','2024-06-28 17:23:59','2024-07-19 18:35:26','2024-07-19 18:35:26'),
(49,'Berço Techno Portátil 4 Em 1 Com Bluetooth Mastela','berco-techno-portatil-4-em-1-com-bluetooth-mastela-49',10,'Mastela','<div>O Berço Techno Bluetooth é o mais completo do mercado com sua função automática, opção de acoplar na cama e muito mais. Ele é recomendado desde RN até 13,600Kg. Possui 5 velocidades de balanço, timer de 15, 30 e 45 minutos e após inatividade por 60 minutos ele desliga automaticamente. O BerçoTechno é versátil, possui duas alturas reguláveis, o cesto pode ser removido, transformando-o em um Moisés. A lateral abaixa possibilitando que o berço seja acoplado à cama dos pais. A capota acompanha móbile de brinquedos em plush e mosquiteiro acoplado. A base possui rodinhas com trava de segurança e pés antiderrapantes.</div><div><br></div><div>Possui painel de controle Touch Screen, interação por controle remoto e bluetooth dando a opção de colocar uma playlist personalizada para o bebê. Possui 15 melodias.</div>','o a 2 anos',100.00,'14',NULL,NULL,NULL,NULL,NULL,'ativo','2024-06-28 17:24:03','2024-06-28 17:24:13','2024-06-28 17:24:13'),
(50,'Carrinho de Bebê Essential Eva - Maxi Cosi','carrinho-de-bebe-essential-eva-maxi-cosi-50',7,'Maxi-Cosi','<div>Suspensão nas 4 rodas. Fechamento prático, com apenas uma mão. Rodas com amortecedores, freio e giro 360° com trava de movimento nas rodas dianteiras. Capota com visor magnético, aba de sol rebatível e proteção UV50+. Aceito como bagagem de mão na maioria das companhias aéreas (*consulte a cia aérea antes de embarcar).<br></div>',NULL,100.00,'22',NULL,NULL,NULL,NULL,NULL,'ativo','2024-06-28 18:06:48','2024-07-19 18:35:22','2024-07-19 18:35:22'),
(51,'Berço Side By Side Bed Link Cinza','berco-side-by-side-bed-link-cinza-51',10,'Voyage','<p><span style=\"color: rgb(51, 51, 51); font-family: &quot;Amazon Ember&quot;, Arial, sans-serif; font-size: small;\">Co-bed com abertura lateral e tiras para acoplar à cama também pode ser usado com a lateral fechada, em qualquer lugar.</span></p><p><span style=\"color: rgb(51, 51, 51); font-family: &quot;Amazon Ember&quot;, Arial, sans-serif; font-size: small;\"> O Co-bed Link da Voyage possui colchonete macio e confortável, laterais com zíper para abertura fácil e tiras de segurança para se acoplar à cama, 7 posições de regulagem de altura e pés retráteis, com rodinhas e freio para deslocar o berço para outros lugares da casa com facilidade, quando estiver usando fechado. </span></p><p><span style=\"color: rgb(51, 51, 51); font-family: &quot;Amazon Ember&quot;, Arial, sans-serif; font-size: small;\">P</span><span style=\"color: rgb(51, 51, 51); font-family: &quot;Amazon Ember&quot;, Arial, sans-serif; font-size: small; background-color: var(--bs-card-bg); text-align: var(--bs-body-text-align);\">raticidade também na limpeza com a capa que poder ser removida para lavar.&nbsp;</span></p>','0 a 2 anos',1.00,'15',NULL,'<div>O Berço garante noites mais confortáveis para toda a família!</div><div><br></div><div>O design versátil permite que ele seja facilmente acoplado na cama dos adultos através de tiras que envolvem o colchão e mantém o berço fixo e seguro. </div><div><br></div><div>Além de promover a convivência de pais e filhos com mais segurança no conceito de cama compartilhada (co-beding), também traz maior facilidade para a amamentação noturna, melhora a qualidade do sono e possibilita tranquilizar rapidamente o bebê durante a noite.</div><div><br></div><div>É muito fácil de montar e desmontar, por isso, pode ser usado como um prático berço portátil em qualquer ambiente. </div><div><br></div><div>Oferece&nbsp; ajustes de altura e ajuste de inclinação antirrefluxo.</div><div><br></div><div> Ainda acompanha bolsa para transporte, mosquiteiro e colchonete macio.</div>',NULL,NULL,NULL,'ativo','2024-07-16 20:08:43','2024-07-19 18:35:17','2024-07-19 18:35:17'),
(56,'Carrinho de bebê Eva Maxi Cosi','carrinho-de-bebe-eva-maxi-cosi-56',7,'Maxi - Cosi','<div>O Carrinho Eva da Maxi Cosi é compacto e com fechamento automático rápido com apenas uma das mãos,&nbsp;<span style=\"background-color: var(--bs-card-bg); font-size: var(--bs-body-font-size); text-align: var(--bs-body-text-align);\">garantindo</span></div><div><span style=\"background-color: var(--bs-card-bg); font-size: var(--bs-body-font-size); text-align: var(--bs-body-text-align);\"> toda praticidade que a vida moderna e agitada exige.</span></div><div><br></div><div>Para os Pais que precisam de praticidade sem abrir mão do conforto do bebê.</div><div><br></div><div>O carrinho Eva foi desenvolvido para acompanhar o seu bebê perfeitamente em todas as fases, sendo também um excelente carrinho de passeio para as crianças maiores, para ser usado por longos anos já que suporta até 22kg.</div>','0 - 24 meses',35.00,'22kg',NULL,'<div>Principais Características do Carrinho Eva:</div><div><br></div><div>- Leve e com alça de ombro para carregar;</div><div>- Fechamento automático, com apenas 1 mão;</div><div>- Assento com múltiplas posições de inclinação;</div><div>- Capota com visor, aba de sol rebatível e proteção UV50+;</div><div>- Assento com inclinação total para uso desde recém nascido;</div><div>- Cesto porta objetos espaçoso com capacidade para 5kg extras;</div><div>- Amortecedores nas 4 rodas, freios, e rodas dianteiras com giro 360°;</div>',NULL,NULL,70,'ativo','2024-07-19 20:30:56','2024-09-16 10:44:21',NULL),
(60,'Berço e Chiqueirinho Portátil Sereno + Colchonete Extra','berco-e-chiqueirinho-portatil-sereno-colchonete-extra-60',10,'Infanti','<span style=\"color: rgb(69, 43, 122); font-family: Kanit, sans-serif;\">Berço portátil prático para levar onde quiser. Com 2 opções de altura, acompanha a criança antes e depois de conseguir sentar sozinha. Tem ainda mosquiteiro e trocador.</span><br style=\"border: 0px; margin: 0px; padding: 0px; outline: none; color: rgb(69, 43, 122); clear: right; font-family: Kanit, sans-serif;\"><br style=\"border: 0px; margin: 0px; padding: 0px; outline: none; color: rgb(69, 43, 122); clear: right; font-family: Kanit, sans-serif;\"><span style=\"color: rgb(69, 43, 122); font-family: Kanit, sans-serif;\">O berço portátil Sereno é perfeito para transportar e ser utilizado em qualquer lugar.</span><br style=\"border: 0px; margin: 0px; padding: 0px; outline: none; color: rgb(69, 43, 122); clear: right; font-family: Kanit, sans-serif;\"><br style=\"border: 0px; margin: 0px; padding: 0px; outline: none; color: rgb(69, 43, 122); clear: right; font-family: Kanit, sans-serif;\"><span style=\"color: rgb(69, 43, 122); font-family: Kanit, sans-serif;\">Possui duas opções de altura, que contemplam as diferentes fases da criança (quando consegue e quando não consegue sentar-se sozinha). Possui bolso porta-trecos, mosquiteiro arcado e trocador, sendo completo para atender as diferentes necessidades.</span><br style=\"border: 0px; margin: 0px; padding: 0px; outline: none; color: rgb(69, 43, 122); clear: right; font-family: Kanit, sans-serif;\"><br style=\"border: 0px; margin: 0px; padding: 0px; outline: none; color: rgb(69, 43, 122); clear: right; font-family: Kanit, sans-serif;\"><span style=\"color: rgb(69, 43, 122); font-family: Kanit, sans-serif;\">O colchão é confortável e possui zíper e trava que impedem que ele se movimente, sendo super seguro, dando tranquilidade aos pais.</span><br style=\"border: 0px; margin: 0px; padding: 0px; outline: none; color: rgb(69, 43, 122); clear: right; font-family: Kanit, sans-serif;\"><br style=\"border: 0px; margin: 0px; padding: 0px; outline: none; color: rgb(69, 43, 122); clear: right; font-family: Kanit, sans-serif;\"><span style=\"color: rgb(69, 43, 122); font-family: Kanit, sans-serif;\">Peso do Produto 10,9 Kg</span><br style=\"border: 0px; margin: 0px; padding: 0px; outline: none; color: rgb(69, 43, 122); clear: right; font-family: Kanit, sans-serif;\"><span style=\"color: rgb(69, 43, 122); font-family: Kanit, sans-serif;\">Dimensões Externa do Produto (A x L x P | cm) 76 x 70 x 100 cm</span>','36 meses',35.90,'10,9',NULL,NULL,NULL,NULL,NULL,'ativo','2024-07-22 14:23:58','2024-07-22 14:24:40','2024-07-22 14:24:40'),
(61,'Carrinho De Bebê Lucca','carrinho-de-bebe-lucca-61',7,'Infanti','<p><span style=\"color: rgb(102, 102, 102); font-family: &quot;Proxima Nova&quot;, -apple-system, Roboto, Arial, sans-serif; font-size: 20px; background-color: var(--bs-card-bg); text-align: var(--bs-body-text-align);\">O carrinho de passeio serve para bebês a partir dos 6 meses, quando as suas costas e pescoço já estão mais rígidos. </span></p><p><span style=\"color: rgb(102, 102, 102); font-family: &quot;Proxima Nova&quot;, -apple-system, Roboto, Arial, sans-serif; font-size: 20px; background-color: var(--bs-card-bg); text-align: var(--bs-body-text-align);\">Reclina-se horizontalmente, permitindo um descanso seguro e confortável.</span></p><p><span style=\"color: rgb(102, 102, 102); font-family: &quot;Proxima Nova&quot;, -apple-system, Roboto, Arial, sans-serif; font-size: 20px;\">Reclina-se facilmente em diferentes posições, permitindo que você acompanhe seu bebê nas diferentes etapas do dia a dia.</span>            \r\n        </p>','3 Anos',29.00,'15 kg',NULL,NULL,NULL,NULL,70,'ativo','2024-07-22 15:00:27','2024-07-24 12:42:12',NULL),
(62,'Cadeira de Auto Alfa Voyage','cadeira-de-auto-alfa-voyage-62',9,'Voyage','<p>Para crianças de 9kg até os 36kg, a cadeira Voyage Alfa é completa em todos os sentidos!</p><p> Para mantê-la bem acomodada, o equipamento vem com assento de elevação (booster), ajuste de altura do apoio de cabeça, para mudar de acordo com o crescimento do bebê, protetores de ombro, apoio para os braços, além de posições de inclinação.&nbsp; </p><p>Produto certificado pelo Inmetro!</p>','ate 9 anos',25.00,'36 Kg',NULL,'<p>Seja para pequenas ou longas viagens, garantir a segurança da criança no carro é essencial.</p><p> Com a Cadeira para Automóvel Voyage Alfa, você não só atende às exigências da lei de trânsito, como também proporciona o máximo conforto para seu pequeno!</p><p><strong>Segurança Completa:</strong> Totalmente em conformidade com as normas de trânsito.</p><p><strong>Conforto Premium:</strong> Design ergonômico para o bem-estar do bebê.</p><p><strong>Praticidade:</strong> Fácil instalação e ajuste para viagens tranquilas.</p>',NULL,NULL,72,'ativo','2024-07-22 15:10:13','2024-09-16 10:45:09',NULL),
(63,'Cadeira de auto Mundi  360 Infanti','cadeira-de-auto-mundi-360-infanti-63',9,'Infanti','<p><span style=\"color: rgb(64, 64, 64); font-family: Roboto, sans-serif; text-align: justify;\">&nbsp;A cadeira para Auto Infanti Mia 360 de 0 a 36kg é um super lançamento que une segurança e tecnologia em prol de um crescimento mais saudável para os pequenos. </span></p><p><span style=\"color: rgb(64, 64, 64); font-family: Roboto, sans-serif; text-align: justify;\">Possui giro 360 que facilita para colocar ou retirar a criança do carro, podendo ser feita livremente quando ela está instalada de costas ao movimento e, quando está de frente, tem um diferencial: uma fivela no Top Tether permite uma desconexão temporária para que o giro seja feito.</span></p><p><span style=\"color: rgb(64, 64, 64); font-family: Roboto, sans-serif; text-align: justify;\"> A instalação feita com o isofix evita erros e garante 100% de segurança, exibindo sinalização verde ou vermelha como orientação. Possui 5 posições de inclinação e ajuste de altura simultâneo do apoio de cabeça e cinto de segurança, este que possui 5 pontos e protetores acolchoados. </span></p><p><span style=\"color: rgb(64, 64, 64); font-family: Roboto, sans-serif; text-align: justify;\">Além disso, a Mia possui um alarme sonoro que avisa quando é necessário que algum ajuste seja feito: apita quando os cintos de segurança são abertos e quando a fivela top tether não está devidamente fixada, facilitando o manuseio dos pais e prezando pela máxima segurança dos pequenos.&nbsp;</span>            \r\n        </p>','Crianças até  a 150cm',29.00,'36kg',NULL,NULL,NULL,NULL,72,'inativo','2024-07-22 16:32:21','2024-09-12 16:02:39',NULL),
(64,'Booster Starfix Infanti Preto','booster-starfix-infanti-preto-64',9,'Infanti','<p><span style=\"color: rgb(87, 87, 87); font-family: Nunito, Arial, sans-serif, -apple-system, BlinkMacSystemFont, Helvetica, &quot;Apple Color Emoji&quot;; font-size: medium;\">Com o Booster Starfix Infanti, você tem a combinação perfeita de segurança, conforto e diversão. </span></p><p><span style=\"color: rgb(87, 87, 87); font-family: Nunito, Arial, sans-serif, -apple-system, BlinkMacSystemFont, Helvetica, &quot;Apple Color Emoji&quot;; font-size: medium;\">Muito mais moderno, possui detalhes diferenciados, tecido especial e mais espaço no assento, feito para acomodar super bem as crianças até os 10 anos de idade.</span><br style=\"border-width: 0px; border-style: solid; border-color: rgb(231, 231, 231); color: rgb(87, 87, 87); font-family: Nunito, Arial, sans-serif, -apple-system, BlinkMacSystemFont, Helvetica, &quot;Apple Color Emoji&quot;; font-size: medium;\"><br style=\"border-width: 0px; border-style: solid; border-color: rgb(231, 231, 231); color: rgb(87, 87, 87); font-family: Nunito, Arial, sans-serif, -apple-system, BlinkMacSystemFont, Helvetica, &quot;Apple Color Emoji&quot;; font-size: medium;\"><span style=\"color: rgb(87, 87, 87); font-family: Nunito, Arial, sans-serif, -apple-system, BlinkMacSystemFont, Helvetica, &quot;Apple Color Emoji&quot;; font-size: medium;\">A instalação pode ser feita apenas com os cintos do veículo ou em conjunto com os ganchos Isofix, possui apoio de braços elevado e guia de segurança para auxiliar no posicionamento correto dos cintos do carro, dando tranquilidade aos pais de que seus filhos estão confortáveis e seguros durante todo o passeio.</span>            \r\n        </p>','crianças até os 10 anos de idade.',19.00,'36 kg',NULL,'<p><span style=\"color: rgb(87, 87, 87); font-family: Nunito, Arial, sans-serif, -apple-system, BlinkMacSystemFont, Helvetica, &quot;Apple Color Emoji&quot;; font-size: medium;\">Por que escolher o Assento de elevação Starfix?</span></p><p><span style=\"color: rgb(87, 87, 87); font-family: Nunito, Arial, sans-serif, -apple-system, BlinkMacSystemFont, Helvetica, &quot;Apple Color Emoji&quot;; font-size: medium;\">- Tecidos premium: Agradam os pais além de aumentar o conforto;</span><br style=\"border-width: 0px; border-style: solid; border-color: rgb(231, 231, 231); color: rgb(87, 87, 87); font-family: Nunito, Arial, sans-serif, -apple-system, BlinkMacSystemFont, Helvetica, &quot;Apple Color Emoji&quot;; font-size: medium;\"><span style=\"color: rgb(87, 87, 87); font-family: Nunito, Arial, sans-serif, -apple-system, BlinkMacSystemFont, Helvetica, &quot;Apple Color Emoji&quot;; font-size: medium;\">- Fácil limpeza: A capa pode ser facilmente removida, lavada na máquina e tem secagem rápida;</span><br style=\"border-width: 0px; border-style: solid; border-color: rgb(231, 231, 231); color: rgb(87, 87, 87); font-family: Nunito, Arial, sans-serif, -apple-system, BlinkMacSystemFont, Helvetica, &quot;Apple Color Emoji&quot;; font-size: medium;\"><span style=\"color: rgb(87, 87, 87); font-family: Nunito, Arial, sans-serif, -apple-system, BlinkMacSystemFont, Helvetica, &quot;Apple Color Emoji&quot;; font-size: medium;\">- Espaçoso e confortável: Maior e mais robusto, deixa a criança bem acomodada, para uso até os 10 anos;</span><br style=\"border-width: 0px; border-style: solid; border-color: rgb(231, 231, 231); color: rgb(87, 87, 87); font-family: Nunito, Arial, sans-serif, -apple-system, BlinkMacSystemFont, Helvetica, &quot;Apple Color Emoji&quot;; font-size: medium;\"><span style=\"color: rgb(87, 87, 87); font-family: Nunito, Arial, sans-serif, -apple-system, BlinkMacSystemFont, Helvetica, &quot;Apple Color Emoji&quot;; font-size: medium;\">- Apoio de braços elevado: A criança fica muito mais à vontade com a altura dos apoios, trazendo conforto no passeio;</span><br style=\"border-width: 0px; border-style: solid; border-color: rgb(231, 231, 231); color: rgb(87, 87, 87); font-family: Nunito, Arial, sans-serif, -apple-system, BlinkMacSystemFont, Helvetica, &quot;Apple Color Emoji&quot;; font-size: medium;\"><span style=\"color: rgb(87, 87, 87); font-family: Nunito, Arial, sans-serif, -apple-system, BlinkMacSystemFont, Helvetica, &quot;Apple Color Emoji&quot;; font-size: medium;\">- Ganchos Isofix e cintos do veículo: A instalação pode ser feita somente com os cintos do veículo ou em conjunto com os ganchos Isofix;</span><br style=\"border-width: 0px; border-style: solid; border-color: rgb(231, 231, 231); color: rgb(87, 87, 87); font-family: Nunito, Arial, sans-serif, -apple-system, BlinkMacSystemFont, Helvetica, &quot;Apple Color Emoji&quot;; font-size: medium;\"><br></p>',NULL,NULL,72,'ativo','2024-07-22 16:43:29','2024-07-24 12:47:09',NULL),
(65,'Triciclo Patroller','triciclo-patroller-65',7,'Maxi - Cosi','<p><span style=\"color: rgb(102, 102, 102); font-family: &quot;Proxima Nova&quot;, -apple-system, Roboto, Arial, sans-serif; font-size: 20px;\">O Triciclo Patroller proporciona muita diversão e mobilidade para os pequenos aventureiros, aonde quer que desejem explorar. </span></p><p><span style=\"color: rgb(102, 102, 102); font-family: &quot;Proxima Nova&quot;, -apple-system, Roboto, Arial, sans-serif; font-size: 20px;\">Com 6 diferentes modos de uso, ele acompanha o crescimento e a independência da criança, tornando-se um produto versátil e durável.</span><br style=\"color: rgb(102, 102, 102); font-family: &quot;Proxima Nova&quot;, -apple-system, Roboto, Arial, sans-serif; font-size: 20px;\"><br style=\"color: rgb(102, 102, 102); font-family: &quot;Proxima Nova&quot;, -apple-system, Roboto, Arial, sans-serif; font-size: 20px;\"><span style=\"color: rgb(102, 102, 102); font-family: &quot;Proxima Nova&quot;, -apple-system, Roboto, Arial, sans-serif; font-size: 20px;\">Seu design moderno e sofisticado, com logo metalizado, tecido premium e bordados exclusivos, adicionam um toque especial aos momentos de passeio. Saiba mais sobre este modelo que faz parte da linha Luxe da Maxi-Cosi.</span><br style=\"color: rgb(102, 102, 102); font-family: &quot;Proxima Nova&quot;, -apple-system, Roboto, Arial, sans-serif; font-size: 20px;\">            \r\n        </p>','Para crianças acima dos 12 meses',35.00,'25 kg',NULL,'<div class=\"ui-pdp-container__row ui-pdp-container__row--description\" id=\"description\" style=\"display: flex; flex: 0 1 auto; flex-flow: wrap; border-top: 1px solid rgba(0, 0, 0, 0.1); padding-bottom: 40px; padding-top: 40px; font-family: &quot;Proxima Nova&quot;, -apple-system, Roboto, Arial, sans-serif;\"><div class=\"ui-pdp-collapsable ui-pdp-description-collapse\" style=\"width: 718px;\"><div class=\"ui-pdp-collapsable__container\"><div class=\"ui-pdp-description\" style=\"color: rgba(0, 0, 0, 0.9);\"><p class=\"ui-pdp-description__content\" style=\"margin-right: 0px; margin-bottom: 0px; margin-left: 0px; font-size: 20px; word-break: break-word; color: rgb(102, 102, 102);\">Por que escolher o Triciclo Patroller?<br>- Multiuso: O Triciclo Patroller acompanha o crescimento do seu filho, oferecendo 6 modos de uso que se ajustam às diferentes fases da infância.<br><br>- Acessórios luxuosos: Para os pais guardarem os pertences, o triciclo vem com uma bolsinha e uma mochilinha exclusivas.<br><br>- Máximo de segurança: Possui uma barra de abertura frontal, freios nas rodas traseiras, um guidão revestido com material emborrachado e um cinto de segurança de 5 pontos com protetores de ombros acolchoados.<br></p></div></div></div></div><div class=\"ui-vip-core-spot-middle\" style=\"font-family: &quot;Proxima Nova&quot;, -apple-system, Roboto, Arial, sans-serif;\"><section class=\"ui-recommendations-carousel-wrapper-ref\" style=\"width: 718px;\"><div class=\"ui-recommendations-carousel-snapped ui-pdp-with--separator-top ui-pdp-with--separator-top--full mb-40 ui-pdp-with--separator ui-pdp-with--separator--full recos-override__card-vertical\" style=\"width: 718px; margin-bottom: 40px; --max-card-height: 380.8000183105469px;\"><div class=\"ui-recommendations-carousel-snapped__header\" style=\"align-items: center; display: flex; justify-content: space-between; margin-bottom: 24px;\"><div class=\"ui-recommendations-carousel-snapped__header-titles\" style=\"align-items: baseline; display: flex; flex-wrap: wrap;\"></div></div></div></section></div>',NULL,NULL,75,'inativo','2024-07-22 16:52:27','2024-09-12 16:02:46',NULL),
(66,'Banheira Dobrável Oasis | Safety 1St','banheira-dobravel-oasis-safety-1st-66',8,'Safety 1st','<span style=\"color: rgb(102, 102, 102); font-family: &quot;Proxima Nova&quot;, -apple-system, Roboto, Arial, sans-serif; font-size: 20px;\">A Oasis é uma banheira que proporciona espaço para a criança brincar no banho mas que ocupa só um cantinho na hora de guardar. Como é facilmente dobrável, só leva alguns segundos para montar ou desmontar. Além disso, tem alça para carregar e ainda conta com válvula grande para escoar a água com facilidade após o banho. Com design clean, ela é leve e resistente e acompanha a criança desde os 06 meses até os 04 anos de idade, com conforto e segurança.</span>','Até 4 anos',10.00,'Capacidade em volume: 50 L',NULL,NULL,NULL,NULL,68,'ativo','2024-07-22 17:21:27','2024-07-30 13:25:50',NULL),
(67,'Cadeira de Alimentação Toast Infanti','cadeira-de-alimentacao-toast-infanti-67',12,'Infanti','<span style=\"color: rgb(102, 102, 102); font-family: &quot;Proxima Nova&quot;, -apple-system, Roboto, Arial, sans-serif; font-size: 20px;\">Cadeira Refeição Portátil e Ultracompacta - Toast</span><br style=\"color: rgb(102, 102, 102); font-family: &quot;Proxima Nova&quot;, -apple-system, Roboto, Arial, sans-serif; font-size: 20px;\"><span style=\"color: rgb(102, 102, 102); font-family: &quot;Proxima Nova&quot;, -apple-system, Roboto, Arial, sans-serif; font-size: 20px;\">Marca: Infanti</span><br style=\"color: rgb(102, 102, 102); font-family: &quot;Proxima Nova&quot;, -apple-system, Roboto, Arial, sans-serif; font-size: 20px;\"><br style=\"color: rgb(102, 102, 102); font-family: &quot;Proxima Nova&quot;, -apple-system, Roboto, Arial, sans-serif; font-size: 20px;\"><span style=\"color: rgb(102, 102, 102); font-family: &quot;Proxima Nova&quot;, -apple-system, Roboto, Arial, sans-serif; font-size: 20px;\">Portátil e ultracompacta, pode ser levada em viagens ou passeios e acoplada em cadeiras comuns de adulto. Regulagem de altura e capa protetora para maior conforto.</span><br style=\"color: rgb(102, 102, 102); font-family: &quot;Proxima Nova&quot;, -apple-system, Roboto, Arial, sans-serif; font-size: 20px;\"><br style=\"color: rgb(102, 102, 102); font-family: &quot;Proxima Nova&quot;, -apple-system, Roboto, Arial, sans-serif; font-size: 20px;\"><span style=\"color: rgb(102, 102, 102); font-family: &quot;Proxima Nova&quot;, -apple-system, Roboto, Arial, sans-serif; font-size: 20px;\">A cadeira de refeição portátil Toast da Infanti acompanha as refeições do bebê com muito mais praticidade para os pais, mesmo em ambientes menores, onde o melhor aproveitamento do espaço se faz necessário, para que o bebê tenha sempre o local exclusivo para a sua alimentação, sempre à mão, perfeitamente higienizado, em casa, restaurantes ou hotéis ou aonde for.</span><br style=\"color: rgb(102, 102, 102); font-family: &quot;Proxima Nova&quot;, -apple-system, Roboto, Arial, sans-serif; font-size: 20px;\"><br style=\"color: rgb(102, 102, 102); font-family: &quot;Proxima Nova&quot;, -apple-system, Roboto, Arial, sans-serif; font-size: 20px;\"><span style=\"color: rgb(102, 102, 102); font-family: &quot;Proxima Nova&quot;, -apple-system, Roboto, Arial, sans-serif; font-size: 20px;\">Adapta-se facilmente as cadeiras comuns de adulto, com tiras de fixação para maior segurança, ajustável em 3 posições de altura, cintos de segurança para o bebê, bandeja removível e fechamento muito fácil e ultracompacto com alça para transporte. Capa protetora do assento, acolchoada para maior conforto, impermeável, facilmente removível e lavável.</span><br style=\"color: rgb(102, 102, 102); font-family: &quot;Proxima Nova&quot;, -apple-system, Roboto, Arial, sans-serif; font-size: 20px;\"><br style=\"color: rgb(102, 102, 102); font-family: &quot;Proxima Nova&quot;, -apple-system, Roboto, Arial, sans-serif; font-size: 20px;\"><span style=\"color: rgb(102, 102, 102); font-family: &quot;Proxima Nova&quot;, -apple-system, Roboto, Arial, sans-serif; font-size: 20px;\">Em cores lindas que vão combinar com qualquer ambiente!</span>','6-12 meses',10.00,'15 kg',NULL,'<span style=\"color: rgb(102, 102, 102); font-family: &quot;Proxima Nova&quot;, -apple-system, Roboto, Arial, sans-serif; font-size: 20px;\">CARACTERÍSTICAS</span><br style=\"color: rgb(102, 102, 102); font-family: &quot;Proxima Nova&quot;, -apple-system, Roboto, Arial, sans-serif; font-size: 20px;\"><br style=\"color: rgb(102, 102, 102); font-family: &quot;Proxima Nova&quot;, -apple-system, Roboto, Arial, sans-serif; font-size: 20px;\"><span style=\"color: rgb(102, 102, 102); font-family: &quot;Proxima Nova&quot;, -apple-system, Roboto, Arial, sans-serif; font-size: 20px;\">• Ultracompacta: fechamento fácil para armazenar e guardar em qualquer cantinho;</span><br style=\"color: rgb(102, 102, 102); font-family: &quot;Proxima Nova&quot;, -apple-system, Roboto, Arial, sans-serif; font-size: 20px;\"><span style=\"color: rgb(102, 102, 102); font-family: &quot;Proxima Nova&quot;, -apple-system, Roboto, Arial, sans-serif; font-size: 20px;\">• Capa protetora acolchoada, impermeável e lavável: os cintos e a capa impermeável são removíveis e laváveis à mão.</span><br style=\"color: rgb(102, 102, 102); font-family: &quot;Proxima Nova&quot;, -apple-system, Roboto, Arial, sans-serif; font-size: 20px;\"><span style=\"color: rgb(102, 102, 102); font-family: &quot;Proxima Nova&quot;, -apple-system, Roboto, Arial, sans-serif; font-size: 20px;\">• Bandeja removível: para ajudar na limpeza pós refeições</span><br style=\"color: rgb(102, 102, 102); font-family: &quot;Proxima Nova&quot;, -apple-system, Roboto, Arial, sans-serif; font-size: 20px;\"><span style=\"color: rgb(102, 102, 102); font-family: &quot;Proxima Nova&quot;, -apple-system, Roboto, Arial, sans-serif; font-size: 20px;\">• Alça para carregar: Prática para carregar nos passeios, pesa somente 2,5kg.</span>',NULL,NULL,69,'ativo','2024-07-22 18:17:34','2024-07-24 12:51:11',NULL),
(68,'Berço Side by Side Voyage','berco-side-by-side-voyage-68',10,'Safety 1st','<p><span style=\"color: rgb(102, 102, 102); font-family: &quot;Proxima Nova&quot;, -apple-system, Roboto, Arial, sans-serif; font-size: 20px;\">O Berço Co-Bed Side by Side da Safety 1st é a solução perfeita para melhorar a qualidade do sono dos pais e do bebê. </span></p><p><span style=\"color: rgb(102, 102, 102); font-family: &quot;Proxima Nova&quot;, -apple-system, Roboto, Arial, sans-serif; font-size: 20px;\">Este berço acoplável à cama dos pais proporciona praticidade e conforto, permitindo que o bebê fique próximo para facilitar a amamentação e tranquilizá-lo rapidamente durante a noite.</span><br style=\"color: rgb(102, 102, 102); font-family: &quot;Proxima Nova&quot;, -apple-system, Roboto, Arial, sans-serif; font-size: 20px;\"><br style=\"color: rgb(102, 102, 102); font-family: &quot;Proxima Nova&quot;, -apple-system, Roboto, Arial, sans-serif; font-size: 20px;\"><span style=\"color: rgb(102, 102, 102); font-family: &quot;Proxima Nova&quot;, -apple-system, Roboto, Arial, sans-serif; font-size: 20px;\">Com 6 posições de altura e ajuste de inclinação anti-refluxo, você pode personalizar o produto para atender às necessidades do seu neném. </span></p><p><span style=\"color: rgb(102, 102, 102); font-family: &quot;Proxima Nova&quot;, -apple-system, Roboto, Arial, sans-serif; font-size: 20px;\">As tiras de segurança envolvem a cama dos pais com segurança, e os pés de alumínio retráteis e anti-derrapantes garantem um ajuste perfeito sem espaços entre o berço e a cama dos papais. </span></p><p><span style=\"color: rgb(102, 102, 102); font-family: &quot;Proxima Nova&quot;, -apple-system, Roboto, Arial, sans-serif; font-size: 20px;\">Além disso, possui laterais com tela retrátil, colchonete macio com capa removível e lavável, e bolsa de transporte para maior praticidade!</span><br></p>','0-24 meses',29.00,'9 kg',NULL,NULL,NULL,NULL,66,'ativo','2024-07-22 18:38:25','2024-07-24 12:52:14',NULL),
(69,'Berço Mini Play Safety First com colchonete','berco-mini-play-safety-first-com-colchonete-69',10,'Safety 1st','<span style=\"color: rgb(102, 102, 102); font-family: &quot;Proxima Nova&quot;, -apple-system, Roboto, Arial, sans-serif; font-size: 20px;\">O Berço Safety 1st Mini Play foi especialmente desenvolvido para que seu bebê tenha maior conforto e praticidade, tanto na hora do soninho quanto na hora de brincar. Possui design compacto para ser usado em qualquer lugar. Conta com duas alturas com zíper, que torna mais segura a distância entre a parede do berço e o colchonete.</span><br style=\"color: rgb(102, 102, 102); font-family: &quot;Proxima Nova&quot;, -apple-system, Roboto, Arial, sans-serif; font-size: 20px;\"><br style=\"color: rgb(102, 102, 102); font-family: &quot;Proxima Nova&quot;, -apple-system, Roboto, Arial, sans-serif; font-size: 20px;\"><span style=\"color: rgb(102, 102, 102); font-family: &quot;Proxima Nova&quot;, -apple-system, Roboto, Arial, sans-serif; font-size: 20px;\">Leve, compacto e confortável para o bebê com rodas para movimentação, laterais com tela arejada, bolsa de transporte com alça e mosquiteiro. Possui também colchonete macio e impermeável com 2 posições de altura preso com zíper conforme os padrões de segurança mais modernos, que elimina espaços indesejados, evita acidentes e protege o bebê.</span><br style=\"color: rgb(102, 102, 102); font-family: &quot;Proxima Nova&quot;, -apple-system, Roboto, Arial, sans-serif; font-size: 20px;\">','Ate 2 anos',24.00,'15Kgs',NULL,'<p><span style=\"color: rgb(102, 102, 102); font-family: &quot;Proxima Nova&quot;, -apple-system, Roboto, Arial, sans-serif; font-size: 20px;\">Principais Características:</span></p><p><span style=\"color: rgb(102, 102, 102); font-family: &quot;Proxima Nova&quot;, -apple-system, Roboto, Arial, sans-serif; font-size: 20px;\"><br></span><br style=\"color: rgb(102, 102, 102); font-family: &quot;Proxima Nova&quot;, -apple-system, Roboto, Arial, sans-serif; font-size: 20px;\"><span style=\"color: rgb(102, 102, 102); font-family: &quot;Proxima Nova&quot;, -apple-system, Roboto, Arial, sans-serif; font-size: 20px;\">- A Partir do Nascimento até 15 kg</span><br style=\"color: rgb(102, 102, 102); font-family: &quot;Proxima Nova&quot;, -apple-system, Roboto, Arial, sans-serif; font-size: 20px;\"><span style=\"color: rgb(102, 102, 102); font-family: &quot;Proxima Nova&quot;, -apple-system, Roboto, Arial, sans-serif; font-size: 20px;\">- 2 alturas para diversas fases da criança</span><br style=\"color: rgb(102, 102, 102); font-family: &quot;Proxima Nova&quot;, -apple-system, Roboto, Arial, sans-serif; font-size: 20px;\"><span style=\"color: rgb(102, 102, 102); font-family: &quot;Proxima Nova&quot;, -apple-system, Roboto, Arial, sans-serif; font-size: 20px;\">- Inclui mosquiteiro fácil de instalar</span><br style=\"color: rgb(102, 102, 102); font-family: &quot;Proxima Nova&quot;, -apple-system, Roboto, Arial, sans-serif; font-size: 20px;\"><span style=\"color: rgb(102, 102, 102); font-family: &quot;Proxima Nova&quot;, -apple-system, Roboto, Arial, sans-serif; font-size: 20px;\">- Funções berço e cercado</span><br style=\"color: rgb(102, 102, 102); font-family: &quot;Proxima Nova&quot;, -apple-system, Roboto, Arial, sans-serif; font-size: 20px;\"><span style=\"color: rgb(102, 102, 102); font-family: &quot;Proxima Nova&quot;, -apple-system, Roboto, Arial, sans-serif; font-size: 20px;\">- Colchonete macio, impermeável e limpável</span><br style=\"color: rgb(102, 102, 102); font-family: &quot;Proxima Nova&quot;, -apple-system, Roboto, Arial, sans-serif; font-size: 20px;\"><span style=\"color: rgb(102, 102, 102); font-family: &quot;Proxima Nova&quot;, -apple-system, Roboto, Arial, sans-serif; font-size: 20px;\">- Fixação lateral com zíper mais segura</span><br style=\"color: rgb(102, 102, 102); font-family: &quot;Proxima Nova&quot;, -apple-system, Roboto, Arial, sans-serif; font-size: 20px;\"><span style=\"color: rgb(102, 102, 102); font-family: &quot;Proxima Nova&quot;, -apple-system, Roboto, Arial, sans-serif; font-size: 20px;\">- 2 Rodas para movimentação com freio</span><br style=\"color: rgb(102, 102, 102); font-family: &quot;Proxima Nova&quot;, -apple-system, Roboto, Arial, sans-serif; font-size: 20px;\"><span style=\"color: rgb(102, 102, 102); font-family: &quot;Proxima Nova&quot;, -apple-system, Roboto, Arial, sans-serif; font-size: 20px;\">- Bolso porta-objeto lateral</span><br style=\"color: rgb(102, 102, 102); font-family: &quot;Proxima Nova&quot;, -apple-system, Roboto, Arial, sans-serif; font-size: 20px;\"><span style=\"color: rgb(102, 102, 102); font-family: &quot;Proxima Nova&quot;, -apple-system, Roboto, Arial, sans-serif; font-size: 20px;\">- Estrutura leve e resistente</span><br style=\"color: rgb(102, 102, 102); font-family: &quot;Proxima Nova&quot;, -apple-system, Roboto, Arial, sans-serif; font-size: 20px;\"><span style=\"color: rgb(102, 102, 102); font-family: &quot;Proxima Nova&quot;, -apple-system, Roboto, Arial, sans-serif; font-size: 20px;\">- Fácil de montar, desmontar e transportar</span><br style=\"color: rgb(102, 102, 102); font-family: &quot;Proxima Nova&quot;, -apple-system, Roboto, Arial, sans-serif; font-size: 20px;\"><span style=\"color: rgb(102, 102, 102); font-family: &quot;Proxima Nova&quot;, -apple-system, Roboto, Arial, sans-serif; font-size: 20px;\">- Bolsa para transporte</span><br style=\"color: rgb(102, 102, 102); font-family: &quot;Proxima Nova&quot;, -apple-system, Roboto, Arial, sans-serif; font-size: 20px;\"><span style=\"color: rgb(102, 102, 102); font-family: &quot;Proxima Nova&quot;, -apple-system, Roboto, Arial, sans-serif; font-size: 20px;\">- Laterais com tela arejadas</span>            \r\n        </p>',NULL,NULL,66,'ativo','2024-07-22 18:45:20','2024-09-12 16:03:51',NULL),
(70,'Kit Acoplador Universal para Carrinho de Passeio','kit-acoplador-universal-para-carrinho-de-passeio-70',15,NULL,'<p><span style=\"color: rgb(55, 65, 81); font-family: ui-sans-serif, system-ui, -apple-system, BlinkMacSystemFont, &quot;Segoe UI&quot;, Roboto, &quot;Helvetica Neue&quot;, Arial, &quot;Noto Sans&quot;, sans-serif, &quot;Apple Color Emoji&quot;, &quot;Segoe UI Emoji&quot;, &quot;Segoe UI Symbol&quot;, &quot;Noto Color Emoji&quot;; white-space-collapse: preserve-breaks;\">Com este acessório, é possível juntar dois carrinhos de bebê e transformá-los em 1. </span></p><p><span style=\"color: rgb(55, 65, 81); font-family: ui-sans-serif, system-ui, -apple-system, BlinkMacSystemFont, &quot;Segoe UI&quot;, Roboto, &quot;Helvetica Neue&quot;, Arial, &quot;Noto Sans&quot;, sans-serif, &quot;Apple Color Emoji&quot;, &quot;Segoe UI Emoji&quot;, &quot;Segoe UI Symbol&quot;, &quot;Noto Color Emoji&quot;; white-space-collapse: preserve-breaks;\">Uma excelente dica para pais de gêmeos que querem sair para passear de modo prático e fácil.</span></p><p><span style=\"color: rgb(55, 65, 81); font-family: ui-sans-serif, system-ui, -apple-system, BlinkMacSystemFont, &quot;Segoe UI&quot;, Roboto, &quot;Helvetica Neue&quot;, Arial, &quot;Noto Sans&quot;, sans-serif, &quot;Apple Color Emoji&quot;, &quot;Segoe UI Emoji&quot;, &quot;Segoe UI Symbol&quot;, &quot;Noto Color Emoji&quot;; white-space-collapse: preserve-breaks;\"> É de fácil colocação no carrinho e de fácil remoção também, apenas posicionar do modo correto e girar.</span></p><p><span style=\"color: rgb(55, 65, 81); font-family: ui-sans-serif, system-ui, -apple-system, BlinkMacSystemFont, &quot;Segoe UI&quot;, Roboto, &quot;Helvetica Neue&quot;, Arial, &quot;Noto Sans&quot;, sans-serif, &quot;Apple Color Emoji&quot;, &quot;Segoe UI Emoji&quot;, &quot;Segoe UI Symbol&quot;, &quot;Noto Color Emoji&quot;; white-space-collapse: preserve-breaks;\">\r\nEste modelo se adapta perfeitamente á diversos modelos de carrinhos de bebê.</span>            \r\n        </p>',NULL,5.00,NULL,NULL,NULL,NULL,NULL,56,'ativo','2024-07-22 19:06:01','2024-09-18 12:41:39',NULL),
(71,'Kit presilha para carrinho gêmeos','kit-presilha-para-carrinho-gemeos-71',NULL,'Internet','<span style=\"color: rgb(55, 65, 81); font-family: ui-sans-serif, system-ui, -apple-system, BlinkMacSystemFont, &quot;Segoe UI&quot;, Roboto, &quot;Helvetica Neue&quot;, Arial, &quot;Noto Sans&quot;, sans-serif, &quot;Apple Color Emoji&quot;, &quot;Segoe UI Emoji&quot;, &quot;Segoe UI Symbol&quot;, &quot;Noto Color Emoji&quot;; white-space-collapse: preserve-breaks;\">Com este acessório, é possível juntar dois carrinhos de bebê e transformá-los em 1. Uma excelente dica para pais de gêmeos que querem sair para passear de modo prático e fácil. É de fácil colocação no carrinho e de fácil remoção também, apenas posicionar do modo correto e girar.\r\nEste modelo se adapta perfeitamente á diversos modelos de carrinhos de bebê.</span>',NULL,5.00,NULL,NULL,NULL,NULL,NULL,61,'ativo','2024-07-22 19:07:08','2024-07-23 19:13:48','2024-07-23 19:13:48'),
(72,'Protetor Solar Retrátil Black','protetor-solar-retratil-black-72',15,'Safety 1st','<p><span style=\"color: rgb(102, 102, 102); font-family: &quot;Proxima Nova&quot;, -apple-system, Roboto, Arial, sans-serif; font-size: 20px;\">Dias quentes e ensolarados são um convite para passeios, mas ao transportar as crianças no carro, precisamos ter toda atenção e cuidado com todos os detalhes. </span></p><p><span style=\"color: rgb(102, 102, 102); font-family: &quot;Proxima Nova&quot;, -apple-system, Roboto, Arial, sans-serif; font-size: 20px;\">Para isso o Protetor Solar Retrátil da Safety 1st é um acessório indispensável. </span></p><p><span style=\"color: rgb(102, 102, 102); font-family: &quot;Proxima Nova&quot;, -apple-system, Roboto, Arial, sans-serif; font-size: 20px;\">Fácil de instalar, basta pressionar as ventosas no vidro e com seu botão para retração rápida, recolha quando quiser, sem precisar desinstalar o produto.</span></p><p><span style=\"color: rgb(102, 102, 102); font-family: &quot;Proxima Nova&quot;, -apple-system, Roboto, Arial, sans-serif; font-size: 20px;\"><br></span><br style=\"color: rgb(102, 102, 102); font-family: &quot;Proxima Nova&quot;, -apple-system, Roboto, Arial, sans-serif; font-size: 20px;\"><span style=\"color: rgb(102, 102, 102); font-family: &quot;Proxima Nova&quot;, -apple-system, Roboto, Arial, sans-serif; font-size: 20px;\">Para proteção da incidência direta dos raios solares ou mesmo para reduzir o excesso de luminosidade durante aquela agradável soneca, o Protetor Solar Retrátil Safety 1st estará sempre à mão.</span><br style=\"color: rgb(102, 102, 102); font-family: &quot;Proxima Nova&quot;, -apple-system, Roboto, Arial, sans-serif; font-size: 20px;\"></p>',NULL,5.00,NULL,NULL,NULL,NULL,NULL,63,'inativo','2024-07-22 19:52:47','2024-09-12 16:02:55',NULL),
(73,'Mosquiteiro SafeNap Safety 1st - White','mosquiteiro-safenap-safety-1st-white-73',15,'Internet','<span style=\"color: rgb(102, 102, 102); font-family: &quot;Proxima Nova&quot;, -apple-system, Roboto, Arial, sans-serif; font-size: 20px;\">Este mosquiteiro é compatível com a maioria dos carrinhos e berços, tornando-o um item essencial para o conforto e segurança do seu pequeno.</span>',NULL,5.00,NULL,NULL,'<p>Imagem meramente ilustrativa.</p><p> Produtos podem variar conforme a região e disponibilidade.            \r\n        </p>',NULL,NULL,69,'ativo','2024-07-22 20:04:05','2024-07-24 13:03:45','2024-07-24 13:03:45'),
(74,'Plataforma Universal para Carrinho de Passeio','plataforma-universal-para-carrinho-de-passeio-74',15,NULL,'<span style=\"color: rgb(55, 65, 81); font-family: ui-sans-serif, system-ui, -apple-system, BlinkMacSystemFont, &quot;Segoe UI&quot;, Roboto, &quot;Helvetica Neue&quot;, Arial, &quot;Noto Sans&quot;, sans-serif, &quot;Apple Color Emoji&quot;, &quot;Segoe UI Emoji&quot;, &quot;Segoe UI Symbol&quot;, &quot;Noto Color Emoji&quot;; white-space-collapse: preserve-breaks;\">ssa é uma plataforma de passeio mais avançada pode acomodar com segurança crianças com até 22kg! Pode se adaptar ao crescimento de crianças pequenas e pode ser instalado no frontal ou traseira do carrinho de bebê.\r\n\r\nAs duas bielas podem ser selecionadas para reduzir ou expandir a distância de acordo com diferentes larguras de carrinho, chegando á distância máxima de 33cm, garantindo uma conexão estável.\r\n\r\nCom metodo 2 em 1 adota métodos de conexão avançados, que podem ser usados de forma flexível com diferentes modelos de carrinhos de bebê.\r\n\r\nO assento é destacável e pode ser facilmente fechado e aberto, para que as crianças possam escolher a posição sentada ou em pé.</span>',NULL,19.00,NULL,NULL,NULL,NULL,NULL,61,'ativo','2024-07-22 20:30:14','2024-09-18 12:42:20',NULL),
(75,'Carrinho Camping','carrinho-camping-75',7,'Internet','<span style=\"color: rgba(0, 0, 0, 0.8); font-family: Roboto, &quot;Helvetica Neue&quot;, Helvetica, Arial, 文泉驛正黑, &quot;WenQuanYi Zen Hei&quot;, &quot;Hiragino Sans GB&quot;, &quot;儷黑 Pro&quot;, &quot;LiHei Pro&quot;, &quot;Heiti TC&quot;, 微軟正黑體, &quot;Microsoft JhengHei UI&quot;, &quot;Microsoft JhengHei&quot;, sans-serif; font-size: 14px; white-space-collapse: preserve;\">É um modelo indispensável para as suas aventuras, seja ela no camping, praia ou mesmo em sua casa!</span>',NULL,35.00,NULL,NULL,'<span style=\"color: rgba(0, 0, 0, 0.8); font-family: Roboto, &quot;Helvetica Neue&quot;, Helvetica, Arial, 文泉驛正黑, &quot;WenQuanYi Zen Hei&quot;, &quot;Hiragino Sans GB&quot;, &quot;儷黑 Pro&quot;, &quot;LiHei Pro&quot;, &quot;Heiti TC&quot;, 微軟正黑體, &quot;Microsoft JhengHei UI&quot;, &quot;Microsoft JhengHei&quot;, sans-serif; font-size: 14px; white-space-collapse: preserve;\">Prático e fácil de usar, possui bolsa em lona removível e conta com estrutura dobrável que facilita o armazenamento, ocupando pouco espaço.\r\n&nbsp;\r\nCarrinho dobrável com bolsa de transporte\r\n• Estrutura sólida e resistente\r\n• Amplo espaço para carregar seus equipamentos\r\n&nbsp;\r\nConheça o novo carrinho dobrável !</span>',NULL,NULL,65,'inativo','2024-07-23 18:14:11','2024-09-13 14:23:59',NULL),
(76,'Mosquiteiro SafeNap Safety 1st - White','mosquiteiro-safenap-safety-1st-white-76',15,'Safety 1st','<span style=\"color: rgb(64, 64, 64); font-family: Roboto, sans-serif; text-align: justify;\">Com arcos para elevação, é muito mais prático para encaixar. Protege o sono e as brincadeiras do bebê e dá tranquilidade aos pais. Compatível com a maioria dos berços portáteis do mercado.</span><br style=\"margin: 0px; padding: 0px; outline: 0px; color: rgb(64, 64, 64); font-family: Roboto, sans-serif; text-align: justify;\"><br style=\"margin: 0px; padding: 0px; outline: 0px; color: rgb(64, 64, 64); font-family: Roboto, sans-serif; text-align: justify;\"><span style=\"color: rgb(64, 64, 64); font-family: Roboto, sans-serif; text-align: justify;\">A hora do soninho ou mesmo das brincadeiras no berço portátil merecem cuidados especiais e toda atenção necessária principalmente com os indesejáveis insetos. Assim, o mosquiteiro avulso SafeNap da Safety1st é um acessório essencial no dia a dia dos pais.</span><br style=\"margin: 0px; padding: 0px; outline: 0px; color: rgb(64, 64, 64); font-family: Roboto, sans-serif; text-align: justify;\"><br style=\"margin: 0px; padding: 0px; outline: 0px; color: rgb(64, 64, 64); font-family: Roboto, sans-serif; text-align: justify;\"><span style=\"color: rgb(64, 64, 64); font-family: Roboto, sans-serif; text-align: justify;\">Os bebês ficam muito mais protegidos e a abertura parcial sem remover permite atender as necessidades do seu filho muito mais rapidamente. Os arcos proporcionam um ambiente arejado e seguro e é fácil de instalar com os ganchos de encaixe rápido nas laterais. Lavável à mão.</span><br style=\"margin: 0px; padding: 0px; outline: 0px; color: rgb(64, 64, 64); font-family: Roboto, sans-serif; text-align: justify;\"><br style=\"margin: 0px; padding: 0px; outline: 0px; color: rgb(64, 64, 64); font-family: Roboto, sans-serif; text-align: justify;\"><span style=\"color: rgb(64, 64, 64); font-family: Roboto, sans-serif; text-align: justify;\">Compatível com a maioria dos berços portáteis do mercado com medidas entre: Largura: 70 cm e 85 cm Comprimento: entre 100 cm e 110 cm.</span>',NULL,5.00,NULL,NULL,NULL,NULL,NULL,69,'inativo','2024-07-23 18:33:28','2024-09-12 16:04:17',NULL);

/*Table structure for table `produtos_caracteristicas` */

DROP TABLE IF EXISTS `produtos_caracteristicas`;

CREATE TABLE `produtos_caracteristicas` (
  `id` bigint(20) unsigned NOT NULL AUTO_INCREMENT,
  `id_produto` int(11) DEFAULT NULL,
  `titulo` varchar(255) DEFAULT NULL,
  `descricao` longtext DEFAULT NULL,
  `status` enum('ativo','inativo') DEFAULT NULL,
  `created_at` timestamp NULL DEFAULT NULL,
  `updated_at` timestamp NULL DEFAULT NULL,
  PRIMARY KEY (`id`)
) ENGINE=InnoDB AUTO_INCREMENT=717 DEFAULT CHARSET=utf8mb4 COLLATE=utf8mb4_unicode_ci;

/*Data for the table `produtos_caracteristicas` */

insert  into `produtos_caracteristicas`(`id`,`id_produto`,`titulo`,`descricao`,`status`,`created_at`,`updated_at`) values 
(143,16,'Material:','Silicone, Plástico','ativo','2024-06-26 17:31:14','2024-06-26 17:31:14'),
(144,16,'Dimensões','79 x 45 x 23,5 cm','ativo','2024-06-26 17:31:14','2024-06-26 17:31:14'),
(145,17,'Material:','Silicone, Plástico','ativo','2024-06-26 17:31:15','2024-06-26 17:31:15'),
(146,17,'Dimensões','79 x 45 x 23,5 cm','ativo','2024-06-26 17:31:15','2024-06-26 17:31:15'),
(147,18,'Material:','Silicone, Plástico','ativo','2024-06-26 17:32:18','2024-06-26 17:32:18'),
(148,18,'Dimensões','79 x 45 x 23,5 cm','ativo','2024-06-26 17:32:18','2024-06-26 17:32:18'),
(149,19,'Suporte:','removível que suporta até 10kg','ativo','2024-06-26 17:56:39','2024-06-26 17:56:39'),
(150,19,'Dimensão:','20 x 46,5 x 81,5','ativo','2024-06-26 17:56:39','2024-06-26 17:56:39'),
(151,19,'Peso:','2,6kg','ativo','2024-06-26 17:56:39','2024-06-26 17:56:39'),
(152,19,'Composição','PP (polipropileno) e TPE (borracha termoplástica)','ativo','2024-06-26 17:56:39','2024-06-26 17:56:39'),
(153,15,'Material:','Silicone, Plástico','ativo','2024-06-26 18:01:39','2024-06-26 18:01:39'),
(154,15,'Dimensões','79 x 45 x 23,5 cm','ativo','2024-06-26 18:01:39','2024-06-26 18:01:39'),
(173,21,'Material:','estrutura em alumínio. peças plásticas em polipropileno.','ativo','2024-06-26 18:36:09','2024-06-26 18:36:09'),
(175,23,'Modelo:','OEM','ativo','2024-06-26 18:43:29','2024-06-26 18:43:29'),
(176,23,'Material:','ABS','ativo','2024-06-26 18:43:29','2024-06-26 18:43:29'),
(213,27,'Dimensões aberto:','86 cm X 44 cm X 105 cm','ativo','2024-06-26 19:16:42','2024-06-26 19:16:42'),
(214,27,'Dimensões fechado','51 cm X 44 cm X 25 cm','ativo','2024-06-26 19:16:42','2024-06-26 19:16:42'),
(215,27,'Cor:','Preto','ativo','2024-06-26 19:16:42','2024-06-26 19:16:42'),
(216,27,'Tipo de sistema de segurança:','3 pontos','ativo','2024-06-26 19:16:42','2024-06-26 19:16:42'),
(217,27,'Cor do chassi:','Cinza','ativo','2024-06-26 19:16:42','2024-06-26 19:16:42'),
(234,24,'É reclinável:','Sim','ativo','2024-06-26 19:19:03','2024-06-26 19:19:03'),
(235,24,'Inclui travel system:','Sim','ativo','2024-06-26 19:19:03','2024-06-26 19:19:03'),
(236,24,'É 3 em 1:','Sim','ativo','2024-06-26 19:19:03','2024-06-26 19:19:03'),
(237,24,'Dimensão aberto:','106 cm X 49 cm X 86 cm','ativo','2024-06-26 19:19:03','2024-06-26 19:19:03'),
(238,24,'Dimensão fechado:','49 cm X 55 cm X 25 cm','ativo','2024-06-26 19:19:03','2024-06-26 19:19:03'),
(239,24,'Peso:','7.85 kg','ativo','2024-06-26 19:19:03','2024-06-26 19:19:03'),
(240,24,'Acessórios incluídos:','Almofadas, Cesto, Mosquiteiro','ativo','2024-06-26 19:19:03','2024-06-26 19:19:03'),
(241,24,'Com sistema de suspensão:','Sim','ativo','2024-06-26 19:19:03','2024-06-26 19:19:03'),
(242,24,'Com freios:','Sim','ativo','2024-06-26 19:19:03','2024-06-26 19:19:03'),
(243,24,'É dobrável com uma mão:','Sim','ativo','2024-06-26 19:19:03','2024-06-26 19:19:03'),
(244,24,'Com capota retrátil:','Sim','ativo','2024-06-26 19:19:03','2024-06-26 19:19:03'),
(245,24,'Com apoio de pés ajustável:','Sim','ativo','2024-06-26 19:19:03','2024-06-26 19:19:03'),
(246,24,'Com FPU:','Sim','ativo','2024-06-26 19:19:03','2024-06-26 19:19:03'),
(247,24,'Com base para carro:','Sim','ativo','2024-06-26 19:19:03','2024-06-26 19:19:03'),
(248,24,'Cor:','Essential graphite','ativo','2024-06-26 19:19:03','2024-06-26 19:19:03'),
(249,24,'Cor do chassi:','Preto','ativo','2024-06-26 19:19:03','2024-06-26 19:19:03'),
(250,25,'É reclinável:','Sim','ativo','2024-06-26 19:19:26','2024-06-26 19:19:26'),
(251,25,'Inclui travel system:','Sim','ativo','2024-06-26 19:19:26','2024-06-26 19:19:26'),
(252,25,'É 3 em 1:','Sim','ativo','2024-06-26 19:19:26','2024-06-26 19:19:26'),
(253,25,'Dimensão aberto:','106 cm X 49 cm X 86 cm','ativo','2024-06-26 19:19:26','2024-06-26 19:19:26'),
(254,25,'Dimensão fechado:','49 cm X 55 cm X 25 cm','ativo','2024-06-26 19:19:26','2024-06-26 19:19:26'),
(255,25,'Peso:','7.85 kg','ativo','2024-06-26 19:19:26','2024-06-26 19:19:26'),
(256,25,'Acessórios incluídos:','Almofadas, Cesto, Mosquiteiro','ativo','2024-06-26 19:19:26','2024-06-26 19:19:26'),
(257,25,'Com sistema de suspensão:','Sim','ativo','2024-06-26 19:19:26','2024-06-26 19:19:26'),
(258,25,'Com freios:','Sim','ativo','2024-06-26 19:19:26','2024-06-26 19:19:26'),
(259,25,'É dobrável com uma mão:','Sim','ativo','2024-06-26 19:19:26','2024-06-26 19:19:26'),
(260,25,'Com capota retrátil:','Sim','ativo','2024-06-26 19:19:26','2024-06-26 19:19:26'),
(261,25,'Com apoio de pés ajustável:','Sim','ativo','2024-06-26 19:19:26','2024-06-26 19:19:26'),
(262,25,'Com FPU:','Sim','ativo','2024-06-26 19:19:26','2024-06-26 19:19:26'),
(263,25,'Com base para carro:','Sim','ativo','2024-06-26 19:19:26','2024-06-26 19:19:26'),
(264,25,'Cor:','Essential graphite','ativo','2024-06-26 19:19:26','2024-06-26 19:19:26'),
(265,25,'Cor do chassi:','Preto','ativo','2024-06-26 19:19:26','2024-06-26 19:19:26'),
(266,26,'Peso:','10,3 kg','ativo','2024-06-26 19:19:53','2024-06-26 19:19:53'),
(267,26,'Dimensões aberto:','104 cm x 54 cm x 80 cm','ativo','2024-06-26 19:19:53','2024-06-26 19:19:53'),
(268,26,'Dimensões fechados:','89 cm x 54 cm x 33,5 cm','ativo','2024-06-26 19:19:53','2024-06-26 19:19:53'),
(269,26,'Material do chassi:','Alumínio','ativo','2024-06-26 19:19:53','2024-06-26 19:19:53'),
(270,28,'Tipo de material:','‎Poliéster','ativo','2024-06-26 19:42:05','2024-06-26 19:42:05'),
(271,28,'Tipo de arreio:','‎5 pontos','ativo','2024-06-26 19:42:05','2024-06-26 19:42:05'),
(272,28,'Dimensões aberto:','100 cm X 49,5 cm X 65 cm','ativo','2024-06-26 19:42:05','2024-06-26 19:42:05'),
(273,28,'Dimensões fechado:','25 cm X 64 cm X 49,5 cm','ativo','2024-06-26 19:42:05','2024-06-26 19:42:05'),
(279,30,'Cor:','Grafite','ativo','2024-06-26 20:10:56','2024-06-26 20:10:56'),
(280,30,'Material do assento:','Plástico','ativo','2024-06-26 20:10:56','2024-06-26 20:10:56'),
(281,30,'Dimensão:','37 cm X 34 cm X[[','ativo','2024-06-26 20:10:56','2024-06-26 20:10:56'),
(282,31,'Cor:','Grafite','ativo','2024-06-26 20:10:56','2024-06-26 20:10:56'),
(283,31,'Material do assento:','Plástico','ativo','2024-06-26 20:10:56','2024-06-26 20:10:56'),
(284,31,'Dimensão:','37 cm X 34 cm X[[','ativo','2024-06-26 20:10:56','2024-06-26 20:10:56'),
(290,34,'Peso:','3.10kg','ativo','2024-06-28 13:54:25','2024-06-28 13:54:25'),
(291,33,'Cor:','Azul','ativo','2024-06-28 13:55:41','2024-06-28 13:55:41'),
(292,35,'Cor:','Essent graphite','ativo','2024-06-28 14:04:26','2024-06-28 14:04:26'),
(293,35,'Materiais:','Metal, Plástico','ativo','2024-06-28 14:04:26','2024-06-28 14:04:26'),
(294,35,'Com almofada redutora:','SIm','ativo','2024-06-28 14:04:26','2024-06-28 14:04:26'),
(295,35,'Com tiras ajustáveis:','Sim','ativo','2024-06-28 14:04:26','2024-06-28 14:04:26'),
(296,35,'Sistemas de ancoragem:','Cinta de segurança do carro','ativo','2024-06-28 14:04:26','2024-06-28 14:04:26'),
(297,35,'Tipo de sistema de segurança:','Arnês de 3 pontos','ativo','2024-06-28 14:04:26','2024-06-28 14:04:26'),
(298,35,'Dimensões:','66 cm X 43 cm X 66 cm','ativo','2024-06-28 14:04:26','2024-06-28 14:04:26'),
(299,35,'Peso:','3,1kg','ativo','2024-06-28 14:04:26','2024-06-28 14:04:26'),
(300,36,'Sistemas de ancoragem:','Cinta de segurança do carro','ativo','2024-06-28 14:19:28','2024-06-28 14:19:28'),
(301,36,'Cor:','Preta e cinza','ativo','2024-06-28 14:19:28','2024-06-28 14:19:28'),
(302,36,'Com almofada lombar:','Sim','ativo','2024-06-28 14:19:28','2024-06-28 14:19:28'),
(303,36,'Com tecido removível:','Sim','ativo','2024-06-28 14:19:28','2024-06-28 14:19:28'),
(304,36,'Quantidade de posições:','3','ativo','2024-06-28 14:19:28','2024-06-28 14:19:28'),
(305,36,'Com almofada redutora','Sim','ativo','2024-06-28 14:19:28','2024-06-28 14:19:28'),
(306,36,'Com tiras ajustáveis','Sim','ativo','2024-06-28 14:19:28','2024-06-28 14:19:28'),
(307,36,'Com apoio de cabeça ajustável','Sim','ativo','2024-06-28 14:19:28','2024-06-28 14:19:28'),
(308,36,'Dimensões:','46 cm X 0,44 m X 66 cm','ativo','2024-06-28 14:19:28','2024-06-28 14:19:28'),
(309,37,'Dimensões:','55cm X 43cm X 64cm','ativo','2024-06-28 14:27:08','2024-06-28 14:27:08'),
(310,37,'Peso:','2,2kg','ativo','2024-06-28 14:27:08','2024-06-28 14:27:08'),
(314,40,'Altura máxima recomendada','145cm','ativo','2024-06-28 15:05:10','2024-06-28 15:05:10'),
(315,40,'Material:','‎Plástico, Liga de aço','ativo','2024-06-28 15:05:10','2024-06-28 15:05:10'),
(316,40,'Cor:','Preto e Cinza','ativo','2024-06-28 15:05:10','2024-06-28 15:05:10'),
(317,40,'Tipo de arreio:','5 pontos','ativo','2024-06-28 15:05:10','2024-06-28 15:05:10'),
(318,40,'Dimensões:','‎52 x 48 x 55 cm','ativo','2024-06-28 15:05:10','2024-06-28 15:05:10'),
(319,40,'Peso:','7kg','ativo','2024-06-28 15:05:10','2024-06-28 15:05:10'),
(320,39,'Dimensões:','43 x 20 x 43 cm','ativo','2024-06-28 15:10:05','2024-06-28 15:10:05'),
(321,39,'Peso:','2.1 kg','ativo','2024-06-28 15:10:05','2024-06-28 15:10:05'),
(325,42,'Dimensões:','100 x 70 x 10cm','ativo','2024-06-28 15:35:21','2024-06-28 15:35:21'),
(326,42,'Materiais do enchimento:','Espuma de poliuretano','ativo','2024-06-28 15:35:21','2024-06-28 15:35:21'),
(327,42,'Material da capa:','Poliéster','ativo','2024-06-28 15:35:21','2024-06-28 15:35:21'),
(328,42,'É antiácaros:','Sim','ativo','2024-06-28 15:35:21','2024-06-28 15:35:21'),
(329,42,'É antimofo:','Sim','ativo','2024-06-28 15:35:21','2024-06-28 15:35:21'),
(330,42,'É antibacteriana:','Sim','ativo','2024-06-28 15:35:21','2024-06-28 15:35:21'),
(331,42,'É um produto hipoalergênico:','Sim','ativo','2024-06-28 15:35:21','2024-06-28 15:35:21'),
(338,44,'É dobrável:','Sim','ativo','2024-06-28 16:34:42','2024-06-28 16:34:42'),
(339,44,'Inclui colchão:','Sim','ativo','2024-06-28 16:34:42','2024-06-28 16:34:42'),
(340,44,'Com rodas:','Sim','ativo','2024-06-28 16:34:42','2024-06-28 16:34:42'),
(341,44,'Dimensões:','62 cm x 100 cm x 74 cm','ativo','2024-06-28 16:34:42','2024-06-28 16:34:42'),
(342,45,'Material:','Aço, Tecido','ativo','2024-06-28 16:49:03','2024-06-28 16:49:03'),
(343,45,'Acessórios incluídos:','Bolsa transporte, Mosquiteiro','ativo','2024-06-28 16:49:03','2024-06-28 16:49:03'),
(344,45,'Inclui colchão:','Não','ativo','2024-06-28 16:49:03','2024-06-28 16:49:03'),
(345,45,'Dimensões:','64.5 cm x 99 cm x 74 cm','ativo','2024-06-28 16:49:03','2024-06-28 16:49:03'),
(355,49,'Dimensões aberto:','Altura 110 cm x Largura 70 cm x Comprimento 115 cm','ativo','2024-06-28 17:24:03','2024-06-28 17:24:03'),
(356,49,'Dimensões fechado:','Altura 48 cm x Largura 22 cm x Comprimento 89 cm','ativo','2024-06-28 17:24:03','2024-06-28 17:24:03'),
(357,49,'Peso:','8,97kg','ativo','2024-06-28 17:24:03','2024-06-28 17:24:03'),
(360,38,'Sistemas de ancoragem:','Cinta de segurança do carro','ativo','2024-06-28 17:54:08','2024-06-28 17:54:08'),
(361,41,'Dimensões:','69 x 94 x 81 cm','ativo','2024-06-28 17:55:13','2024-06-28 17:55:13'),
(362,41,'Cor:','Cinza','ativo','2024-06-28 17:55:13','2024-06-28 17:55:13'),
(363,41,'Peso:','9kg','ativo','2024-06-28 17:55:13','2024-06-28 17:55:13'),
(364,46,'Peso:','9,2kg','ativo','2024-06-28 17:57:24','2024-06-28 17:57:24'),
(365,46,'Materiais:','Estrutura tubular em aço. Peças plásticas em polipropileno e nylon.','ativo','2024-06-28 17:57:24','2024-06-28 17:57:24'),
(366,48,'Dimensões aberto:','Altura 110 cm x Largura 70 cm x Comprimento 115 cm','ativo','2024-06-28 17:59:09','2024-06-28 17:59:09'),
(367,48,'Dimensões fechado:','Altura 48 cm x Largura 22 cm x Comprimento 89 cm','ativo','2024-06-28 17:59:09','2024-06-28 17:59:09'),
(368,48,'Peso:','8,97kg','ativo','2024-06-28 17:59:09','2024-06-28 17:59:09'),
(369,32,'Cor:','Grafite','ativo','2024-06-28 18:00:44','2024-06-28 18:00:44'),
(370,32,'Material do assento:','Plástico','ativo','2024-06-28 18:00:44','2024-06-28 18:00:44'),
(371,32,'Dimensão:','37 cm X 34 cm','ativo','2024-06-28 18:00:44','2024-06-28 18:00:44'),
(372,32,'Peso:','1.7 kg','ativo','2024-06-28 18:00:44','2024-06-28 18:00:44'),
(375,43,'Tecido:','100% ALGODÃO','ativo','2024-06-28 18:08:07','2024-06-28 18:08:07'),
(376,43,'Enchimento:','100% POLIURETANO','ativo','2024-06-28 18:08:07','2024-06-28 18:08:07'),
(377,29,'Tipo de material:','Espuma','ativo','2024-06-28 18:09:25','2024-06-28 18:09:25'),
(378,29,'Composição:','Plastico','ativo','2024-06-28 18:09:25','2024-06-28 18:09:25'),
(379,29,'Cor:','Creme','ativo','2024-06-28 18:09:25','2024-06-28 18:09:25'),
(380,29,'Dimensões:','43,82 x 38,74 x 29,85 cm','ativo','2024-06-28 18:09:25','2024-06-28 18:09:25'),
(381,29,'Peso:','2,06 kg','ativo','2024-06-28 18:09:25','2024-06-28 18:09:25'),
(386,14,'Cor:','rosa','ativo','2024-06-28 18:12:04','2024-06-28 18:12:04'),
(387,14,'Dimensões do produto:','45 X 78 cm X 53 cm','ativo','2024-06-28 18:12:04','2024-06-28 18:12:04'),
(388,14,'Peso do produto:','4kg','ativo','2024-06-28 18:12:04','2024-06-28 18:12:04'),
(389,14,'Material','PP (polipropileno) e TPE (borracha termoplástica)','ativo','2024-06-28 18:12:04','2024-06-28 18:12:04'),
(390,22,'Modelo:','OEM','ativo','2024-06-28 18:17:49','2024-06-28 18:17:49'),
(391,20,'Tamanho da tela:','3.2 polegadas','ativo','2024-06-28 18:23:44','2024-06-28 18:23:44'),
(392,20,'Alcance no interior:','260 m','ativo','2024-06-28 18:23:44','2024-06-28 18:23:44'),
(393,20,'Peso:','440 g','ativo','2024-06-28 18:23:44','2024-06-28 18:23:44'),
(394,20,'Sem fio:','Sim','ativo','2024-06-28 18:23:44','2024-06-28 18:23:44'),
(395,20,'Com wifi:','Sim','ativo','2024-06-28 18:23:44','2024-06-28 18:23:44'),
(396,20,'Voltagem:','110V/220V','ativo','2024-06-28 18:23:44','2024-06-28 18:23:44'),
(397,20,'Dimensões Externa do Produto:','Câmera: 6,6 x 10,6 x 6,6 cm | Monitor: 7 x 12 x 1,5','ativo','2024-06-28 18:23:44','2024-06-28 18:23:44'),
(398,47,'Material:','Estrutura: Alumínio e Plástico - Revestimento: Poliéster e Enchimento em Poliuretano','ativo','2024-06-28 18:59:06','2024-06-28 18:59:06'),
(399,47,'Dimensões aberto:','57,0 x 70,0 x 93,0 cm aprox','ativo','2024-06-28 18:59:06','2024-06-28 18:59:06'),
(400,47,'Dimensões fechado:','60,0 x 58,0 x 20,0 cm aprox','ativo','2024-06-28 18:59:06','2024-06-28 18:59:06'),
(401,47,'Peso:','6,5kg','ativo','2024-06-28 18:59:06','2024-06-28 18:59:06'),
(402,50,'Dimensões:','Aberto: A 106 x 49,5 x P 86 / Fechado: A 25 x L 49 x P 55;','ativo','2024-06-28 19:59:07','2024-06-28 19:59:07'),
(403,50,'Capacidade do porta objetos:','5kg','ativo','2024-06-28 19:59:07','2024-06-28 19:59:07'),
(404,51,'Marca','Voyage','ativo','2024-07-16 20:08:43','2024-07-16 20:08:43'),
(405,51,'Dimensões do produto','79C x 63L x 92A centímetros','ativo','2024-07-16 20:08:43','2024-07-16 20:08:43'),
(406,51,'Material','Poliéster, Aço, Alumínio, Nylon e MDF Partes Plásticas: PP','ativo','2024-07-16 20:08:43','2024-07-16 20:08:43'),
(407,51,'Acabamento do móvel','Poliéster, Aço, Alumínio, Nylon e MDF Partes Plásticas: PP','ativo','2024-07-16 20:08:43','2024-07-16 20:08:43'),
(408,51,'Peso do produto','9 Quilogramas','ativo','2024-07-16 20:08:43','2024-07-16 20:08:43'),
(409,52,'aaaaaa','aaaaa','ativo','2024-07-19 19:13:45','2024-07-19 19:13:45'),
(410,53,'aaaaaa','aaaaa','ativo','2024-07-19 19:17:40','2024-07-19 19:17:40'),
(423,58,'aaaaaaa',NULL,'ativo','2024-07-22 14:05:45','2024-07-22 14:05:45'),
(424,60,'Largura','70 cm','ativo','2024-07-22 14:23:58','2024-07-22 14:23:58'),
(425,60,'comprimento','100 cm','ativo','2024-07-22 14:23:58','2024-07-22 14:23:58'),
(426,60,'Altura','76 cm','ativo','2024-07-22 14:23:58','2024-07-22 14:23:58'),
(567,73,'Cor:','Branco','ativo','2024-07-24 13:00:50','2024-07-24 13:00:50'),
(570,75,'Peso Suportado:','150kg','ativo','2024-07-24 13:02:02','2024-07-24 13:02:02'),
(571,75,'Dimensão (A x L x C):','45cm X 47cm X 73cm','ativo','2024-07-24 13:02:02','2024-07-24 13:02:02'),
(572,75,'Tamanho Do Pacote:','6.4KG','ativo','2024-07-24 13:02:02','2024-07-24 13:02:02'),
(592,61,'Modelo:','Lucca','ativo','2024-07-31 18:42:09','2024-07-31 18:42:09'),
(593,61,'Cor:','Preto','ativo','2024-07-31 18:42:09','2024-07-31 18:42:09'),
(594,61,'Dimensões Externa do Produto:','48 cm de largura x 101 cm de altura.','ativo','2024-07-31 18:42:09','2024-07-31 18:42:09'),
(595,61,'Profundidade aberto:','75 cm','ativo','2024-07-31 18:42:09','2024-07-31 18:42:09'),
(596,61,'É reclinável:','Sim','ativo','2024-07-31 18:42:09','2024-07-31 18:42:09'),
(597,61,'Capacidade do carrinho:','Individual','ativo','2024-07-31 18:42:09','2024-07-31 18:42:09'),
(609,63,'Mpn:','Cadeira para auto infanti mia 360 de 0 a 36kg preto','ativo','2024-07-31 18:43:09','2024-07-31 18:43:09'),
(610,63,'Peso máximo suportado:','36kg','ativo','2024-07-31 18:43:09','2024-07-31 18:43:09'),
(611,63,'Idade mínima recomendada:','0 meses','ativo','2024-07-31 18:43:09','2024-07-31 18:43:09'),
(612,63,'Cor principal:','Preto','ativo','2024-07-31 18:43:09','2024-07-31 18:43:09'),
(613,63,'Sistemas de ancoragem:','Isofix','ativo','2024-07-31 18:43:09','2024-07-31 18:43:09'),
(614,63,'DIMENSÕES EXTERNAS (A x L x P cm):','- 54cm x 44cm x 81cm-','ativo','2024-07-31 18:43:09','2024-07-31 18:43:09'),
(615,63,'Material:','Poliéster- PP- PE- Silicone- Aço A','ativo','2024-07-31 18:43:09','2024-07-31 18:43:09'),
(616,64,'Medidas do produto:','A 24 x L 47,5 x P 44;','ativo','2024-07-31 18:44:03','2024-07-31 18:44:03'),
(617,64,'Peso do produto:','3,3 kg;','ativo','2024-07-31 18:44:03','2024-07-31 18:44:03'),
(629,66,'Modelo:','BANHEIRA RETRÁTIL OASIS SAFETY 1ST','ativo','2024-07-31 20:37:39','2024-07-31 20:37:39'),
(630,66,'Comprimento x Largura x Profundidade:','76.6 cm x 45.7 cm x 45.7 cm','ativo','2024-07-31 20:37:39','2024-07-31 20:37:39'),
(631,66,'Nome Do Desenho:','Oásis','ativo','2024-07-31 20:37:39','2024-07-31 20:37:39'),
(632,66,'Capacidade em volume:','50 L','ativo','2024-07-31 20:37:39','2024-07-31 20:37:39'),
(633,66,'Material:','Plástico','ativo','2024-07-31 20:37:39','2024-07-31 20:37:39'),
(640,67,'Linha:','Alimentação','ativo','2024-07-31 20:39:58','2024-07-31 20:39:58'),
(641,67,'Modelo:','Toast cadeira de refeição aliemntação bebê introdução alimentar papinha','ativo','2024-07-31 20:39:58','2024-07-31 20:39:58'),
(642,67,'DIMENSÕES EXTERNA DO PRODUTO (A X L X P | CM):','Aberto: 48,4 x 38 x 44,2 Fechado: 13 x 34 x 38,5','ativo','2024-07-31 20:39:58','2024-07-31 20:39:58'),
(643,67,'Segurança:','possui 3 posições de altura e Tiras para fixação nas cadeiras de adulto','ativo','2024-07-31 20:39:58','2024-07-31 20:39:58'),
(644,67,'Composição - Capa:','100% Poliéster / Estrutura: Aço e Polipropileno','ativo','2024-07-31 20:39:58','2024-07-31 20:39:58'),
(645,68,'Linha:','Co-bed','ativo','2024-07-31 20:40:22','2024-07-31 20:40:22'),
(646,68,'Altura:','80 cm','ativo','2024-07-31 20:40:22','2024-07-31 20:40:22'),
(647,68,'Profundidade:','70 cm','ativo','2024-07-31 20:40:22','2024-07-31 20:40:22'),
(648,68,'Largura:','99 cm','ativo','2024-07-31 20:40:22','2024-07-31 20:40:22'),
(649,68,'Materiais:','Alumínio Aço Plástico e Poliéster','ativo','2024-07-31 20:40:22','2024-07-31 20:40:22'),
(650,68,'Requer montagem:','sim','ativo','2024-07-31 20:40:22','2024-07-31 20:40:22'),
(653,72,'Cor predominante:','Preto','ativo','2024-07-31 20:51:41','2024-07-31 20:51:41'),
(654,72,'Composição:','PP, PVC, Aço','ativo','2024-07-31 20:51:41','2024-07-31 20:51:41'),
(655,72,'Peso:','195 g','ativo','2024-07-31 20:51:41','2024-07-31 20:51:41'),
(656,72,'Altura:','40,5 cm','ativo','2024-07-31 20:51:41','2024-07-31 20:51:41'),
(657,72,'Largura:','45 cm','ativo','2024-07-31 20:51:41','2024-07-31 20:51:41'),
(658,72,'Comprimento:','3,5 cm','ativo','2024-07-31 20:51:41','2024-07-31 20:51:41'),
(661,65,'Linha:','Triciclo','ativo','2024-08-28 12:06:48','2024-08-28 12:06:48'),
(662,65,'Modelo:','Patroller','ativo','2024-08-28 12:06:48','2024-08-28 12:06:48'),
(663,65,'Materiais do veículo:','ABS, Alumínio, EVA, POM, PP, Poliéster','ativo','2024-08-28 12:06:48','2024-08-28 12:06:48'),
(664,65,'Idade mínima recomendada:','12 meses','ativo','2024-08-28 12:06:48','2024-08-28 12:06:48'),
(665,65,'Idade máxima recomendada:','48 meses','ativo','2024-08-28 12:06:48','2024-08-28 12:06:48'),
(666,65,'Peso máximo suportado:','25 kg','ativo','2024-08-28 12:06:48','2024-08-28 12:06:48'),
(667,69,'Revestimento:','Poliéster; Estrutura: Aço e Plástico; Partes Plásticas: PP, PA','ativo','2024-09-12 16:03:51','2024-09-12 16:03:51'),
(668,69,'Dimensões do Produto (LxCxH):','60,0 x 98,0 x 74,0 cm','ativo','2024-09-12 16:03:51','2024-09-12 16:03:51'),
(675,62,'Dimensões do Produto (AxLxC):','63 x 43 x 44 cm','ativo','2024-09-16 10:45:09','2024-09-16 10:45:09'),
(676,62,'Peso:','4,860 kgs','ativo','2024-09-16 10:45:09','2024-09-16 10:45:09'),
(677,62,'Cor:','Preta','ativo','2024-09-16 10:45:09','2024-09-16 10:45:09'),
(678,62,'Material:','Capa: 100% Poliéster / Estrutura: HDPE, Aço e ABS','ativo','2024-09-16 10:45:09','2024-09-16 10:45:09'),
(709,56,'Modelo:','Eva','ativo','2024-09-17 17:31:14','2024-09-17 17:31:14'),
(710,56,'Versão:','Carrinho de Bebê','ativo','2024-09-17 17:31:14','2024-09-17 17:31:14'),
(711,56,'Tipo de carrinho:','De passeio','ativo','2024-09-17 17:31:14','2024-09-17 17:31:14'),
(712,56,'Tipo de sistema de segurança:','Cinto de 5 Pontas','ativo','2024-09-17 17:31:14','2024-09-17 17:31:14'),
(713,56,'Altura aberto:','106 cm','ativo','2024-09-17 17:31:14','2024-09-17 17:31:14'),
(714,56,'Largura aberto:','50 cm','ativo','2024-09-17 17:31:14','2024-09-17 17:31:14'),
(715,74,'Carta do tamanho:','48x28x11cm','ativo','2024-09-18 12:42:20','2024-09-18 12:42:20'),
(716,74,'Material:','Poliuretano PU','ativo','2024-09-18 12:42:20','2024-09-18 12:42:20');

/*Table structure for table `produtos_fotos` */

DROP TABLE IF EXISTS `produtos_fotos`;

CREATE TABLE `produtos_fotos` (
  `id` bigint(20) unsigned NOT NULL AUTO_INCREMENT,
  `id_produto` int(11) NOT NULL,
  `id_media` int(11) NOT NULL,
  `ordem` int(11) DEFAULT NULL,
  `status` enum('ativo','inativo') NOT NULL,
  `created_at` timestamp NULL DEFAULT NULL,
  `updated_at` timestamp NULL DEFAULT NULL,
  PRIMARY KEY (`id`)
) ENGINE=InnoDB AUTO_INCREMENT=585 DEFAULT CHARSET=utf8mb4 COLLATE=utf8mb4_unicode_ci;

/*Data for the table `produtos_fotos` */

insert  into `produtos_fotos`(`id`,`id_produto`,`id_media`,`ordem`,`status`,`created_at`,`updated_at`) values 
(69,12,25,0,'ativo','2024-06-19 13:59:07','2024-06-19 13:59:07'),
(70,12,24,1,'ativo','2024-06-19 13:59:07','2024-06-19 13:59:07'),
(71,12,23,2,'ativo','2024-06-19 13:59:07','2024-06-19 13:59:07'),
(72,12,22,3,'ativo','2024-06-19 13:59:07','2024-06-19 13:59:07'),
(84,18,34,0,'ativo','2024-06-26 17:32:18','2024-06-26 17:32:18'),
(85,19,38,0,'ativo','2024-06-26 17:56:39','2024-06-26 17:56:39'),
(86,19,36,2,'ativo','2024-06-26 17:56:39','2024-06-26 17:56:39'),
(87,19,37,1,'ativo','2024-06-26 17:56:39','2024-06-26 17:56:39'),
(88,19,35,3,'ativo','2024-06-26 17:56:39','2024-06-26 17:56:39'),
(89,15,41,1,'ativo','2024-06-26 18:01:39','2024-06-26 18:01:39'),
(90,15,42,0,'ativo','2024-06-26 18:01:39','2024-06-26 18:01:39'),
(91,15,39,3,'ativo','2024-06-26 18:01:39','2024-06-26 18:01:39'),
(92,15,40,2,'ativo','2024-06-26 18:01:39','2024-06-26 18:01:39'),
(99,21,49,1,'ativo','2024-06-26 18:36:09','2024-06-26 18:36:09'),
(100,21,50,0,'ativo','2024-06-26 18:36:09','2024-06-26 18:36:09'),
(101,23,51,2,'ativo','2024-06-26 18:43:29','2024-06-26 18:43:29'),
(102,23,52,1,'ativo','2024-06-26 18:43:29','2024-06-26 18:43:29'),
(103,23,53,0,'ativo','2024-06-26 18:43:29','2024-06-26 18:43:29'),
(111,27,62,4,'ativo','2024-06-26 19:16:42','2024-06-26 19:16:42'),
(112,27,61,5,'ativo','2024-06-26 19:16:42','2024-06-26 19:16:42'),
(113,27,66,0,'ativo','2024-06-26 19:16:42','2024-06-26 19:16:42'),
(114,27,63,3,'ativo','2024-06-26 19:16:42','2024-06-26 19:16:42'),
(115,27,64,2,'ativo','2024-06-26 19:16:42','2024-06-26 19:16:42'),
(116,27,65,1,'ativo','2024-06-26 19:16:42','2024-06-26 19:16:42'),
(117,24,54,2,'ativo','2024-06-26 19:19:03','2024-06-26 19:19:03'),
(118,24,55,1,'ativo','2024-06-26 19:19:03','2024-06-26 19:19:03'),
(119,24,56,0,'ativo','2024-06-26 19:19:03','2024-06-26 19:19:03'),
(120,25,56,0,'ativo','2024-06-26 19:19:26','2024-06-26 19:19:26'),
(121,25,55,1,'ativo','2024-06-26 19:19:26','2024-06-26 19:19:26'),
(122,25,54,2,'ativo','2024-06-26 19:19:26','2024-06-26 19:19:26'),
(123,26,60,0,'ativo','2024-06-26 19:19:53','2024-06-26 19:19:53'),
(124,26,59,1,'ativo','2024-06-26 19:19:53','2024-06-26 19:19:53'),
(125,26,58,2,'ativo','2024-06-26 19:19:53','2024-06-26 19:19:53'),
(126,26,57,3,'ativo','2024-06-26 19:19:53','2024-06-26 19:19:53'),
(127,28,67,1,'ativo','2024-06-26 19:42:05','2024-06-26 19:42:05'),
(128,28,68,0,'ativo','2024-06-26 19:42:05','2024-06-26 19:42:05'),
(129,34,72,0,'ativo','2024-06-28 13:54:25','2024-06-28 13:54:25'),
(130,34,70,2,'ativo','2024-06-28 13:54:25','2024-06-28 13:54:25'),
(131,34,69,3,'ativo','2024-06-28 13:54:25','2024-06-28 13:54:25'),
(132,34,71,1,'ativo','2024-06-28 13:54:25','2024-06-28 13:54:25'),
(133,33,73,1,'ativo','2024-06-28 13:55:41','2024-06-28 13:55:41'),
(134,33,74,0,'ativo','2024-06-28 13:55:41','2024-06-28 13:55:41'),
(135,35,78,1,'ativo','2024-06-28 14:04:26','2024-06-28 14:04:26'),
(136,35,79,0,'ativo','2024-06-28 14:04:26','2024-06-28 14:04:26'),
(137,35,75,4,'ativo','2024-06-28 14:04:26','2024-06-28 14:04:26'),
(138,35,77,2,'ativo','2024-06-28 14:04:26','2024-06-28 14:04:26'),
(139,35,76,3,'ativo','2024-06-28 14:04:26','2024-06-28 14:04:26'),
(140,36,83,0,'ativo','2024-06-28 14:19:28','2024-06-28 14:19:28'),
(141,36,81,2,'ativo','2024-06-28 14:19:28','2024-06-28 14:19:28'),
(142,36,80,3,'ativo','2024-06-28 14:19:28','2024-06-28 14:19:28'),
(143,36,82,1,'ativo','2024-06-28 14:19:28','2024-06-28 14:19:28'),
(144,37,84,0,'ativo','2024-06-28 14:27:08','2024-06-28 14:27:08'),
(146,40,86,1,'ativo','2024-06-28 15:05:10','2024-06-28 15:05:10'),
(147,40,87,0,'ativo','2024-06-28 15:05:10','2024-06-28 15:05:10'),
(148,39,91,0,'ativo','2024-06-28 15:10:05','2024-06-28 15:10:05'),
(149,39,88,3,'ativo','2024-06-28 15:10:05','2024-06-28 15:10:05'),
(150,39,89,2,'ativo','2024-06-28 15:10:05','2024-06-28 15:10:05'),
(151,39,90,1,'ativo','2024-06-28 15:10:05','2024-06-28 15:10:05'),
(152,42,94,0,'ativo','2024-06-28 15:35:21','2024-06-28 15:35:21'),
(153,42,92,2,'ativo','2024-06-28 15:35:21','2024-06-28 15:35:21'),
(154,42,93,1,'ativo','2024-06-28 15:35:21','2024-06-28 15:35:21'),
(156,44,95,0,'ativo','2024-06-28 16:34:42','2024-06-28 16:34:42'),
(157,45,96,0,'ativo','2024-06-28 16:49:03','2024-06-28 16:49:03'),
(158,38,100,0,'ativo','2024-06-28 17:54:08','2024-06-28 17:54:08'),
(159,38,98,2,'ativo','2024-06-28 17:54:08','2024-06-28 17:54:08'),
(160,38,99,1,'ativo','2024-06-28 17:54:08','2024-06-28 17:54:08'),
(161,38,97,3,'ativo','2024-06-28 17:54:08','2024-06-28 17:54:08'),
(162,41,102,0,'ativo','2024-06-28 17:55:13','2024-06-28 17:55:13'),
(163,41,101,1,'ativo','2024-06-28 17:55:13','2024-06-28 17:55:13'),
(164,46,106,0,'ativo','2024-06-28 17:57:24','2024-06-28 17:57:24'),
(165,46,105,1,'ativo','2024-06-28 17:57:24','2024-06-28 17:57:24'),
(166,46,103,3,'ativo','2024-06-28 17:57:24','2024-06-28 17:57:24'),
(167,46,104,2,'ativo','2024-06-28 17:57:24','2024-06-28 17:57:24'),
(168,48,108,0,'ativo','2024-06-28 17:59:09','2024-06-28 17:59:09'),
(169,48,107,1,'ativo','2024-06-28 17:59:09','2024-06-28 17:59:09'),
(170,32,112,0,'ativo','2024-06-28 18:00:44','2024-06-28 18:00:44'),
(171,32,111,1,'ativo','2024-06-28 18:00:44','2024-06-28 18:00:44'),
(172,32,110,2,'ativo','2024-06-28 18:00:44','2024-06-28 18:00:44'),
(178,43,120,0,'ativo','2024-06-28 18:08:07','2024-06-28 18:08:07'),
(179,43,118,2,'ativo','2024-06-28 18:08:07','2024-06-28 18:08:07'),
(180,43,119,1,'ativo','2024-06-28 18:08:07','2024-06-28 18:08:07'),
(181,29,121,0,'ativo','2024-06-28 18:09:25','2024-06-28 18:09:25'),
(186,14,44,0,'ativo','2024-06-28 18:12:04','2024-06-28 18:12:04'),
(187,14,43,1,'ativo','2024-06-28 18:12:04','2024-06-28 18:12:04'),
(188,22,128,0,'ativo','2024-06-28 18:17:49','2024-06-28 18:17:49'),
(189,22,126,2,'ativo','2024-06-28 18:17:49','2024-06-28 18:17:49'),
(190,22,127,1,'ativo','2024-06-28 18:17:49','2024-06-28 18:17:49'),
(191,20,45,3,'ativo','2024-06-28 18:23:44','2024-06-28 18:23:44'),
(192,20,47,1,'ativo','2024-06-28 18:23:44','2024-06-28 18:23:44'),
(193,20,46,2,'ativo','2024-06-28 18:23:44','2024-06-28 18:23:44'),
(194,20,48,0,'ativo','2024-06-28 18:23:44','2024-06-28 18:23:44'),
(195,47,122,3,'ativo','2024-06-28 18:59:06','2024-06-28 18:59:06'),
(196,47,123,2,'ativo','2024-06-28 18:59:06','2024-06-28 18:59:06'),
(197,47,125,0,'ativo','2024-06-28 18:59:06','2024-06-28 18:59:06'),
(198,47,124,1,'ativo','2024-06-28 18:59:06','2024-06-28 18:59:06'),
(199,50,117,0,'ativo','2024-06-28 19:59:07','2024-06-28 19:59:07'),
(200,50,116,1,'ativo','2024-06-28 19:59:07','2024-06-28 19:59:07'),
(201,50,115,2,'ativo','2024-06-28 19:59:07','2024-06-28 19:59:07'),
(202,50,114,3,'ativo','2024-06-28 19:59:07','2024-06-28 19:59:07'),
(203,50,113,4,'ativo','2024-06-28 19:59:07','2024-06-28 19:59:07'),
(204,51,133,0,'ativo','2024-07-16 20:08:43','2024-07-16 20:08:43'),
(205,51,132,1,'ativo','2024-07-16 20:08:43','2024-07-16 20:08:43'),
(206,51,130,3,'ativo','2024-07-16 20:08:43','2024-07-16 20:08:43'),
(207,51,131,2,'ativo','2024-07-16 20:08:43','2024-07-16 20:08:43'),
(208,51,129,4,'ativo','2024-07-16 20:08:43','2024-07-16 20:08:43'),
(209,13,24,0,'ativo','2024-07-19 19:25:07','2024-07-19 19:25:07'),
(210,55,153,0,'ativo','2024-07-19 19:49:38','2024-07-19 19:49:38'),
(211,55,152,1,'ativo','2024-07-19 19:49:38','2024-07-19 19:49:38'),
(220,58,161,0,'ativo','2024-07-22 14:05:45','2024-07-22 14:05:45'),
(221,58,159,2,'ativo','2024-07-22 14:05:45','2024-07-22 14:05:45'),
(222,58,158,3,'ativo','2024-07-22 14:05:45','2024-07-22 14:05:45'),
(223,58,160,1,'ativo','2024-07-22 14:05:45','2024-07-22 14:05:45'),
(224,59,163,0,'ativo','2024-07-22 14:10:12','2024-07-22 14:10:12'),
(225,60,168,0,'ativo','2024-07-22 14:23:58','2024-07-22 14:23:58'),
(226,60,165,3,'ativo','2024-07-22 14:23:58','2024-07-22 14:23:58'),
(227,60,167,1,'ativo','2024-07-22 14:23:58','2024-07-22 14:23:58'),
(228,60,166,2,'ativo','2024-07-22 14:23:58','2024-07-22 14:23:58'),
(229,60,164,4,'ativo','2024-07-22 14:23:58','2024-07-22 14:23:58'),
(283,71,218,0,'ativo','2024-07-22 19:07:08','2024-07-22 19:07:08'),
(284,71,217,1,'ativo','2024-07-22 19:07:08','2024-07-22 19:07:08'),
(393,73,232,0,'ativo','2024-07-24 13:00:50','2024-07-24 13:00:50'),
(394,73,231,1,'ativo','2024-07-24 13:00:50','2024-07-24 13:00:50'),
(395,73,230,2,'ativo','2024-07-24 13:00:50','2024-07-24 13:00:50'),
(398,75,229,0,'ativo','2024-07-24 13:02:02','2024-07-24 13:02:02'),
(399,75,228,1,'ativo','2024-07-24 13:02:02','2024-07-24 13:02:02'),
(435,61,174,0,'ativo','2024-07-31 18:42:09','2024-07-31 18:42:09'),
(436,61,169,1,'ativo','2024-07-31 18:42:09','2024-07-31 18:42:09'),
(437,61,171,2,'ativo','2024-07-31 18:42:09','2024-07-31 18:42:09'),
(438,61,173,3,'ativo','2024-07-31 18:42:09','2024-07-31 18:42:09'),
(439,61,170,4,'ativo','2024-07-31 18:42:09','2024-07-31 18:42:09'),
(440,61,172,5,'ativo','2024-07-31 18:42:09','2024-07-31 18:42:09'),
(451,63,180,0,'ativo','2024-07-31 18:43:09','2024-07-31 18:43:09'),
(452,63,184,1,'ativo','2024-07-31 18:43:09','2024-07-31 18:43:09'),
(453,63,179,2,'ativo','2024-07-31 18:43:09','2024-07-31 18:43:09'),
(454,63,183,3,'ativo','2024-07-31 18:43:09','2024-07-31 18:43:09'),
(455,63,181,4,'ativo','2024-07-31 18:43:09','2024-07-31 18:43:09'),
(456,63,182,5,'ativo','2024-07-31 18:43:09','2024-07-31 18:43:09'),
(457,64,189,0,'ativo','2024-07-31 18:44:03','2024-07-31 18:44:03'),
(458,64,188,1,'ativo','2024-07-31 18:44:03','2024-07-31 18:44:03'),
(459,64,186,2,'ativo','2024-07-31 18:44:03','2024-07-31 18:44:03'),
(460,64,187,3,'ativo','2024-07-31 18:44:03','2024-07-31 18:44:03'),
(461,64,185,4,'ativo','2024-07-31 18:44:03','2024-07-31 18:44:03'),
(472,66,261,0,'ativo','2024-07-31 20:37:39','2024-07-31 20:37:39'),
(473,66,264,1,'ativo','2024-07-31 20:37:39','2024-07-31 20:37:39'),
(474,66,259,2,'ativo','2024-07-31 20:37:39','2024-07-31 20:37:39'),
(475,66,263,3,'ativo','2024-07-31 20:37:39','2024-07-31 20:37:39'),
(476,66,260,4,'ativo','2024-07-31 20:37:39','2024-07-31 20:37:39'),
(477,66,262,5,'ativo','2024-07-31 20:37:39','2024-07-31 20:37:39'),
(482,67,210,0,'ativo','2024-07-31 20:39:58','2024-07-31 20:39:58'),
(483,67,209,1,'ativo','2024-07-31 20:39:58','2024-07-31 20:39:58'),
(484,67,208,2,'ativo','2024-07-31 20:39:58','2024-07-31 20:39:58'),
(485,67,207,3,'ativo','2024-07-31 20:39:58','2024-07-31 20:39:58'),
(486,67,206,4,'ativo','2024-07-31 20:39:58','2024-07-31 20:39:58'),
(487,68,133,0,'ativo','2024-07-31 20:40:22','2024-07-31 20:40:22'),
(488,68,132,1,'ativo','2024-07-31 20:40:22','2024-07-31 20:40:22'),
(489,68,131,2,'ativo','2024-07-31 20:40:22','2024-07-31 20:40:22'),
(490,68,130,3,'ativo','2024-07-31 20:40:22','2024-07-31 20:40:22'),
(491,68,129,4,'ativo','2024-07-31 20:40:22','2024-07-31 20:40:22'),
(500,72,241,0,'ativo','2024-07-31 20:51:41','2024-07-31 20:51:41'),
(501,72,242,1,'ativo','2024-07-31 20:51:41','2024-07-31 20:51:41'),
(502,72,237,2,'ativo','2024-07-31 20:51:41','2024-07-31 20:51:41'),
(503,72,240,3,'ativo','2024-07-31 20:51:41','2024-07-31 20:51:41'),
(504,72,238,4,'ativo','2024-07-31 20:51:41','2024-07-31 20:51:41'),
(505,72,239,5,'ativo','2024-07-31 20:51:41','2024-07-31 20:51:41'),
(508,76,230,0,'ativo','2024-07-31 20:52:36','2024-07-31 20:52:36'),
(509,76,231,1,'ativo','2024-07-31 20:52:36','2024-07-31 20:52:36'),
(510,76,232,2,'ativo','2024-07-31 20:52:36','2024-07-31 20:52:36'),
(511,65,258,0,'ativo','2024-08-28 12:06:48','2024-08-28 12:06:48'),
(512,65,257,1,'ativo','2024-08-28 12:06:48','2024-08-28 12:06:48'),
(513,65,255,2,'ativo','2024-08-28 12:06:48','2024-08-28 12:06:48'),
(514,65,256,3,'ativo','2024-08-28 12:06:48','2024-08-28 12:06:48'),
(515,69,214,0,'ativo','2024-09-12 16:03:51','2024-09-12 16:03:51'),
(516,69,215,1,'ativo','2024-09-12 16:03:51','2024-09-12 16:03:51'),
(517,69,213,2,'ativo','2024-09-12 16:03:51','2024-09-12 16:03:51'),
(518,69,212,3,'ativo','2024-09-12 16:03:51','2024-09-12 16:03:51'),
(519,69,216,4,'ativo','2024-09-12 16:03:51','2024-09-12 16:03:51'),
(520,69,211,5,'ativo','2024-09-12 16:03:51','2024-09-12 16:03:51'),
(529,62,176,0,'ativo','2024-09-16 10:45:09','2024-09-16 10:45:09'),
(530,62,177,1,'ativo','2024-09-16 10:45:09','2024-09-16 10:45:09'),
(531,62,175,2,'ativo','2024-09-16 10:45:09','2024-09-16 10:45:09'),
(532,62,178,3,'ativo','2024-09-16 10:45:09','2024-09-16 10:45:09'),
(573,56,147,0,'ativo','2024-09-17 17:31:14','2024-09-17 17:31:14'),
(574,56,146,1,'ativo','2024-09-17 17:31:14','2024-09-17 17:31:14'),
(575,56,144,2,'ativo','2024-09-17 17:31:14','2024-09-17 17:31:14'),
(576,56,143,3,'ativo','2024-09-17 17:31:14','2024-09-17 17:31:14'),
(577,56,142,4,'ativo','2024-09-17 17:31:14','2024-09-17 17:31:14'),
(578,56,140,5,'ativo','2024-09-17 17:31:14','2024-09-17 17:31:14'),
(579,56,139,6,'ativo','2024-09-17 17:31:14','2024-09-17 17:31:14'),
(580,56,152,7,'ativo','2024-09-17 17:31:14','2024-09-17 17:31:14'),
(581,70,218,0,'ativo','2024-09-18 12:41:39','2024-09-18 12:41:39'),
(582,70,217,1,'ativo','2024-09-18 12:41:39','2024-09-18 12:41:39'),
(583,74,224,0,'ativo','2024-09-18 12:42:20','2024-09-18 12:42:20'),
(584,74,225,1,'ativo','2024-09-18 12:42:20','2024-09-18 12:42:20');

/*Table structure for table `produtos_videos` */

DROP TABLE IF EXISTS `produtos_videos`;

CREATE TABLE `produtos_videos` (
  `id` bigint(20) unsigned NOT NULL AUTO_INCREMENT,
  `id_produto` int(11) NOT NULL,
  `url` varchar(255) NOT NULL,
  `ordem` int(11) NOT NULL,
  `status` enum('ativo','inativo') NOT NULL,
  `created_at` timestamp NULL DEFAULT NULL,
  `updated_at` timestamp NULL DEFAULT NULL,
  PRIMARY KEY (`id`)
) ENGINE=InnoDB AUTO_INCREMENT=11 DEFAULT CHARSET=utf8mb4 COLLATE=utf8mb4_unicode_ci;

/*Data for the table `produtos_videos` */

/*Table structure for table `promocoes` */

DROP TABLE IF EXISTS `promocoes`;

CREATE TABLE `promocoes` (
  `id` bigint(20) unsigned NOT NULL AUTO_INCREMENT,
  `id_produto` int(11) DEFAULT NULL,
  `de` int(11) NOT NULL,
  `ate` int(11) DEFAULT NULL,
  `tipo` enum('porcentagem','real') DEFAULT NULL,
  `desconto` varchar(255) NOT NULL,
  `created_at` timestamp NULL DEFAULT NULL,
  `updated_at` timestamp NULL DEFAULT NULL,
  PRIMARY KEY (`id`)
) ENGINE=InnoDB AUTO_INCREMENT=307 DEFAULT CHARSET=utf8mb4 COLLATE=utf8mb4_unicode_ci;

/*Data for the table `promocoes` */

insert  into `promocoes`(`id`,`id_produto`,`de`,`ate`,`tipo`,`desconto`,`created_at`,`updated_at`) values 
(84,53,3,5,'porcentagem','15','2024-07-19 19:17:40','2024-07-19 19:17:40'),
(91,60,3,5,'porcentagem','20','2024-07-22 14:23:58','2024-07-22 14:23:58'),
(92,60,5,10,'porcentagem','30','2024-07-22 14:23:58','2024-07-22 14:23:58'),
(93,60,10,28,'porcentagem','50','2024-07-22 14:23:58','2024-07-22 14:23:58'),
(121,71,7,13,'porcentagem','30','2024-07-22 19:07:08','2024-07-22 19:07:08'),
(122,71,14,27,'porcentagem','50','2024-07-22 19:07:08','2024-07-22 19:07:08'),
(123,71,28,NULL,'porcentagem','60','2024-07-22 19:07:08','2024-07-22 19:07:08'),
(190,73,7,13,'porcentagem','30','2024-07-24 13:00:50','2024-07-24 13:00:50'),
(191,73,14,27,'porcentagem','50','2024-07-24 13:00:50','2024-07-24 13:00:50'),
(192,73,28,NULL,'porcentagem','60','2024-07-24 13:00:50','2024-07-24 13:00:50'),
(196,75,7,13,'porcentagem','30','2024-07-24 13:02:02','2024-07-24 13:02:02'),
(197,75,14,27,'porcentagem','50','2024-07-24 13:02:02','2024-07-24 13:02:02'),
(198,75,28,NULL,'porcentagem','60','2024-07-24 13:02:02','2024-07-24 13:02:02'),
(223,61,7,13,'porcentagem','30','2024-07-31 18:42:09','2024-07-31 18:42:09'),
(224,61,14,27,'porcentagem','50','2024-07-31 18:42:09','2024-07-31 18:42:09'),
(225,61,28,NULL,'porcentagem','60','2024-07-31 18:42:09','2024-07-31 18:42:09'),
(232,63,7,13,'porcentagem','30','2024-07-31 18:43:09','2024-07-31 18:43:09'),
(233,63,14,27,'porcentagem','50','2024-07-31 18:43:09','2024-07-31 18:43:09'),
(234,63,28,NULL,'porcentagem','60','2024-07-31 18:43:09','2024-07-31 18:43:09'),
(235,64,7,13,'porcentagem','30','2024-07-31 18:44:03','2024-07-31 18:44:03'),
(236,64,14,27,'porcentagem','50','2024-07-31 18:44:03','2024-07-31 18:44:03'),
(237,64,28,NULL,'porcentagem','60','2024-07-31 18:44:03','2024-07-31 18:44:03'),
(244,66,7,13,'porcentagem','30','2024-07-31 20:37:39','2024-07-31 20:37:39'),
(245,66,14,27,'porcentagem','50','2024-07-31 20:37:39','2024-07-31 20:37:39'),
(246,66,28,NULL,'porcentagem','60','2024-07-31 20:37:39','2024-07-31 20:37:39'),
(250,67,7,13,'porcentagem','30','2024-07-31 20:39:58','2024-07-31 20:39:58'),
(251,67,14,27,'porcentagem','50','2024-07-31 20:39:58','2024-07-31 20:39:58'),
(252,67,28,NULL,'porcentagem','60','2024-07-31 20:39:58','2024-07-31 20:39:58'),
(253,68,7,13,'porcentagem','30','2024-07-31 20:40:22','2024-07-31 20:40:22'),
(254,68,14,27,'porcentagem','50','2024-07-31 20:40:22','2024-07-31 20:40:22'),
(255,68,28,NULL,'porcentagem','60','2024-07-31 20:40:22','2024-07-31 20:40:22'),
(262,72,7,13,'porcentagem','30','2024-07-31 20:51:41','2024-07-31 20:51:41'),
(263,72,14,27,'porcentagem','50','2024-07-31 20:51:41','2024-07-31 20:51:41'),
(264,72,28,NULL,'porcentagem','60','2024-07-31 20:51:41','2024-07-31 20:51:41'),
(268,76,7,13,'porcentagem','30','2024-07-31 20:52:36','2024-07-31 20:52:36'),
(269,76,14,27,'porcentagem','50','2024-07-31 20:52:36','2024-07-31 20:52:36'),
(270,76,28,NULL,'porcentagem','60','2024-07-31 20:52:36','2024-07-31 20:52:36'),
(271,65,7,13,'porcentagem','30','2024-08-28 12:06:48','2024-08-28 12:06:48'),
(272,65,14,27,'porcentagem','50','2024-08-28 12:06:48','2024-08-28 12:06:48'),
(273,65,28,NULL,'porcentagem','60','2024-08-28 12:06:48','2024-08-28 12:06:48'),
(274,69,7,13,'porcentagem','30','2024-09-12 16:03:51','2024-09-12 16:03:51'),
(275,69,14,27,'porcentagem','50','2024-09-12 16:03:51','2024-09-12 16:03:51'),
(276,69,28,NULL,'porcentagem','60','2024-09-12 16:03:51','2024-09-12 16:03:51'),
(280,62,7,13,'porcentagem','30','2024-09-16 10:45:09','2024-09-16 10:45:09'),
(281,62,14,27,'porcentagem','50','2024-09-16 10:45:09','2024-09-16 10:45:09'),
(282,62,28,NULL,'porcentagem','60','2024-09-16 10:45:09','2024-09-16 10:45:09'),
(298,56,7,13,'porcentagem','30','2024-09-17 17:31:14','2024-09-17 17:31:14'),
(299,56,14,27,'porcentagem','50','2024-09-17 17:31:14','2024-09-17 17:31:14'),
(300,56,28,NULL,'porcentagem','60','2024-09-17 17:31:14','2024-09-17 17:31:14'),
(301,70,7,13,'porcentagem','30','2024-09-18 12:41:39','2024-09-18 12:41:39'),
(302,70,14,27,'porcentagem','50','2024-09-18 12:41:39','2024-09-18 12:41:39'),
(303,70,28,NULL,'porcentagem','60','2024-09-18 12:41:39','2024-09-18 12:41:39'),
(304,74,7,13,'porcentagem','30','2024-09-18 12:42:20','2024-09-18 12:42:20'),
(305,74,14,27,'porcentagem','50','2024-09-18 12:42:20','2024-09-18 12:42:20'),
(306,74,28,NULL,'porcentagem','60','2024-09-18 12:42:20','2024-09-18 12:42:20');

/*Table structure for table `regiao_atendidas` */

DROP TABLE IF EXISTS `regiao_atendidas`;

CREATE TABLE `regiao_atendidas` (
  `id` bigint(20) unsigned NOT NULL AUTO_INCREMENT,
  `id_franqueado` int(11) NOT NULL,
  `bairro` varchar(255) DEFAULT NULL,
  `cidade` varchar(255) DEFAULT NULL,
  `estado` varchar(255) DEFAULT NULL,
  `valor_entrega_expresso` decimal(10,2) DEFAULT NULL,
  `valor_entrega_economico` decimal(10,2) DEFAULT NULL,
  `tempo_entrega` varchar(255) DEFAULT NULL,
  `status` enum('ativo','inativo') DEFAULT NULL,
  `created_at` timestamp NULL DEFAULT NULL,
  `updated_at` timestamp NULL DEFAULT NULL,
  `deleted_at` timestamp NULL DEFAULT NULL,
  PRIMARY KEY (`id`)
) ENGINE=InnoDB AUTO_INCREMENT=175 DEFAULT CHARSET=utf8mb4 COLLATE=utf8mb4_unicode_ci;

/*Data for the table `regiao_atendidas` */

insert  into `regiao_atendidas`(`id`,`id_franqueado`,`bairro`,`cidade`,`estado`,`valor_entrega_expresso`,`valor_entrega_economico`,`tempo_entrega`,`status`,`created_at`,`updated_at`,`deleted_at`) values 
(10,2,'Centro',' São Paulo ',' SP',10.00,5.00,'5','ativo','2024-07-18 18:06:36','2024-07-18 18:06:36',NULL),
(14,2,'Alphaville Residencial Dois',' Barueri ',' SP',36.00,24.00,'Por gentileza, verifique se o frete expresso está disponível para o bairro solicitado.','inativo','2024-07-26 16:58:09','2024-07-26 16:58:09',NULL),
(18,2,'Tamboré',' Barueri ',' SP',36.00,24.00,'Por gentileza, verifique se o frete expresso está disponível para o bairro solicitado.','inativo','2024-07-26 17:00:50','2024-07-26 17:00:50',NULL),
(19,2,'Alto de Pinheiros',' São Paulo ',' SP',24.00,16.00,'Por gentileza, verifique se o frete expresso está disponível para o bairro solicitado.','ativo','2024-07-26 17:02:06','2024-07-26 17:02:06',NULL),
(20,2,'Aricanduva',' São Paulo ',' SP',24.00,16.00,'Por gentileza, verifique se o frete expresso está disponível para o bairro solicitado.','ativo','2024-07-26 17:02:31','2024-07-26 17:02:31',NULL),
(21,2,'Artur Alvim',' São Paulo ',' SP',24.00,16.00,'Por gentileza, verifique se o frete expresso está disponível para o bairro solicitado.','ativo','2024-07-26 17:02:56','2024-07-26 17:02:56',NULL),
(22,2,'Barra Funda',' São Paulo ',' SP',24.00,16.00,'Por gentileza, verifique se o frete expresso está disponível para o bairro solicitado.','ativo','2024-07-26 17:03:16','2024-07-26 17:03:16',NULL),
(23,2,'Bela Vista',' São Paulo ',' SP',24.00,16.00,'Por gentileza, verifique se o frete expresso está disponível para o bairro solicitado.','ativo','2024-07-26 17:03:39','2024-07-26 17:03:39',NULL),
(24,2,'Bom Retiro',' São Paulo ',' SP',24.00,16.00,'Por gentileza, verifique se o frete expresso está disponível para o bairro solicitado.','ativo','2024-07-26 17:03:55','2024-07-26 17:03:55',NULL),
(25,2,'Bosque da Saúde',' São Paulo ',' SP',24.00,16.00,'Por gentileza, verifique se o frete expresso está disponível para o bairro solicitado.','ativo','2024-07-26 17:04:12','2024-07-26 17:04:12',NULL),
(26,2,'Brás',' São Paulo ',' SP',24.00,16.00,'Por gentileza, verifique se o frete expresso está disponível para o bairro solicitado.','ativo','2024-07-26 17:04:30','2024-07-26 17:04:30',NULL),
(27,2,'Brooklin',' São Paulo ',' SP',24.00,16.00,'Por gentileza, verifique se o frete expresso está disponível para o bairro solicitado.','ativo','2024-07-26 17:04:48','2024-07-26 17:04:48',NULL),
(28,2,'Butantã',' São Paulo ',' SP',24.00,16.00,'Por gentileza, verifique se o frete expresso está disponível para o bairro solicitado.','ativo','2024-07-26 17:05:06','2024-07-26 17:05:06',NULL),
(29,2,'Butantã',' São Paulo ',' SP',24.00,16.00,'Por gentileza, verifique se o frete expresso está disponível para o bairro solicitado.','ativo','2024-07-26 17:05:21','2024-10-11 20:01:53',NULL),
(30,2,'Cambuci',' São Paulo ',' SP',24.00,16.00,'Por gentileza, verifique se o frete expresso está disponível para o bairro solicitado.','ativo','2024-07-26 17:05:38','2024-07-26 17:05:38',NULL),
(31,2,'Campo Limpo',' São Paulo ',' SP',24.00,16.00,'Por gentileza, verifique se o frete expresso está disponível para o bairro solicitado.','ativo','2024-07-26 17:05:55','2024-07-26 17:05:55',NULL),
(32,2,'Capão Redondo',' São Paulo ',' SP',24.00,16.00,'Por gentileza, verifique se o frete expresso está disponível para o bairro solicitado.','ativo','2024-07-26 17:06:52','2024-07-26 17:06:52',NULL),
(33,2,'Chácara Santo Antônio',' São Paulo ',' SP',24.00,16.00,'Por gentileza, verifique se o frete expresso está disponível para o bairro solicitado.','ativo','2024-07-26 17:07:09','2024-07-26 17:07:09',NULL),
(34,2,'Consolação',' São Paulo ',' SP',24.00,16.00,'Por gentileza, verifique se o frete expresso está disponível para o bairro solicitado.','ativo','2024-07-26 17:07:23','2024-07-26 17:07:23',NULL),
(35,2,'Cupecê',' São Paulo ',' SP',24.00,16.00,'Por gentileza, verifique se o frete expresso está disponível para o bairro solicitado.','ativo','2024-07-26 17:07:37','2024-07-26 17:07:37',NULL),
(36,2,'Cursino',' São Paulo ',' SP',24.00,16.00,'Por gentileza, verifique se o frete expresso está disponível para o bairro solicitado.','ativo','2024-07-26 17:07:50','2024-07-26 17:07:50',NULL),
(37,2,'Freguesia do Ó',' São Paulo ',' SP',24.00,16.00,'Por gentileza, verifique se o frete expresso está disponível para o bairro solicitado.','ativo','2024-07-26 17:08:04','2024-07-26 17:08:04',NULL),
(38,2,'Guarapiranga',' São Paulo ',' SP',24.00,16.00,'Por gentileza, verifique se o frete expresso está disponível para o bairro solicitado.','ativo','2024-07-26 17:08:20','2024-07-26 17:08:20',NULL),
(39,2,'Higienópolis',' São Paulo ',' SP',24.00,16.00,'Por gentileza, verifique se o frete expresso está disponível para o bairro solicitado.','ativo','2024-07-26 17:08:40','2024-07-26 17:08:40',NULL),
(40,2,'Ibirapuera',' São Paulo ',' SP',24.00,16.00,'Por gentileza, verifique se o frete expresso está disponível para o bairro solicitado.','ativo','2024-07-26 17:08:55','2024-07-26 17:08:55',NULL),
(41,2,'Ipiranga',' São Paulo ',' SP',24.00,16.00,'Por gentileza, verifique se o frete expresso está disponível para o bairro solicitado.','ativo','2024-07-26 17:09:22','2024-07-26 17:09:22',NULL),
(43,2,'Itaim Bibi',' São Paulo ',' SP',24.00,16.00,'Por gentileza, verifique se o frete expresso está disponível para o bairro solicitado.','ativo','2024-07-26 17:09:53','2024-07-26 17:09:53',NULL),
(44,2,'Jaguaré',' São Paulo ',' SP',24.00,16.00,'Por gentileza, verifique se o frete expresso está disponível para o bairro solicitado.','ativo','2024-07-26 17:14:02','2024-07-26 17:14:02',NULL),
(45,2,'Jardim Cotiana',' São Paulo ',' SP',24.00,16.00,'Por gentileza, verifique se o frete expresso está disponível para o bairro solicitado.','ativo','2024-07-26 17:17:54','2024-07-26 17:17:54',NULL),
(46,2,'Jardim Marajoara',' São Paulo ',' SP',24.00,16.00,'Por gentileza, verifique se o frete expresso está disponível para o bairro solicitado.','ativo','2024-07-26 17:18:09','2024-07-26 17:18:09',NULL),
(47,2,'Jardim Paulista',' São Paulo ',' SP',24.00,16.00,'Por gentileza, verifique se o frete expresso está disponível para o bairro solicitado.','ativo','2024-07-26 17:18:28','2024-07-26 17:18:28',NULL),
(48,1,'Jardim Prudência',' São Paulo ',' SP',24.00,16.00,'Por gentileza, verifique se o frete expresso está disponível para o bairro solicitado.','ativo','2024-07-26 17:18:43','2024-07-26 17:18:43',NULL),
(49,2,'Lapa',' São Paulo ',' SP',24.00,16.00,'Por gentileza, verifique se o frete expresso está disponível para o bairro solicitado.','ativo','2024-07-26 17:18:56','2024-07-26 17:18:56',NULL),
(50,2,'Liberdade',' São Paulo ',' SP',24.00,16.00,'Por gentileza, verifique se o frete expresso está disponível para o bairro solicitado.','ativo','2024-07-26 17:19:11','2024-07-26 17:19:11',NULL),
(51,2,'Mandaqui',' São Paulo ',' SP',24.00,16.00,'Por gentileza, verifique se o frete expresso está disponível para o bairro solicitado.','ativo','2024-07-26 17:19:27','2024-07-26 17:19:27',NULL),
(52,2,'Morumbi',' São Paulo ',' SP',24.00,16.00,'Por gentileza, verifique se o frete expresso está disponível para o bairro solicitado.','ativo','2024-07-26 17:19:42','2024-07-26 17:19:42',NULL),
(53,2,'Paraíso',' São Paulo ',' SP',24.00,16.00,'Por gentileza, verifique se o frete expresso está disponível para o bairro solicitado.','ativo','2024-07-26 17:20:11','2024-07-26 17:20:11',NULL),
(54,2,'Perdizes',' São Paulo ',' SP',24.00,16.00,'Por gentileza, verifique se o frete expresso está disponível para o bairro solicitado.','ativo','2024-07-26 17:20:28','2024-07-26 17:20:28',NULL),
(55,2,'Pompeia',' São Paulo ',' SP',24.00,16.00,'Por gentileza, verifique se o frete expresso está disponível para o bairro solicitado.','ativo','2024-07-26 17:20:44','2024-07-26 17:20:44',NULL),
(56,2,'Raposo Tavares',' São Paulo ',' SP',24.00,16.00,'Por gentileza, verifique se o frete expresso está disponível para o bairro solicitado.','ativo','2024-07-26 17:20:59','2024-07-26 17:20:59',NULL),
(57,2,'República',' São Paulo ',' SP',24.00,16.00,'Por gentileza, verifique se o frete expresso está disponível para o bairro solicitado.','ativo','2024-07-26 17:21:13','2024-07-26 17:21:13',NULL),
(58,2,'Rio Pequeno',' São Paulo ',' SP',24.00,16.00,'Por gentileza, verifique se o frete expresso está disponível para o bairro solicitado.','ativo','2024-07-26 17:21:29','2024-07-26 17:21:29',NULL),
(59,2,'Sacomã',' São Paulo ',' SP',24.00,16.00,'Por gentileza, verifique se o frete expresso está disponível para o bairro solicitado.','ativo','2024-07-26 17:21:41','2024-07-26 17:21:41',NULL),
(60,2,'Santa Cecilia',' São Paulo ',' SP',24.00,16.00,'Por gentileza, verifique se o frete expresso está disponível para o bairro solicitado.','ativo','2024-07-26 17:21:57','2024-07-26 17:21:57',NULL),
(61,2,'Santo Amaro',' São Paulo ',' SP',24.00,16.00,'Por gentileza, verifique se o frete expresso está disponível para o bairro solicitado.','ativo','2024-07-26 17:22:11','2024-07-26 17:22:11',NULL),
(62,2,'Sé',' São Paulo ',' SP',24.00,16.00,'Por gentileza, verifique se o frete expresso está disponível para o bairro solicitado.','ativo','2024-07-26 17:22:28','2024-07-26 17:22:28',NULL),
(63,2,'Socorro',' São Paulo',' SP',24.00,16.00,'Por gentileza, verifique se o frete expresso está disponível para o bairro solicitado.','ativo','2024-07-26 17:22:42','2024-07-26 17:22:42',NULL),
(64,2,'Subprefeitura de Jaçanã/Tremembé',' São Paulo ',' SP',24.00,16.00,'Por gentileza, verifique se o frete expresso está disponível para o bairro solicitado.','ativo','2024-07-26 17:23:24','2024-07-26 17:23:24',NULL),
(65,2,'Tatuapé',' São Paulo ',' SP',24.00,16.00,'Por gentileza, verifique se o frete expresso está disponível para o bairro solicitado.','ativo','2024-07-26 17:24:05','2024-07-26 17:24:05',NULL),
(66,2,'Tucuruvi',' São Paulo ',' SP',24.00,16.00,'Por gentileza, verifique se o frete expresso está disponível para o bairro solicitado.','ativo','2024-07-26 17:24:22','2024-07-26 17:24:22',NULL),
(67,2,'Vila Andrade',' São Paulo ',' SP',24.00,16.00,'Por gentileza, verifique se o frete expresso está disponível para o bairro solicitado.','ativo','2024-07-26 17:24:44','2024-07-26 17:24:44',NULL),
(68,2,'Vila Buarque',' São Paulo ',' SP',24.00,16.00,'Por gentileza, verifique se o frete expresso está disponível para o bairro solicitado.','ativo','2024-07-26 17:25:01','2024-07-26 17:25:01',NULL),
(70,2,'Vila Carrão',' São Paulo ',' SP',24.00,16.00,'Por gentileza, verifique se o frete expresso está disponível para o bairro solicitado.','ativo','2024-07-26 17:26:03','2024-07-26 17:26:03',NULL),
(71,2,'Vila Clementino',' São Paulo ',' SP',24.00,16.00,'Por gentileza, verifique se o frete expresso está disponível para o bairro solicitado.','ativo','2024-07-26 17:26:23','2024-07-26 17:26:23',NULL),
(72,2,'Vila das Belezas',' São Paulo ',' SP',24.00,16.00,'Por gentileza, verifique se o frete expresso está disponível para o bairro solicitado.','ativo','2024-07-26 17:26:41','2024-07-26 17:26:41',NULL),
(73,2,'Vila dos Remedios',' São Paulo ',' SP',24.00,16.00,'Por gentileza, verifique se o frete expresso está disponível para o bairro solicitado.','ativo','2024-07-26 17:27:00','2024-07-26 17:27:00',NULL),
(74,2,'Vila Ester (Zona Norte)',' São Paulo ',' SP',24.00,16.00,'Por gentileza, verifique se o frete expresso está disponível para o bairro solicitado.','ativo','2024-07-26 17:27:15','2024-07-26 17:27:15',NULL),
(75,2,'Vila Guilherme',' São Paulo ',' SP',24.00,16.00,'Por gentileza, verifique se o frete expresso está disponível para o bairro solicitado.','ativo','2024-07-26 17:27:29','2024-07-26 17:27:29',NULL),
(76,2,'Vila Jaguara',' São Paulo ',' SP',24.00,16.00,'Por gentileza, verifique se o frete expresso está disponível para o bairro solicitado.','ativo','2024-07-26 17:27:47','2024-07-26 17:27:47',NULL),
(77,2,'Vila Leopoldina',' São Paulo ',' SP',24.00,16.00,'Por gentileza, verifique se o frete expresso está disponível para o bairro solicitado.','ativo','2024-07-26 17:28:03','2024-07-26 17:28:03',NULL),
(78,2,'Vila Madalena',' São Paulo ',' SP',24.00,16.00,'Por gentileza, verifique se o frete expresso está disponível para o bairro solicitado.','ativo','2024-07-26 17:28:20','2024-07-26 17:28:20',NULL),
(79,2,'Vila Mariana',' São Paulo ',' SP',24.00,16.00,'Por gentileza, verifique se o frete expresso está disponível para o bairro solicitado.','ativo','2024-07-26 17:28:37','2024-07-26 17:28:37',NULL),
(82,2,'Vila Matilde',' São Paulo ',' SP',24.00,16.00,'Por gentileza, verifique se o frete expresso está disponível para o bairro solicitado.','ativo','2024-07-26 17:29:07','2024-07-26 17:29:07',NULL),
(83,2,'Vila Medeiros',' São Paulo ',' SP',24.00,16.00,'Por gentileza, verifique se o frete expresso está disponível para o bairro solicitado.','ativo','2024-07-26 17:29:20','2024-07-26 17:29:20',NULL),
(84,2,'Vila Monumento',' São Paulo ',' SP',24.00,16.00,'Por gentileza, verifique se o frete expresso está disponível para o bairro solicitado.','ativo','2024-07-26 17:29:36','2024-07-26 17:29:36',NULL),
(85,2,'Vila Nhocuné',' São Paulo ',' SP',24.00,16.00,'Por gentileza, verifique se o frete expresso está disponível para o bairro solicitado.','ativo','2024-07-26 17:29:51','2024-07-26 17:29:51',NULL),
(86,2,'Vila Olímpia',' São Paulo ',' SP',24.00,16.00,'Por gentileza, verifique se o frete expresso está disponível para o bairro solicitado.','ativo','2024-07-26 17:30:08','2024-07-26 17:30:08',NULL),
(87,2,'Vila Ré',' São Paulo ',' SP',24.00,16.00,'Por gentileza, verifique se o frete expresso está disponível para o bairro solicitado.','ativo','2024-07-26 17:30:24','2024-07-26 17:30:24',NULL),
(88,2,'Vila Sonia',' São Paulo ',' SP',24.00,16.00,'Por gentileza, verifique se o frete expresso está disponível para o bairro solicitado.','ativo','2024-07-26 17:30:40','2024-07-26 17:30:40',NULL),
(89,2,'Alves Dias',' São Bernardo do Campo ',' SP',24.00,16.00,'Por gentileza, verifique se o frete expresso está disponível para o bairro solicitado.','inativo','2024-07-26 17:31:25','2024-07-26 17:31:25',NULL),
(90,2,'Anchieta',' São Bernardo do Campo ',' SP',24.00,16.00,'Por gentileza, verifique se o frete expresso está disponível para o bairro solicitado.','inativo','2024-07-26 17:31:51','2024-07-26 17:31:51',NULL),
(91,2,'Assunção',' São Bernardo do Campo ',' SP',24.00,16.00,'Por gentileza, verifique se o frete expresso está disponível para o bairro solicitado.','inativo','2024-07-26 17:32:08','2024-07-26 17:32:08',NULL),
(92,2,'Baeta Neves',' São Bernardo do Campo ',' SP',24.00,16.00,'Por gentileza, verifique se o frete expresso está disponível para o bairro solicitado.','inativo','2024-07-26 17:32:23','2024-07-26 17:32:23',NULL),
(93,2,'Batistini',' São Bernardo do Campo ',' SP',24.00,16.00,'Por gentileza, verifique se o frete expresso está disponível para o bairro solicitado.','inativo','2024-07-26 17:32:37','2024-07-26 17:32:37',NULL),
(94,2,'Botujuru',' São Bernardo do Campo ',' SP',24.00,16.00,'Por gentileza, verifique se o frete expresso está disponível para o bairro solicitado.','inativo','2024-07-26 17:32:51','2024-07-26 17:32:51',NULL),
(95,2,'Centro',' São Bernardo do Campo ',' SP',24.00,16.00,'Por gentileza, verifique se o frete expresso está disponível para o bairro solicitado.','inativo','2024-07-26 17:33:16','2024-07-26 17:33:16',NULL),
(96,2,'Cooperativa',' São Bernardo do Campo ',' SP',24.00,16.00,'Por gentileza, verifique se o frete expresso está disponível para o bairro solicitado.','inativo','2024-07-26 17:33:31','2024-07-26 17:33:31',NULL),
(97,2,'Demarchi',' São Bernardo do Campo ',' SP',24.00,16.00,'Por gentileza, verifique se o frete expresso está disponível para o bairro solicitado.','inativo','2024-07-26 17:33:45','2024-07-26 17:33:45',NULL),
(98,2,'Dos Casa',' São Bernardo do Campo ',' SP',24.00,16.00,'Por gentileza, verifique se o frete expresso está disponível para o bairro solicitado.','inativo','2024-07-26 17:34:00','2024-07-26 17:34:00',NULL),
(99,2,'Ferrazópolis',' São Bernardo do Campo ',' SP',24.00,16.00,'Por gentileza, verifique se o frete expresso está disponível para o bairro solicitado.','inativo','2024-07-26 17:34:17','2024-07-26 17:34:17',NULL),
(100,2,'Independência',' São Bernardo do Campo ',' SP',24.00,16.00,'Por gentileza, verifique se o frete expresso está disponível para o bairro solicitado.','inativo','2024-07-26 17:34:51','2024-07-26 17:34:51',NULL),
(101,2,'Montanhão',' São Bernardo do Campo ',' SP',24.00,16.00,'Por gentileza, verifique se o frete expresso está disponível para o bairro solicitado.','inativo','2024-07-26 17:35:02','2024-07-26 17:35:02',NULL),
(102,2,'Nova Petrópolis',' São Bernardo do Campo ',' SP',24.00,16.00,'Por gentileza, verifique se o frete expresso está disponível para o bairro solicitado.','inativo','2024-07-26 17:35:15','2024-07-26 17:35:15',NULL),
(103,2,'Paulicéia',' São Bernardo do Campo ',' SP',24.00,16.00,'Por gentileza, verifique se o frete expresso está disponível para o bairro solicitado.','inativo','2024-07-26 17:35:29','2024-07-26 17:35:29',NULL),
(104,2,'Planalto',' São Bernardo do Campo ',' SP',24.00,16.00,'Por gentileza, verifique se o frete expresso está disponível para o bairro solicitado.','inativo','2024-07-26 17:35:57','2024-07-26 17:35:57',NULL),
(105,2,'Rudge Ramos',' São Bernardo do Campo ',' SP',24.00,16.00,'Por gentileza, verifique se o frete expresso está disponível para o bairro solicitado.','inativo','2024-07-26 17:36:11','2024-07-26 17:36:11',NULL),
(106,2,'Taboão',' São Bernardo do Campo ',' SP',24.00,16.00,'Por gentileza, verifique se o frete expresso está disponível para o bairro solicitado.','inativo','2024-07-26 17:36:25','2024-07-26 17:36:25',NULL),
(107,2,'Vila Jordanopolis',' São Bernardo do Campo ',' SP',24.00,16.00,'Por gentileza, verifique se o frete expresso está disponível para o bairro solicitado.','inativo','2024-07-26 17:36:39','2024-07-26 17:36:39',NULL),
(108,2,'Bela Vista',' Osasco ',' SP',24.00,16.00,'Por gentileza, verifique se o frete expresso está disponível para o bairro solicitado.','inativo','2024-07-26 17:37:33','2024-07-26 17:37:33',NULL),
(109,2,'Bussocaba',' Osasco ',' SP',24.00,16.00,'Por gentileza, verifique se o frete expresso está disponível para o bairro solicitado.','inativo','2024-07-26 17:37:53','2024-07-26 17:37:53',NULL),
(110,2,'Bussocaba',' Osasco ',' SP',24.00,16.00,'Por gentileza, verifique se o frete expresso está disponível para o bairro solicitado.','inativo','2024-07-26 17:38:08','2024-07-26 17:38:08',NULL),
(111,2,'City Bussocaba',' Osasco ',' SP',24.00,16.00,'Por gentileza, verifique se o frete expresso está disponível para o bairro solicitado.','inativo','2024-07-26 17:38:30','2024-07-26 17:38:30',NULL),
(112,2,'Conceicao',' Osasco ',' SP',24.00,16.00,'Por gentileza, verifique se o frete expresso está disponível para o bairro solicitado.','inativo','2024-07-26 17:38:48','2024-07-26 17:38:48',NULL),
(113,2,'Jaguaribe',' Osasco ',' SP',24.00,16.00,'Por gentileza, verifique se o frete expresso está disponível para o bairro solicitado.','inativo','2024-07-26 17:39:04','2024-07-26 17:39:04',NULL),
(114,2,'Presidente Altino',' Osasco ',' SP',24.00,16.00,'Por gentileza, verifique se o frete expresso está disponível para o bairro solicitado.','inativo','2024-07-26 17:39:22','2024-07-26 17:39:22',NULL),
(115,2,'Vila Osasco',' Osasco ',' SP',24.00,16.00,'Por gentileza, verifique se o frete expresso está disponível para o bairro solicitado.','inativo','2024-07-26 17:39:35','2024-07-26 17:39:35',NULL),
(116,2,'Vila Yara',' Osasco ',' SP',24.00,16.00,'Por gentileza, verifique se o frete expresso está disponível para o bairro solicitado.','inativo','2024-07-26 17:39:49','2024-07-26 17:39:49',NULL),
(117,2,'Campanário',' Diadema ',' SP',24.00,16.00,'Por gentileza, verifique se o frete expresso está disponível para o bairro solicitado.','inativo','2024-07-26 17:40:08','2024-07-26 17:40:08',NULL),
(118,2,'Canhema',' Diadema ',' SP',24.00,16.00,'Por gentileza, verifique se o frete expresso está disponível para o bairro solicitado.','inativo','2024-07-26 17:40:28','2024-07-26 17:40:28',NULL),
(119,2,'Casa Grande',' Diadema ',' SP',24.00,16.00,'Por gentileza, verifique se o frete expresso está disponível para o bairro solicitado.','inativo','2024-07-26 17:40:42','2024-07-26 17:40:42',NULL),
(120,2,'Centro',' Diadema ',' SP',24.00,16.00,'Por gentileza, verifique se o frete expresso está disponível para o bairro solicitado.','inativo','2024-07-26 17:40:57','2024-07-26 17:40:57',NULL),
(121,2,'Conceição',' Diadema ',' SP',24.00,16.00,'Por gentileza, verifique se o frete expresso está disponível para o bairro solicitado.','inativo','2024-07-26 17:41:13','2024-07-26 17:41:13',NULL),
(122,2,'Eldorado',' Diadema ',' SP',24.00,16.00,'Por gentileza, verifique se o frete expresso está disponível para o bairro solicitado.','inativo','2024-07-26 17:41:33','2024-07-26 17:41:33',NULL),
(123,2,'Inamar',' Diadema ',' SP',24.00,16.00,'Por gentileza, verifique se o frete expresso está disponível para o bairro solicitado.','inativo','2024-07-26 17:44:49','2024-07-26 17:44:49',NULL),
(124,2,'Piraporinha',' Diadema ',' SP',24.00,16.00,'Por gentileza, verifique se o frete expresso está disponível para o bairro solicitado.','inativo','2024-07-26 17:45:10','2024-07-26 17:45:10',NULL),
(125,2,'Campestre',' Santo André ',' SP',24.00,16.00,'Por gentileza, verifique se o frete expresso está disponível para o bairro solicitado.','inativo','2024-07-26 17:45:36','2024-07-26 17:45:36',NULL),
(126,2,'Centro',' Santo André ',' SP',24.00,16.00,'Por gentileza, verifique se o frete expresso está disponível para o bairro solicitado.','inativo','2024-07-26 17:46:01','2024-07-26 17:46:01',NULL),
(127,2,'Jardim Alzira Franco',' Santo André ',' SP',24.00,16.00,'Por gentileza, verifique se o frete expresso está disponível para o bairro solicitado.','inativo','2024-07-26 17:46:17','2024-07-26 17:46:17',NULL),
(128,2,'Jardim Ana Maria',' Santo André ',' SP',24.00,16.00,'Por gentileza, verifique se o frete expresso está disponível para o bairro solicitado.','inativo','2024-07-26 17:46:33','2024-07-26 17:46:33',NULL),
(129,2,'Jardim Bela Vista',' Santo André ',' SP',24.00,16.00,'Por gentileza, verifique se o frete expresso está disponível para o bairro solicitado.','inativo','2024-07-26 17:46:52','2024-07-26 17:46:52',NULL),
(130,2,'Jardim Bom Pastor',' Santo André ',' SP',24.00,16.00,'Por gentileza, verifique se o frete expresso está disponível para o bairro solicitado.','inativo','2024-07-26 17:47:05','2024-07-26 17:47:05',NULL),
(131,2,'Jardim Stella',' Santo André ',' SP',24.00,16.00,'Por gentileza, verifique se o frete expresso está disponível para o bairro solicitado.','inativo','2024-07-26 17:47:17','2024-07-26 17:47:17',NULL),
(132,2,'Jardim Utinga',' Santo André ',' SP',24.00,16.00,'Por gentileza, verifique se o frete expresso está disponível para o bairro solicitado.','inativo','2024-07-26 17:47:28','2024-07-26 17:47:28',NULL),
(133,2,'Parque Gerassi',' Santo André ',' SP',24.00,16.00,'Por gentileza, verifique se o frete expresso está disponível para o bairro solicitado.','inativo','2024-07-26 17:47:42','2024-07-26 17:47:42',NULL),
(134,2,'Parque Jaçatuba',' Santo André ',' SP',24.00,16.00,'Por gentileza, verifique se o frete expresso está disponível para o bairro solicitado.','inativo','2024-07-26 17:47:55','2024-07-26 17:47:55',NULL),
(135,2,'Parque João Ramalho',' Santo André ',' SP',24.00,16.00,'Por gentileza, verifique se o frete expresso está disponível para o bairro solicitado.','inativo','2024-07-26 17:48:11','2024-07-26 17:48:11',NULL),
(136,2,'Parque Marajoara',' Santo André ',' SP',24.00,16.00,'Por gentileza, verifique se o frete expresso está disponível para o bairro solicitado.','inativo','2024-07-26 17:48:28','2024-07-26 17:48:28',NULL),
(137,2,'Vila Gilda',' Santo André ',' SP',24.00,16.00,'Por gentileza, verifique se o frete expresso está disponível para o bairro solicitado.','inativo','2024-07-26 17:48:46','2024-07-26 17:48:46',NULL),
(138,2,'Vila Guarani',' Santo André ',' SP',24.00,16.00,'Por gentileza, verifique se o frete expresso está disponível para o bairro solicitado.','inativo','2024-07-26 17:49:05','2024-07-26 17:49:05',NULL),
(139,2,'Vila Guiomar',' Santo André ',' SP',24.00,16.00,'Por gentileza, verifique se o frete expresso está disponível para o bairro solicitado.','inativo','2024-07-26 17:49:17','2024-07-26 17:49:17',NULL),
(140,2,'Vila Helena',' Santo André ',' SP',24.00,16.00,'Por gentileza, verifique se o frete expresso está disponível para o bairro solicitado.','inativo','2024-07-26 17:49:33','2024-07-26 17:49:33',NULL),
(141,2,'Vila Homero Thon',' Santo André ',' SP',24.00,16.00,'Por gentileza, verifique se o frete expresso está disponível para o bairro solicitado.','inativo','2024-07-26 17:49:46','2024-07-26 17:49:46',NULL),
(142,2,'Granja Viana',' Cotia ',' SP',24.00,16.00,'Por gentileza, verifique se o frete expresso está disponível para o bairro solicitado.','inativo','2024-07-26 17:50:06','2024-07-26 17:50:06',NULL),
(143,2,'Jardim Flor da Montanha',' Guarulhos ',' SP',24.00,16.00,'Por gentileza, verifique se o frete expresso está disponível para o bairro solicitado.','inativo','2024-07-26 17:52:07','2024-07-26 17:52:07',NULL),
(144,2,'Macedo',' Guarulhos ',' SP',24.00,16.00,'Por gentileza, verifique se o frete expresso está disponível para o bairro solicitado.','inativo','2024-07-26 17:52:26','2024-07-26 17:52:26',NULL),
(145,2,'Ponte Grande',' Guarulhos ',' SP',24.00,16.00,'Por gentileza, verifique se o frete expresso está disponível para o bairro solicitado.','inativo','2024-07-26 17:52:39','2024-07-26 17:52:39',NULL),
(146,2,'Vila Augusta',' Guarulhos ',' SP',24.00,16.00,'Por gentileza, verifique se o frete expresso está disponível para o bairro solicitado.','inativo','2024-07-26 17:52:51','2024-07-26 17:52:51',NULL),
(147,2,'Vila Galvão',' Guarulhos ',' SP',24.00,16.00,'Por gentileza, verifique se o frete expresso está disponível para o bairro solicitado.','inativo','2024-07-26 17:53:05','2024-07-26 17:53:05',NULL),
(148,2,'Vila Rosalia',' Guarulhos ',' SP',24.00,16.00,'Por gentileza, verifique se o frete expresso está disponível para o bairro solicitado.','inativo','2024-07-26 17:53:21','2024-07-26 17:53:21',NULL),
(149,2,'Santo Antônio',' São Caetano do Sul ',' SP',24.00,16.00,'Por gentileza, verifique se o frete expresso está disponível para o bairro solicitado.','inativo','2024-07-26 17:53:44','2024-07-26 17:53:44',NULL),
(150,2,'Taguatinga Norte - Taguatinga',' Brasília ',' DF',24.00,16.00,'Por gentileza, verifique se o frete expresso está disponível para o bairro solicitado.','inativo','2024-07-26 17:53:59','2024-07-26 17:53:59',NULL),
(152,2,'Itaquera',' São Paulo ',' SP',24.00,16.00,'5','ativo','2024-10-11 19:04:12','2024-10-11 19:04:12',NULL),
(153,2,'Vila Brasilina',' São Paulo ',' SP',24.00,16.00,'5','ativo','2024-10-11 19:34:06','2024-10-11 19:34:06',NULL),
(154,2,'Vila Progresso',' São Paulo ',' SP',24.00,16.00,'5','ativo','2024-10-11 19:35:46','2024-10-11 19:35:46',NULL),
(155,2,'Taboão da Serra',' SP',NULL,24.00,16.00,'5','ativo','2024-10-11 19:54:51','2024-10-11 19:54:51',NULL),
(156,2,'São Bernardo do Campo',' SP',NULL,24.00,16.00,'5','ativo','2024-10-11 19:55:02','2024-10-11 19:55:02',NULL),
(157,2,'Mauá',' SP',NULL,24.00,16.00,'5','ativo','2024-10-11 19:55:13','2024-10-11 19:55:13',NULL),
(158,2,'Santo André',' SP',NULL,24.00,16.00,'5','ativo','2024-10-11 19:55:26','2024-10-11 19:55:26',NULL),
(159,2,'Jardim Analia Franco',' São Paulo ',' SP',24.00,16.00,'5','ativo','2024-10-11 19:55:49','2024-10-11 19:55:49',NULL),
(160,2,'Cidade Patriarca',' São Paulo ',' SP',24.00,16.00,'5','ativo','2024-10-11 19:56:48','2024-10-11 19:56:48',NULL),
(161,2,'Vila Formosa',' São Paulo ',' SP',24.00,16.00,'5','ativo','2024-10-11 19:57:33','2024-10-11 19:57:33',NULL),
(162,2,'Carandiru',' São Paulo ',' SP',24.00,16.00,'5','ativo','2024-10-11 19:59:09','2024-10-11 19:59:09',NULL),
(163,2,'Santana',' São Paulo ',' SP',24.00,16.00,'5','ativo','2024-10-11 19:59:50','2024-10-11 19:59:50',NULL),
(164,2,'Interlagos',' São Paulo ',' SP',24.00,16.00,'5','ativo','2024-10-11 20:00:22','2024-10-11 20:00:22',NULL),
(165,2,'Cidade Dutra',' São Paulo ',' SP',24.00,16.00,'5','ativo','2024-10-11 20:00:52','2024-10-11 20:00:52',NULL),
(166,2,'Cidade Antônio Estêvão de Carvalho',' São Paulo ',' SP',24.00,16.00,'5','ativo','2024-10-11 20:01:09','2024-10-11 20:01:09',NULL),
(167,2,'Água Rasa',' São Paulo ',' SP',24.00,16.00,'5','ativo','2024-10-11 20:02:39','2024-10-11 20:02:39',NULL),
(168,2,'Belém',' São Paulo ',' SP',24.00,16.00,'5','ativo','2024-10-11 20:05:36','2024-10-11 20:05:36',NULL),
(169,2,'Penha',' São Paulo ',' SP',24.00,16.00,'5','ativo','2024-10-11 20:06:08','2024-10-11 20:06:08',NULL),
(170,2,'Mooca',' São Paulo ',' SP',24.00,16.00,'5','ativo','2024-10-11 20:06:27','2024-10-11 20:06:27',NULL),
(171,2,'Alto da Mooca',' São Paulo ',' SP',24.00,16.00,'5','ativo','2024-10-11 20:06:59','2024-10-11 20:06:59',NULL),
(172,2,'Lageado',' São Paulo ',' SP',24.00,16.00,'5','ativo','2024-10-11 20:08:21','2024-10-11 20:08:21',NULL),
(173,2,'Cumbica',' Guarulhos ',' SP',24.00,16.00,'5','ativo','2024-10-11 20:10:30','2024-10-11 20:10:30',NULL),
(174,2,'Cachoeirinha - Vila Bela Vista',' São Paulo ',' SP',24.00,16.00,'5','ativo','2024-10-11 20:11:19','2024-10-11 20:11:19',NULL);

/*Table structure for table `users` */

DROP TABLE IF EXISTS `users`;

CREATE TABLE `users` (
  `id` bigint(20) unsigned NOT NULL AUTO_INCREMENT,
  `id_franquia` int(11) DEFAULT NULL,
  `name` varchar(255) NOT NULL,
  `email` varchar(255) NOT NULL,
  `email_verified_at` timestamp NULL DEFAULT NULL,
  `password` varchar(255) DEFAULT NULL,
  `status` enum('ativo','inativo') NOT NULL DEFAULT 'ativo',
  `role` enum('master','admin','user','franqueado') NOT NULL DEFAULT 'user',
  `remember_token` varchar(100) DEFAULT NULL,
  `created_at` timestamp NULL DEFAULT NULL,
  `updated_at` timestamp NULL DEFAULT NULL,
  `deleted_at` timestamp NULL DEFAULT NULL,
  PRIMARY KEY (`id`),
  UNIQUE KEY `users_email_unique` (`email`)
) ENGINE=InnoDB AUTO_INCREMENT=25 DEFAULT CHARSET=utf8mb4 COLLATE=utf8mb4_unicode_ci;

/*Data for the table `users` */

insert  into `users`(`id`,`id_franquia`,`name`,`email`,`email_verified_at`,`password`,`status`,`role`,`remember_token`,`created_at`,`updated_at`,`deleted_at`) values 
(1,NULL,'Admin','Admin@admin.com',NULL,'$2y$10$73mmZFK67gvUqiy7MzxY.udUBFFG1OQ37s888KF3OX2mYZmZJf8e2','ativo','master',NULL,NULL,'2024-08-15 19:39:54',NULL),
(10,NULL,'Manuel Otávio Monteiro','manuel_otavio_monteiro@ft.unicamp.br',NULL,'$2y$10$stJzwZ2jBu0BL3MPPEF9i.5hJ2TJ2rGaAnzQNA4BecoOPC0IcHYBa','inativo','user',NULL,'2024-06-19 14:11:50','2024-09-12 19:19:54','2024-09-12 19:19:54'),
(11,NULL,'Nicolly Ginevro de Souza','nicolly@dvelopers.com.br',NULL,'$2y$10$vAeJDc1zRcReSwcMCYDhtOv75G3Sd4HhQmSx6sdsNBc647SFIuVF2','inativo','user',NULL,'2024-06-19 18:42:50','2024-09-12 19:19:59','2024-09-12 19:19:59'),
(12,2,'Selma Santos Rocha','triptoys@outlook.com',NULL,'$2y$10$2P9fyC7CzE4FPVQLztAL6e9C5wIBYN.vZdOPnjxU05RPn/ByHr/bO','ativo','franqueado','oc8NKvxGy6DyMGQ00vhD5SehdbUBckjTLtR4QQ6sRgX8O83YofB17bBcKy3O',NULL,'2024-09-17 20:54:33',NULL),
(13,NULL,'teste cliente','teste@teste.com',NULL,'$2y$10$0GWSX5KPpO7XwgyFE1nYVedZ7NvUCE4HtI0ziyFzJbOKNt4WpcEWe','inativo','user',NULL,'2024-07-03 20:45:28','2024-09-12 19:20:08','2024-09-12 19:20:08'),
(15,NULL,'Admin Facilitrip','admin@facilitrip.com.br',NULL,'$2y$10$DktjGjVh.W1B4BCnPGATyuBX32mH3B9F7cmckJZcvX6kRadMApvtO','ativo','admin',NULL,NULL,'2024-09-17 20:26:43',NULL),
(16,NULL,'','',NULL,'','inativo','user',NULL,NULL,'2024-09-12 19:20:02','2024-09-12 19:20:02'),
(17,NULL,'Andressa Ginevro de Souza','dede.ginevro@gmail.com',NULL,'$2y$10$4H97iUEBZksPEtf1yr75ruSPxr0r9PHa1X/oRz4YzLrz8J/lohOGy','ativo','user',NULL,'2024-08-22 13:58:19','2024-09-12 19:20:11','2024-09-12 19:20:11'),
(18,NULL,'Selma Santos Rocha','selmatkd@hotmail.com',NULL,'$2y$10$4VmdKamf/ZhGcmGwp1RpbOfb6NXBuVnKDMWf3e.0XufgHfIf7lvX.','ativo','user',NULL,'2024-09-16 19:39:03','2024-09-16 19:39:03',NULL),
(19,NULL,'Thamires Canedo Victor','thamirescanedo70@gmail.com',NULL,'$2y$10$2mZi6K3GJQodjNc8iZzxp.MCjJ/gGRZ2eeIYbNu4bv/Silfh6bJyy','ativo','user',NULL,'2024-09-16 19:46:45','2024-09-18 12:36:01',NULL),
(20,2,'andressa','ddfdffdf@dssss',NULL,'$2y$10$PbqMR8sdRoSfcyPVV/Vp2ePMAssoVa/9rcv3MM.AV5pH/tRFrvR4m','ativo','franqueado',NULL,'2024-09-17 20:00:45','2024-09-17 20:02:02','2024-09-17 20:02:02'),
(21,NULL,'andressa','ddfdffdf@22dssss',NULL,'$2y$10$KIGwDsUOKJwDAmw9iCxXs.J/IvsrW/f113C89sHtxjDxARq2t44QW','ativo','admin',NULL,'2024-09-17 20:33:30','2024-09-18 12:35:12','2024-09-18 12:35:12'),
(22,NULL,'andressa','ddfdffdf@d3ssss',NULL,NULL,'ativo','user',NULL,'2024-09-30 17:02:11','2024-09-30 17:02:11',NULL),
(23,NULL,'Matheus Freitas de Oliveira','matheus.oliveira8896@gmail.com',NULL,'$2y$10$1fWp1EulO5LJ/z7q1w87nOQqFQwVCmpM67KAw5fyCLzlGfr/w2neG','ativo','user',NULL,'2024-10-10 19:36:20','2024-10-10 19:36:20',NULL),
(24,NULL,'Matheus Gomes','teste@dvelopersteste.com.br',NULL,'$2y$10$wILxkBFoVj01Cj6m.tEmb.DbEF7U5Tqehe3C8ovF1Iu2sUv/fb01e','ativo','user',NULL,'2024-10-14 13:00:00','2024-10-14 13:00:00',NULL);

/*!40101 SET SQL_MODE=@OLD_SQL_MODE */;
/*!40014 SET FOREIGN_KEY_CHECKS=@OLD_FOREIGN_KEY_CHECKS */;
/*!40014 SET UNIQUE_CHECKS=@OLD_UNIQUE_CHECKS */;
/*!40111 SET SQL_NOTES=@OLD_SQL_NOTES */;
